Dates,GOAULNAM Index,GOAULNPM Index
3/20/2015,1171.75,1183.1
3/23/2015,1181.4,1186.25
3/24/2015,1193.25,1191.5
3/25/2015,1192.55,1195.6
3/26/2015,1209.4,1203.15
3/27/2015,1198,1195.75
3/30/2015,1187.4,1185.5
3/31/2015,1179.25,1187
4/1/2015,1181.25,1197
4/2/2015,1201.5,1198.5
4/3/2015,1201.5,1198.5
4/6/2015,1201.5,1198.5
4/7/2015,1208.5,1211
4/8/2015,1211.1,1207.25
4/9/2015,1196,1194.8
4/10/2015,1201.9,1207.35
4/13/2015,1197.85,1198.9
4/14/2015,1191.45,1194.75
4/15/2015,1189.85,1192.9
4/16/2015,1204.6,1204.35
4/17/2015,1204.55,1203.35
4/20/2015,1203.25,1196.5
4/21/2015,1197.7,1195.3
4/22/2015,1202.4,1189.25
4/23/2015,1187.75,1185.75
4/24/2015,1192.15,1183
4/27/2015,1182.75,1200
4/28/2015,1201.4,1209
4/29/2015,1204.8,1209
4/30/2015,1204.3,1180.25
5/1/2015,1179,1175.95
5/4/2015,1179,1175.95
5/5/2015,1187.4,1197
5/6/2015,1191.25,1194.25
5/7/2015,1183,1187
5/8/2015,1185.25,1186
5/11/2015,1184.75,1189.25
5/12/2015,1184.45,1191.5
5/13/2015,1193,1210.5
5/14/2015,1214.75,1225
5/15/2015,1216.3,1220.5
5/18/2015,1228.15,1223.5
5/19/2015,1219.65,1214.3
5/20/2015,1206.75,1210.5
5/21/2015,1209.6,1205
5/22/2015,1211,1204.1
5/25/2015,1211,1204.1
5/26/2015,1194,1185.4
5/27/2015,1187.85,1185.85
5/28/2015,1189.45,1185
5/29/2015,1190.4,1191.4
6/1/2015,1187.3,1199.9
6/2/2015,1188.75,1192.8
6/3/2015,1186.6,1190
6/4/2015,1182.45,1176
6/5/2015,1175.9,1164.6
6/8/2015,1173.4,1172.8
6/9/2015,1181,1177.4
6/10/2015,1186,1188.5
6/11/2015,1180.5,1178.5
6/12/2015,1179.25,1182.8
6/15/2015,1178.25,1181.4
6/16/2015,1182.1,1177.75
6/17/2015,1178.5,1178
6/18/2015,1198,1201.85
6/19/2015,1198.15,1203.4
6/22/2015,1193.7,1185.5
6/23/2015,1183.35,1178
6/24/2015,1175.75,1173.75
6/25/2015,1174.6,1172.65
6/26/2015,1174.4,1170.5
6/29/2015,1176.5,1176
6/30/2015,1175,1171
7/1/2015,1171.7,1168
7/2/2015,1164.3,1165.25
7/3/2015,1168.25,1167.95
7/6/2015,1164.25,1166
7/7/2015,1166.25,1156.25
7/8/2015,1154.25,1158.5
7/9/2015,1162.1,1164.25
7/10/2015,1162.4,1159.3
7/13/2015,1154.95,1154
7/14/2015,1153.2,1157.4
7/15/2015,1154.75,1147.4
7/16/2015,1145.1,1144.4
7/17/2015,1143,1132.8
7/20/2015,1115,1104.6
7/21/2015,1108,1105.6
7/22/2015,1096.8,1088.6
7/23/2015,1101.65,1097.4
7/24/2015,1083.75,1080.8
7/27/2015,1098.6,1100
7/28/2015,1095.6,1096.2
7/29/2015,1096.75,1090.25
7/30/2015,1085.65,1087.5
7/31/2015,1080.05,1098.4
8/3/2015,1093,1091.9
8/4/2015,1092.6,1090.65
8/5/2015,1086.5,1085.1
8/6/2015,1085,1089.75
8/7/2015,1091.35,1093.5
8/10/2015,1094.8,1097
8/11/2015,1113.25,1108.25
8/12/2015,1116.8,1119
8/13/2015,1117.35,1116.75
8/14/2015,1116.75,1118.25
8/17/2015,1117.3,1118.8
8/18/2015,1119.15,1111.45
8/19/2015,1123.2,1126.15
8/20/2015,1137.95,1147.7
8/21/2015,1149.35,1156.5
8/24/2015,1153.5,1166.5
8/25/2015,1154.25,1137.5
8/26/2015,1134.4,1120.75
8/27/2015,1128.5,1119
8/28/2015,1125.5,1135
8/31/2015,1125.5,1135
9/1/2015,1141.9,1142.3
9/2/2015,1140,1137.75
9/3/2015,1130.05,1128
9/4/2015,1125,1118.25
9/7/2015,1121,1119.5
9/8/2015,1120.85,1121.15
9/9/2015,1122.3,1109.85
9/10/2015,1107.75,1109.5
9/11/2015,1106.35,1100.25
9/14/2015,1108,1104.8
9/15/2015,1105.5,1105.95
9/16/2015,1109.75,1117.6
9/17/2015,1118.15,1117.5
9/18/2015,1136,1141.5
9/21/2015,1136.85,1133.25
9/22/2015,1129.3,1122.9
9/23/2015,1124.6,1131.35
9/24/2015,1134.45,1154.5
9/25/2015,1145.5,1146.65
9/28/2015,1137.5,1131.05
9/29/2015,1124.6,1132.1
9/30/2015,1122.5,1114
10/1/2015,1114.2,1119
10/2/2015,1106.3,1140.75
10/5/2015,1134.35,1139.75
10/6/2015,1136.9,1147.5
10/7/2015,1147.9,1144.6
10/8/2015,1143.3,1140
10/9/2015,1151.5,1151.55
10/12/2015,1164.2,1164.9
10/13/2015,1154.4,1165.2
10/14/2015,1173.7,1173.9
10/15/2015,1183.35,1184.25
10/16/2015,1176.35,1180.85
10/19/2015,1171.65,1175.4
10/20/2015,1173.7,1177.75
10/21/2015,1174.4,1167.1
10/22/2015,1166.45,1167
10/23/2015,1171.55,1161.25
10/26/2015,1168.5,1166.4
10/27/2015,1165.75,1165.7
10/28/2015,1171.5,1179.6
10/29/2015,1159,1148.6
10/30/2015,1147.75,1142.35
11/2/2015,1135.8,1134
11/3/2015,1130.9,1123.1
11/4/2015,1118,1114.7
11/5/2015,1107.3,1106.3
11/6/2015,1107.7,1088.9
11/9/2015,1095.6,1089.6
11/10/2015,1092.5,1087.1
11/11/2015,1088.6,1085.9
11/12/2015,1087.6,1087.4
11/13/2015,1083.75,1081.5
11/16/2015,1094.5,1084.75
11/17/2015,1080.8,1079.2
11/18/2015,1070.5,1067.75
11/19/2015,1073.1,1082.6
11/20/2015,1085.15,1081.75
11/23/2015,1068.35,1070.5
11/24/2015,1073,1076.4
11/25/2015,1072.2,1068
11/26/2015,1070.5,1071
11/27/2015,1064.65,1057.4
11/30/2015,1055.65,1061.9
12/1/2015,1069.25,1065.4
12/2/2015,1066.9,1055.4
12/3/2015,1050.6,1055.45
12/4/2015,1063,1079.25
12/7/2015,1082.7,1075.8
12/8/2015,1071.75,1072.1
12/9/2015,1078.4,1081
12/10/2015,1072,1071
12/11/2015,1067.2,1072.5
12/14/2015,1068,1068.25
12/15/2015,1069.15,1061.5
12/16/2015,1065.75,1075.25
12/17/2015,1065.85,1049.4
12/18/2015,1055.25,1062.5
12/21/2015,1071.15,1078.75
12/22/2015,1077,1074.9
12/23/2015,1071.5,1068.25
12/24/2015,1071.9,1068.25
12/25/2015,1071.9,1068.25
12/28/2015,1071.9,1068.25
12/29/2015,1067.25,1070.1
12/30/2015,1067.8,1060
12/31/2015,1062.25,1060
1/1/2016,1062.25,1060
1/4/2016,1072.7,1082.25
1/5/2016,1078,1077
1/6/2016,1083.85,1091.4
1/7/2016,1096,1106.35
1/8/2016,1097.45,1101.85
1/11/2016,1104.7,1100.75
1/12/2016,1094.85,1085.4
1/13/2016,1081.8,1088.15
1/14/2016,1090.75,1088.4
1/15/2016,1081.1,1093.75
1/18/2016,1090.45,1089.2
1/19/2016,1087,1086.25
1/20/2016,1093.2,1101.75
1/21/2016,1096.8,1096.5
1/22/2016,1097.65,1096.25
1/25/2016,1103.7,1106.6
1/26/2016,1114.7,1113.6
1/27/2016,1116.5,1116.25
1/28/2016,1119,1114
1/29/2016,1112.9,1111.8
2/1/2016,1122,1126.5
2/2/2016,1123.6,1128.5
2/3/2016,1130,1132
2/4/2016,1146.25,1156.35
2/5/2016,1158.5,1150.35
2/8/2016,1173.4,1193.25
2/9/2016,1188.9,1191
2/10/2016,1183.4,1190
2/11/2016,1223.25,1241
2/12/2016,1239.5,1239.75
2/15/2016,1208.45,1208.2
2/16/2016,1212,1209.5
2/17/2016,1202.4,1210
2/18/2016,1204.4,1210.1
2/19/2016,1221.5,1231.15
2/22/2016,1203.65,1211
2/23/2016,1218.75,1221.35
2/24/2016,1232.25,1250.75
2/25/2016,1235.4,1236
2/26/2016,1231,1226.5
2/29/2016,1234.15,1234.9
3/1/2016,1240,1236.5
3/2/2016,1229.35,1239.2
3/3/2016,1241.95,1250.25
3/4/2016,1271.5,1277.5
3/7/2016,1267.6,1267.9
3/8/2016,1274.1,1267
3/9/2016,1258.25,1246.4
3/10/2016,1247.25,1266.5
3/11/2016,1262.25,1264.75
3/14/2016,1256.55,1242.75
3/15/2016,1233.6,1232
3/16/2016,1233.1,1228.5
3/17/2016,1269.6,1266.5
3/18/2016,1254.5,1252.1
3/21/2016,1244.25,1244.9
3/22/2016,1251.8,1252.5
3/23/2016,1232.2,1217.6
3/24/2016,1216.45,1221
3/25/2016,1216.45,1221
3/28/2016,1216.45,1221
3/29/2016,1216.45,1226
3/30/2016,1238.2,1236.25
3/31/2016,1233.6,1237
4/1/2016,1232.1,1213.6
4/4/2016,1215,1219.75
4/5/2016,1231.5,1231.25
4/6/2016,1225.75,1221.4
4/7/2016,1237.5,1242.1
4/8/2016,1235,1239.5
4/11/2016,1247.25,1254.75
4/12/2016,1259.2,1254.6
4/13/2016,1245.75,1245.75
4/14/2016,1240.3,1233.85
4/15/2016,1229.75,1227.1
4/18/2016,1237.7,1234.3
4/19/2016,1241.7,1255.4
4/20/2016,1247.75,1252
4/21/2016,1257.65,1249.25
4/22/2016,1245.4,1243.25
4/25/2016,1230.85,1238.9
4/26/2016,1234.5,1241.7
4/27/2016,1244.75,1247.4
4/28/2016,1256.6,1256
4/29/2016,1274.5,1285.65
5/2/2016,1274.5,1285.65
5/3/2016,1296.5,1294
5/4/2016,1280.3,1283
5/5/2016,1275.75,1280.25
5/6/2016,1280.25,1289
5/9/2016,1277.75,1265.25
5/10/2016,1264.85,1262.8
5/11/2016,1271.8,1276.85
5/12/2016,1268.3,1279.25
5/13/2016,1275.15,1265.9
5/16/2016,1281,1285.75
5/17/2016,1270.1,1277
5/18/2016,1270.9,1272.9
5/19/2016,1253.75,1246.25
5/20/2016,1256.5,1254.2
5/23/2016,1250.4,1245.9
5/24/2016,1242.65,1236.85
5/25/2016,1220.75,1220.6
5/26/2016,1226.65,1223.85
5/27/2016,1221.25,1216.25
5/30/2016,1221.25,1216.25
5/31/2016,1210.5,1212.1
6/1/2016,1216.25,1214.5
6/2/2016,1215.5,1212.4
6/3/2016,1211,1240.5
6/6/2016,1240.55,1244
6/7/2016,1241.1,1241
6/8/2016,1252.4,1263
6/9/2016,1258.35,1263.9
6/10/2016,1266.6,1275.5
6/13/2016,1284.1,1280.8
6/14/2016,1279.4,1287.15
6/15/2016,1282,1283.3
6/16/2016,1307,1310.75
6/17/2016,1284.5,1290.7
6/20/2016,1283.25,1281.8
6/21/2016,1280.8,1272.6
6/22/2016,1265,1264.85
6/23/2016,1265.75,1262.15
6/24/2016,1313.85,1315.5
6/27/2016,1324.6,1324.55
6/28/2016,1312,1309.7
6/29/2016,1317.75,1321.5
6/30/2016,1317,1320.75
7/1/2016,1331.75,1340
7/4/2016,1348.75,1350.75
7/5/2016,1344.75,1350.75
7/6/2016,1370,1366.25
7/7/2016,1367.1,1356.7
7/8/2016,1356.1,1354.25
7/11/2016,1358.25,1357.1
7/12/2016,1352.85,1342.4
7/13/2016,1340.25,1342.75
7/14/2016,1325.7,1323.6
7/15/2016,1330.5,1327
7/18/2016,1326.15,1334.7
7/19/2016,1332.2,1330.9
7/20/2016,1325.6,1315.9
7/21/2016,1322,1321.15
7/22/2016,1323.2,1320.75
7/25/2016,1315,1313.15
7/26/2016,1321.25,1323
7/27/2016,1320.8,1329
7/28/2016,1341.3,1341.75
7/29/2016,1332.5,1342
8/1/2016,1348.85,1349.65
8/2/2016,1358.15,1363.75
8/3/2016,1364.4,1358.9
8/4/2016,1351.15,1362.75
8/5/2016,1362.6,1340.4
8/8/2016,1330,1336.8
8/9/2016,1332.9,1341
8/10/2016,1351.85,1347.7
8/11/2016,1344.55,1355
8/12/2016,1336.7,1352.2
8/15/2016,1339.2,1339.4
8/16/2016,1349.1,1344
8/17/2016,1342.75,1343.35
8/18/2016,1347.1,1350.05
8/19/2016,1346.85,1346.4
8/22/2016,1334.3,1335.9
8/23/2016,1338.5,1342
8/24/2016,1337.3,1327.25
8/25/2016,1324.5,1321.3
8/26/2016,1324.9,1318.75
8/29/2016,1324.9,1318.75
8/30/2016,1318.85,1318.15
8/31/2016,1314.45,1309.25
9/1/2016,1305.7,1309.5
9/2/2016,1311.5,1324.7
9/5/2016,1328.3,1326.35
9/6/2016,1330.05,1337.25
9/7/2016,1348.75,1348.35
9/8/2016,1348,1343.4
9/9/2016,1335.65,1330.85
9/12/2016,1327.5,1324.6
9/13/2016,1328.5,1323.65
9/14/2016,1323.2,1321.75
9/15/2016,1320.1,1310.8
9/16/2016,1314.25,1308.35
9/19/2016,1315.05,1314.85
9/20/2016,1315.4,1313.8
9/21/2016,1319.6,1326.1
9/22/2016,1332.45,1339.1
9/23/2016,1335.9,1338.65
9/26/2016,1336.3,1340.5
9/27/2016,1335.85,1327
9/28/2016,1324.8,1322.5
9/29/2016,1320.85,1318.1
9/30/2016,1327.9,1322.5
10/3/2016,1318.65,1313.3
10/4/2016,1309.15,1283.3
10/5/2016,1274,1269.4
10/6/2016,1265.5,1254.5
10/7/2016,1255,1258.75
10/10/2016,1262.1,1259.5
10/11/2016,1256.4,1253.45
10/12/2016,1255.7,1256.5
10/13/2016,1258,1261.05
10/14/2016,1256.15,1251.75
10/17/2016,1252.7,1254.8
10/18/2016,1261.65,1258.2
10/19/2016,1269.75,1269.05
10/20/2016,1269.2,1271.65
10/21/2016,1263.95,1266.05
10/24/2016,1267,1265.55
10/25/2016,1269.3,1269.4
10/26/2016,1273.9,1270.5
10/27/2016,1269.3,1266.25
10/28/2016,1265.9,1273
10/31/2016,1274.2,1272
11/1/2016,1284.4,1288.45
11/2/2016,1295.85,1303.75
11/3/2016,1293,1301
11/4/2016,1301.7,1302.8
11/7/2016,1286.8,1283.05
11/8/2016,1284,1282.35
11/9/2016,1304.55,1281.4
11/10/2016,1280.9,1267.5
11/11/2016,1255.65,1236.45
11/14/2016,1222.6,1213.6
11/15/2016,1228.9,1226.95
11/16/2016,1225.7,1229.2
11/17/2016,1232,1226.75
11/18/2016,1206.1,1211
11/21/2016,1214.95,1214.25
11/22/2016,1217.55,1212.25
11/23/2016,1213.25,1185.35
11/24/2016,1187.25,1186.1
11/25/2016,1187.5,1187.7
11/28/2016,1189.1,1187
11/29/2016,1187.3,1186.55
11/30/2016,1187.4,1178.1
12/1/2016,1168.75,1161.85
12/2/2016,1171.65,1173.5
12/5/2016,1164.9,1162.2
12/6/2016,1171.15,1172.5
12/7/2016,1171.25,1177.65
12/8/2016,1174.75,1171.05
12/9/2016,1168.9,1163.6
12/12/2016,1154.4,1156.1
12/13/2016,1157.35,1158.55
12/14/2016,1160.95,1162.25
12/15/2016,1132.45,1126.95
12/16/2016,1134.85,1131.6
12/19/2016,1137.6,1136.25
12/20/2016,1132.75,1125.7
12/21/2016,1134.4,1133.65
12/22/2016,1130.55,1131.35
12/23/2016,1131,1131.35
12/26/2016,1131,1131.35
12/27/2016,1131,1131.35
12/28/2016,1139.75,1134.6
12/29/2016,1146.8,1145.9
12/30/2016,1159.1,1145.9
1/2/2017,1159.1,1145.9
1/3/2017,1148.65,1151
1/4/2017,1165.9,1164.25
1/5/2017,1173.05,1176.7
1/6/2017,1178,1175.85
1/9/2017,1176.1,1178.5
1/10/2017,1183.2,1189.5
1/11/2017,1187.55,1178.55
1/12/2017,1206.65,1205.05
1/13/2017,1196.35,1190.35
1/16/2017,1202.75,1203
1/17/2017,1217.5,1216.05
1/18/2017,1212.5,1214.75
1/19/2017,1203.35,1196.05
1/20/2017,1199.1,1200.55
1/23/2017,1213.75,1212.85
1/24/2017,1213.3,1216.8
1/25/2017,1203.5,1195
1/26/2017,1191.55,1189.7
1/27/2017,1184.2,1184.85
1/30/2017,1189.85,1192.8
1/31/2017,1198.8,1212.8
2/1/2017,1210,1203.65
2/2/2017,1224.05,1221.95
2/3/2017,1213.05,1215.2
2/6/2017,1221.85,1226.75
2/7/2017,1231,1231
2/8/2017,1235.6,1242.1
2/9/2017,1241.75,1236.8
2/10/2017,1225.75,1228.3
2/13/2017,1229.4,1222.25
2/14/2017,1229.65,1230.75
2/15/2017,1225.15,1224.4
2/16/2017,1236.75,1240.55
2/17/2017,1241.4,1241.95
2/20/2017,1235.35,1237.3
2/21/2017,1228.7,1233.2
2/22/2017,1237.5,1236.65
2/23/2017,1237.35,1247.9
2/24/2017,1255.35,1253.65
2/27/2017,1256.25,1257.2
2/28/2017,1251.9,1255.6
3/1/2017,1246.05,1240.4
3/2/2017,1243.3,1238.1
3/3/2017,1228.75,1226.5
3/6/2017,1231.15,1230.95
3/7/2017,1223.7,1216.65
3/8/2017,1213.3,1209.2
3/9/2017,1204.6,1206.55
3/10/2017,1196.55,1202.65
3/13/2017,1207.8,1204.2
3/14/2017,1203.55,1204.6
3/15/2017,1202.25,1198.8
3/16/2017,1225.6,1229.35
3/17/2017,1228.75,1229.6
3/20/2017,1233,1232.4
3/21/2017,1232.05,1241.6
3/22/2017,1246.1,1249.05
3/23/2017,1247.9,1247.5
3/24/2017,1244,1247.5
3/27/2017,1256.9,1257.55
3/28/2017,1253.65,1257.25
3/29/2017,1252.9,1251.1
3/30/2017,1250.9,1248.8
3/31/2017,1241.7,1244.85
4/3/2017,1246.25,1247.25
4/4/2017,1258.65,1257.65
4/5/2017,1252.5,1245.8
4/6/2017,1253.75,1252.5
4/7/2017,1264.3,1266.45
4/10/2017,1253.6,1250.05
4/11/2017,1255.7,1252.9
4/12/2017,1272.3,1274.3
4/13/2017,1286.1,1284.15
4/14/2017,1286.1,1284.15
4/17/2017,1286.1,1284.15
4/18/2017,1285,1278.95
4/19/2017,1282.05,1279.05
4/20/2017,1279.9,1282.1
4/21/2017,1281.5,1281.85
4/24/2017,1271.8,1269.4
4/25/2017,1270.5,1267.8
4/26/2017,1264.95,1261.85
4/27/2017,1264.3,1262.8
4/28/2017,1265.55,1266.45
5/1/2017,1265.55,1266.45
5/2/2017,1255.8,1255.45
5/3/2017,1253.95,1250.3
5/4/2017,1235.85,1228.45
5/5/2017,1239.4,1228.05
5/8/2017,1229.7,1229.8
5/9/2017,1225.15,1220.4
5/10/2017,1222.95,1222.95
5/11/2017,1221,1223.15
5/12/2017,1227.9,1231.25
5/15/2017,1231.5,1233.3
5/16/2017,1234.05,1234.2
5/17/2017,1244.6,1257.4
5/18/2017,1261.35,1255.9
5/19/2017,1251.85,1252
5/22/2017,1255.25,1258.85
5/23/2017,1259.9,1260.2
5/24/2017,1251.35,1252.55
5/25/2017,1257.1,1256.95
5/26/2017,1265,1265.05
5/29/2017,1265,1265.05
5/30/2017,1262.8,1262.7
5/31/2017,1263.8,1266.2
6/1/2017,1266.15,1264.85
6/2/2017,1260.95,1274.95
6/5/2017,1280.7,1279.95
6/6/2017,1287.85,1293.5
6/7/2017,1292.7,1291
6/8/2017,1284.8,1273.1
6/9/2017,1274.25,1266.55
6/12/2017,1269.25,1266.4
6/13/2017,1261.3,1262
6/14/2017,1268.25,1275.5
6/15/2017,1260.25,1254.55
6/16/2017,1256.6,1255.4
6/19/2017,1251.1,1248.15
6/20/2017,1246.5,1242.2
6/21/2017,1247.05,1242.5
6/22/2017,1251.4,1250.8
6/23/2017,1256.3,1255.7
6/26/2017,1240.85,1245.25
6/27/2017,1250.4,1249.55
6/28/2017,1251.6,1248
6/29/2017,1246.6,1243.5
6/30/2017,1243.25,1242.25
7/3/2017,1235.2,1229.25
7/4/2017,1224.25,1223.75
7/5/2017,1221.9,1220.3
7/6/2017,1224.3,1224.9
7/7/2017,1220.4,1215.65
7/10/2017,1207.55,1211.9
7/11/2017,1211.9,1211.05
7/12/2017,1219.4,1218.8
7/13/2017,1221.4,1218.9
7/14/2017,1218.95,1230.3
7/17/2017,1229.85,1234.1
7/18/2017,1237.1,1240.75
7/19/2017,1239.85,1242.15
7/20/2017,1236.55,1238.7
7/21/2017,1247.25,1248.55
7/24/2017,1255.85,1255.55
7/25/2017,1252,1254.4
7/26/2017,1245.4,1248.1
7/27/2017,1262.05,1261.1
7/28/2017,1259.6,1264.9
7/31/2017,1266.35,1267.55
8/1/2017,1267.05,1270.95
8/2/2017,1266.65,1269.6
8/3/2017,1261.8,1268.1
8/4/2017,1269.3,1257.7
8/7/2017,1257.55,1258
8/8/2017,1261.45,1261.8
8/9/2017,1267.95,1271.05
8/10/2017,1278.9,1284.4
8/11/2017,1288.3,1286.1
8/14/2017,1281.1,1282.3
8/15/2017,1274.6,1270.3
8/16/2017,1270.15,1272.75
8/17/2017,1285.9,1285.15
8/18/2017,1295.25,1295.8
8/21/2017,1287.6,1292.9
8/22/2017,1285.1,1284.2
8/23/2017,1286.45,1286.65
8/24/2017,1285.9,1289
8/25/2017,1287.05,1285.3
8/28/2017,1287.05,1285.3
8/29/2017,1323.4,1318.65
8/30/2017,1310.6,1308.5
8/31/2017,1305.8,1311.75
9/1/2017,1318.4,1320.4
9/4/2017,1334.6,1333.1
9/5/2017,1331.15,1335.55
9/6/2017,1340.15,1337.85
9/7/2017,1340.45,1343.5
9/8/2017,1350.9,1346.25
9/11/2017,1338.75,1334.2
9/12/2017,1326.25,1326.5
9/13/2017,1332.25,1327.55
9/14/2017,1323,1324.55
9/15/2017,1325,1322.85
9/18/2017,1314.4,1312.1
9/19/2017,1308.45,1309.6
9/20/2017,1314.9,1311.3
9/21/2017,1297.35,1292.1
9/22/2017,1297,1294.8
9/25/2017,1295.5,1293.3
9/26/2017,1306.9,1300.05
9/27/2017,1291.3,1282.55
9/28/2017,1284.3,1283.35
9/29/2017,1286.95,1283.1
10/2/2017,1273.1,1273.7
10/3/2017,1270.7,1271.25
10/4/2017,1275.55,1274.25
10/5/2017,1278.4,1274.5
10/6/2017,1268.2,1261.8
10/9/2017,1282.15,1278.75
10/10/2017,1289.6,1291.4
10/11/2017,1290.2,1289.25
10/12/2017,1294.45,1290.25
10/13/2017,1293.9,1299.6
10/16/2017,1305.15,1303.3
10/17/2017,1289.7,1284.75
10/18/2017,1280.65,1280.2
10/19/2017,1283.4,1286.4
10/20/2017,1280.25,1281.2
10/23/2017,1275.25,1274.9
10/24/2017,1278.3,1276.45
10/25/2017,1273,1275
10/26/2017,1278,1273.75
10/27/2017,1267.8,1266.45
10/30/2017,1272.75,1272
10/31/2017,1274.4,1270.15
11/1/2017,1279.25,1277.05
11/2/2017,1276.4,1279.2
11/3/2017,1275.3,1267.2
11/6/2017,1271.6,1270.9
11/7/2017,1276.35,1275.6
11/8/2017,1282.25,1284
11/9/2017,1284,1284.8
11/10/2017,1284.45,1284.3
11/13/2017,1278.4,1277.95
11/14/2017,1273.7,1274.6
11/15/2017,1285.7,1282.2
11/16/2017,1277.7,1280
11/17/2017,1283.85,1284.35
11/20/2017,1292.35,1286.2
11/21/2017,1280,1283.3
11/22/2017,1283.95,1286.95
11/23/2017,1290.15,1290.35
11/24/2017,1289.15,1290.5
11/27/2017,1294.7,1294.9
11/28/2017,1293.9,1291.85
11/29/2017,1294.85,1283.85
11/30/2017,1282.15,1280.2
12/1/2017,1277.25,1275.5
12/4/2017,1279.1,1273.45
12/5/2017,1275.9,1266.3
12/6/2017,1268.55,1263.7
12/7/2017,1256.8,1255
12/8/2017,1245.85,1250.65
12/11/2017,1251.4,1247.15
12/12/2017,1243.4,1240.9
12/13/2017,1241.6,1242.65
12/14/2017,1255.6,1251
12/15/2017,1257.25,1254.6
12/18/2017,1258.65,1260.6
12/19/2017,1263.1,1260.35
12/20/2017,1265.95,1264.55
12/21/2017,1265.85,1264.55
12/22/2017,1268.05,1264.55
12/25/2017,1268.05,1264.55
12/26/2017,1268.05,1264.55
12/27/2017,1285.4,1279.4
12/28/2017,1291.6,1291
12/29/2017,1296.5,1291
1/1/2018,1296.5,1291
1/2/2018,1312.8,1312.05
1/3/2018,1314.6,1314.9
1/4/2018,1313.7,1314.5
1/5/2018,1317.9,1317.15
1/8/2018,1318.8,1319.95
1/9/2018,1314.95,1311
1/10/2018,1321.65,1319.75
1/11/2018,1319.85,1323.05
1/12/2018,1332.9,1326.8
1/15/2018,1343,1339.25
1/16/2018,1334.95,1333.85
1/17/2018,1337.35,1335.65
1/18/2018,1329.75,1332.2
1/19/2018,1335.8,1334.95
1/22/2018,1334.15,1332.6
1/23/2018,1337.1,1333.4
1/24/2018,1350.5,1353.7
1/25/2018,1360.25,1354.95
1/26/2018,1354.35,1353.15
1/29/2018,1348.4,1343.85
1/30/2018,1345.7,1344.9
1/31/2018,1343.35,1345.05
2/1/2018,1341.1,1341.35
2/2/2018,1345,1331.15
2/5/2018,1337.1,1333.6
2/6/2018,1344.65,1331.4
2/7/2018,1328.5,1324.65
2/8/2018,1311.05,1315.45
2/9/2018,1316.05,1314.1
2/12/2018,1321.7,1322.3
2/13/2018,1329.4,1325.35
2/14/2018,1330.75,1336.25
2/15/2018,1353.7,1352.45
2/16/2018,1358.6,1352.1
2/19/2018,1347.4,1346.6
2/20/2018,1337.4,1339.85
2/21/2018,1328.6,1330.5
2/22/2018,1323.5,1328.35
2/23/2018,1328.9,1327.95
2/26/2018,1339.05,1333.5
2/27/2018,1332.75,1325.75
2/28/2018,1320.3,1317.85
3/1/2018,1311.25,1307.75
3/2/2018,1316.75,1322.3
3/5/2018,1326.3,1320.4
3/6/2018,1324.95,1331.4
3/7/2018,1332.5,1329.4
3/8/2018,1325.4,1321
3/9/2018,1319.35,1320.6
3/12/2018,1317.25,1319.15
3/13/2018,1318.7,1322.75
3/14/2018,1324.95,1323.55
3/15/2018,1323.35,1318.75
3/16/2018,1320.05,1310.1
3/19/2018,1311.7,1312.4
3/20/2018,1312.75,1311
3/21/2018,1316.35,1321.35
3/22/2018,1328.85,1329.15
3/23/2018,1342.35,1346.6
3/26/2018,1348.4,1352.4
3/27/2018,1350.65,1341.45
3/28/2018,1341.05,1332.45
3/29/2018,1323.9,1323.85
3/30/2018,1323.9,1323.85
4/2/2018,1323.9,1323.85
4/3/2018,1336.6,1333.45
4/4/2018,1343.15,1337.3
4/5/2018,1327.05,1327.7
4/6/2018,1325.6,1331.2
4/9/2018,1328.5,1331.95
4/10/2018,1335.95,1338.95
4/11/2018,1345.2,1350.75
4/12/2018,1345.9,1341.35
4/13/2018,1340.75,1343.7
4/16/2018,1344.4,1349.35
4/17/2018,1342.95,1342.1
4/18/2018,1346.55,1351.45
4/19/2018,1347.9,1348.6
4/20/2018,1340.15,1336.75
4/23/2018,1328,1324.3
4/24/2018,1327.35,1328.85
4/25/2018,1325.7,1321.65
4/26/2018,1321.9,1320.7
4/27/2018,1317.7,1321.5
4/30/2018,1316.25,1313.2
5/1/2018,1309.2,1307.1
5/2/2018,1310.75,1304.2
5/3/2018,1313.3,1315.05
5/4/2018,1309.35,1309.4
5/7/2018,1309.35,1309.4
5/8/2018,1310.05,1306.6
5/9/2018,1306.85,1313.85
5/10/2018,1314.8,1318.8
5/11/2018,1324.8,1324.35
5/14/2018,1320.7,1319.85
5/15/2018,1310.05,1295
5/16/2018,1291.75,1291.25
5/17/2018,1288.85,1289.5
5/18/2018,1287.2,1288.3
5/21/2018,1285.85,1288.35
5/22/2018,1293.9,1293.05
5/23/2018,1294,1289
5/24/2018,1296.35,1304.85
5/25/2018,1303.95,1303.5
5/28/2018,1303.95,1303.5
5/29/2018,1302.05,1295.5
5/30/2018,1298.6,1300.7
5/31/2018,1303.5,1305.35
6/1/2018,1299.15,1294.6
6/4/2018,1294.65,1295.45
6/5/2018,1292.25,1292.05
6/6/2018,1295.25,1300.1
6/7/2018,1298.3,1297.25
6/8/2018,1299.2,1298.25
6/11/2018,1296.05,1299.6
6/12/2018,1298.3,1298.65
6/13/2018,1294.4,1296.15
6/14/2018,1305.3,1302.75
6/15/2018,1300.1,1285.25
6/18/2018,1281.25,1281.55
6/19/2018,1279,1276.15
6/20/2018,1273.25,1274.2
6/21/2018,1263.7,1266.15
6/22/2018,1269.7,1269.15
6/25/2018,1269.8,1268.7
6/26/2018,1257.15,1260.3
6/27/2018,1256.8,1254.6
6/28/2018,1250.5,1251.55
6/29/2018,1250.55,1250.45
7/2/2018,1249,1247.8
7/3/2018,1245.85,1251.75
7/4/2018,1256.9,1255.65
7/5/2018,1252.5,1255.5
7/6/2018,1254.2,1255.35
7/9/2018,1262.6,1262.05
7/10/2018,1253.7,1254
7/11/2018,1250,1251.4
7/12/2018,1244.85,1245.9
7/13/2018,1240.5,1241.7
7/16/2018,1244.9,1241.1
7/17/2018,1243.65,1232.8
7/18/2018,1223.45,1224.5
7/19/2018,1217.4,1217.55
7/20/2018,1224.85,1228.75
7/23/2018,1229.45,1224.95
7/24/2018,1224.3,1228.35
7/25/2018,1230.55,1231.5
7/26/2018,1228.35,1228.25
7/27/2018,1219.15,1223.95
7/30/2018,1222.05,1223.8
7/31/2018,1219.2,1220.95
8/1/2018,1222.75,1219
8/2/2018,1217.6,1215.45
8/3/2018,1207.7,1216.3
8/6/2018,1212,1209.65
8/7/2018,1215.4,1212.35
8/8/2018,1212.35,1209.55
8/9/2018,1215.5,1214.35
8/10/2018,1211.65,1214.4
8/13/2018,1204.4,1200.35
8/14/2018,1195.3,1197
8/15/2018,1186.7,1182
8/16/2018,1179.65,1180.4
8/17/2018,1176.7,1178.4
8/20/2018,1188.75,1184.35
8/21/2018,1194.1,1190.95
8/22/2018,1196.85,1196.65
8/23/2018,1187.3,1192.35
8/24/2018,1189.95,1197.7
8/27/2018,1189.95,1197.7
8/28/2018,1212.75,1212.25
8/29/2018,1204.3,1204.2
8/30/2018,1202.35,1197.3
8/31/2018,1206.85,1202.45
9/3/2018,1201.7,1200.05
9/4/2018,1195.75,1190.85
9/5/2018,1194.7,1196.7
9/6/2018,1204.3,1205.15
9/7/2018,1200.75,1198.9
9/10/2018,1195.8,1196.6
9/11/2018,1194,1189.85
9/12/2018,1197.8,1195.6
9/13/2018,1206.65,1209.8
9/14/2018,1206.2,1201.95
9/17/2018,1196.8,1201.9
9/18/2018,1199.4,1200.2
9/19/2018,1203,1203.3
9/20/2018,1203,1208.35
9/21/2018,1207.6,1198.7
9/24/2018,1198.75,1202.75
9/25/2018,1199.45,1201.9
9/26/2018,1198.8,1194.25
9/27/2018,1196,1185.4
9/28/2018,1183.5,1187.25
10/1/2018,1185.3,1189.35
10/2/2018,1192.65,1204.7
10/3/2018,1203.5,1201.2
10/4/2018,1199.45,1203.45
10/5/2018,1201.1,1203.8
10/8/2018,1194.8,1186.95
10/9/2018,1187.4,1185.55
10/10/2018,1186.4,1188.6
10/11/2018,1201.1,1205.55
10/12/2018,1218.75,1219.75
10/15/2018,1233,1229.95
10/16/2018,1228.85,1230.7
10/17/2018,1226.75,1229.05
10/18/2018,1224.6,1223
10/19/2018,1228.25,1227.85
10/22/2018,1222.9,1222.3
10/23/2018,1235.6,1235.95
10/24/2018,1231.65,1230.55
10/25/2018,1232.15,1230.8
10/26/2018,1236.05,1233.85
10/29/2018,1230.75,1230.8
10/30/2018,1220,1225.4
10/31/2018,1217.7,1214.95
11/1/2018,1223.25,1231.15
11/2/2018,1235.5,1232.1
11/5/2018,1231.6,1232.25
11/6/2018,1234.85,1231.6
11/7/2018,1235.05,1229.95
11/8/2018,1223.45,1224.15
11/9/2018,1219.05,1211.4
11/12/2018,1207.05,1205.55
11/13/2018,1197.55,1202.1
11/14/2018,1201.45,1203.25
11/15/2018,1210.6,1211.85
11/16/2018,1215.8,1222.4
11/19/2018,1223.55,1221.6
11/20/2018,1223.1,1223
11/21/2018,1224,1226.1
11/22/2018,1228.25,1227.05
11/23/2018,1222.15,1223.65
11/26/2018,1226.65,1223.4
11/27/2018,1225.05,1221.2
11/28/2018,1213.2,1213.25
11/29/2018,1226.45,1226.25
11/30/2018,1220.45,1217.55
12/3/2018,1231.05,1230.3
12/4/2018,1239.25,1240.3
12/5/2018,1236.15,1235.9
12/6/2018,1236.45,1242.55
12/7/2018,1241.2,1243.3
12/10/2018,1246.8,1245.35
12/11/2018,1248.25,1245.3
12/12/2018,1244.75,1245.75
12/13/2018,1244.45,1242.75
12/14/2018,1239.15,1235.35
12/17/2018,1239.1,1241.65
12/18/2018,1248.8,1246.3
12/19/2018,1248.6,1255
12/20/2018,1255,1259.75
12/21/2018,1257.6,1258.15
12/24/2018,1261.25,1258.15
12/25/2018,1261.25,1258.15
12/26/2018,1261.25,1258.15
12/27/2018,1271.1,1268
12/28/2018,1277.25,1279
12/31/2018,1281.65,1279
1/1/2019,1281.65,1279
1/2/2019,1287.2,1282.9
1/3/2019,1287.95,1290.45
1/4/2019,1290.35,1279.9
1/7/2019,1291.5,1292.2
1/8/2019,1283.9,1286.45
1/9/2019,1281.3,1288.6
1/10/2019,1292.4,1291.9
1/11/2019,1292.8,1288.95
1/14/2019,1293.7,1292.75
1/15/2019,1289.35,1294.4
1/16/2019,1290.5,1292.3
1/17/2019,1294,1290.7
1/18/2019,1285.05,1284.2
1/21/2019,1278.7,1279.55
1/22/2019,1284.75,1282.1
1/23/2019,1284.9,1279.8
1/24/2019,1279.75,1283.7
1/25/2019,1282.95,1293.9
1/28/2019,1301,1302.15
1/29/2019,1308.35,1307.55
1/30/2019,1312.95,1310.7
1/31/2019,1322.5,1323.25
2/1/2019,1320.75,1318.7
2/4/2019,1311,1312.15
2/5/2019,1314,1314.2
2/6/2019,1313.35,1312.4
2/7/2019,1306.6,1310
2/8/2019,1311.1,1314.85
2/11/2019,1306.75,1306.4
2/12/2019,1311.6,1310
2/13/2019,1311.15,1312.8
2/14/2019,1305.65,1311.45
2/15/2019,1318,1316.55
2/18/2019,1323.95,1325.5
2/19/2019,1329.55,1334.15
2/20/2019,1345.75,1343.75
2/21/2019,1335.05,1331.25
2/22/2019,1322.25,1329.05
2/25/2019,1329.15,1331.05
2/26/2019,1327.55,1325.05
2/27/2019,1326.45,1322.85
2/28/2019,1325.45,1319.15
3/1/2019,1309.95,1311.95
3/4/2019,1287.45,1285.4
3/5/2019,1285,1283.8
3/6/2019,1285.55,1285.85
3/7/2019,1286.4,1285.3
3/8/2019,1294.1,1296.75
3/11/2019,1296.35,1292.75
3/12/2019,1296.95,1297.05
3/13/2019,1308.4,1306.95
3/14/2019,1299.2,1295.55
3/15/2019,1302.65,1303.5
3/18/2019,1305.35,1305.6
3/19/2019,1308.35,1307.7
3/20/2019,1303,1303.7
3/21/2019,1317.3,1309.6
3/22/2019,1311.1,1311.3
3/25/2019,1319.35,1319.55
3/26/2019,1315.25,1316.3
3/27/2019,1318.25,1309.7
3/28/2019,1306.9,1295.15
3/29/2019,1291.15,1295.4
4/1/2019,1291.9,1293.5
4/2/2019,1287.2,1290.3
4/3/2019,1291.85,1290.45
4/4/2019,1291.6,1283.15
4/5/2019,1288.9,1288.45
4/8/2019,1297.1,1300
4/9/2019,1301.85,1303
4/10/2019,1304.8,1305.45
4/11/2019,1304.65,1298.8
4/12/2019,1296.15,1294.3
4/15/2019,1286.75,1285.65
4/16/2019,1283.75,1276.35
4/17/2019,1276.1,1275.85
4/18/2019,1276.5,1275.7
4/19/2019,1276.5,1275.7
4/22/2019,1276.5,1275.7
4/23/2019,1273.45,1269.5
4/24/2019,1273.8,1271.65
4/25/2019,1277.85,1280.8
4/26/2019,1281.5,1284.2
4/29/2019,1282.15,1279.5
4/30/2019,1285.15,1282.3
5/1/2019,1281.8,1283.8
5/2/2019,1271.45,1270.95
5/3/2019,1270.05,1278.55
5/6/2019,1270.05,1278.55
5/7/2019,1281.3,1281.2
5/8/2019,1287.75,1285.2
5/9/2019,1284.1,1286.1
5/10/2019,1285.4,1287.1
5/13/2019,1282.95,1295.6
5/14/2019,1297.6,1298.4
5/15/2019,1298.9,1299.1
5/16/2019,1295.55,1291.7
5/17/2019,1285.8,1280.8
5/20/2019,1275.25,1276.85
5/21/2019,1276,1271.15
5/22/2019,1274,1273.8
5/23/2019,1275.95,1283.65
5/24/2019,1281.5,1282.5
5/27/2019,1281.5,1282.5
5/28/2019,1283.9,1278.3
5/29/2019,1283.5,1281.65
5/30/2019,1276.45,1280.95
5/31/2019,1296,1295.55
6/3/2019,1313.95,1317.1
6/4/2019,1323.6,1324.25
6/5/2019,1337.75,1335.05
6/6/2019,1336.65,1335.5
6/7/2019,1334.3,1340.65
6/10/2019,1328.6,1328.6
6/11/2019,1322.65,1324.3
6/12/2019,1336.65,1332.35
6/13/2019,1335.8,1335.9
6/14/2019,1352.45,1351.25
6/17/2019,1333.2,1341.3
6/18/2019,1344.55,1341.35
6/19/2019,1342.4,1344.05
6/20/2019,1381.65,1379.5
6/21/2019,1388.35,1397.15
6/24/2019,1405.45,1405.7
6/25/2019,1429.55,1431.4
6/26/2019,1406.75,1403.95
6/27/2019,1402.25,1402.5
6/28/2019,1413.2,1409
7/1/2019,1390.05,1390.1
7/2/2019,1393.1,1391.05
7/3/2019,1425.1,1413.5
7/4/2019,1415.25,1414.9
7/5/2019,1414.4,1388.65
7/8/2019,1404.9,1400.1
7/9/2019,1387.9,1391.55
7/10/2019,1395.45,1408.3
7/11/2019,1423.1,1413.75
7/12/2019,1405.6,1407.6
7/15/2019,1416.25,1412.4
7/16/2019,1416.1,1409.85
7/17/2019,1400.8,1410.35
7/18/2019,1420.9,1417.45
7/19/2019,1437.05,1439.7
7/22/2019,1424.45,1427.75
7/23/2019,1417.55,1425.55
7/24/2019,1425.55,1426.95
7/25/2019,1426.35,1416.1
7/26/2019,1418.25,1420.4
7/29/2019,1418.95,1419.05
7/30/2019,1428.45,1425.9
7/31/2019,1430.55,1427.55
8/1/2019,1406.4,1406.8
8/2/2019,1436.05,1441.75
8/5/2019,1457.45,1465.25
8/6/2019,1461.85,1465.25
8/7/2019,1487.65,1506.05
8/8/2019,1497.4,1495.75
8/9/2019,1503.5,1497.7
8/12/2019,1501.95,1504.7
8/13/2019,1527.2,1498.4
8/14/2019,1500.35,1513.25
8/15/2019,1517.65,1515.65
8/16/2019,1509.05,1515.25
8/19/2019,1499.35,1496.6
8/20/2019,1502.65,1504.55
8/21/2019,1499.65,1503.25
8/22/2019,1498.7,1502.05
8/23/2019,1495.5,1503.8
8/26/2019,1495.5,1503.8
8/27/2019,1531.85,1532.95
8/28/2019,1541.75,1537.15
8/29/2019,1536.65,1540.2
8/30/2019,1526.55,1528.4
9/2/2019,1523.35,1525.95
9/3/2019,1532.45,1537.85
9/4/2019,1538.8,1546.1
9/5/2019,1542.6,1529.1
9/6/2019,1504.95,1523.7
9/9/2019,1509.95,1509.2
9/10/2019,1494.6,1498.25
9/11/2019,1493.65,1490.65
9/12/2019,1502.95,1515.2
9/13/2019,1506.3,1503.1
9/16/2019,1502.05,1497.2
9/17/2019,1499.3,1502.1
9/18/2019,1502.2,1503.5
9/19/2019,1498.4,1500.7
9/20/2019,1504.1,1501.9
9/23/2019,1519.5,1522.1
9/24/2019,1520.25,1520.65
9/25/2019,1530.85,1528.75
9/26/2019,1507.05,1506.4
9/27/2019,1496.15,1489.9
9/30/2019,1487.6,1485.3
10/1/2019,1466.1,1473.45
10/2/2019,1484.05,1492.6
10/3/2019,1504,1517.1
10/4/2019,1509.5,1499.15
10/7/2019,1502.15,1501.25
10/8/2019,1500,1505.85
10/9/2019,1503.4,1507.25
10/10/2019,1508.2,1494.8
10/11/2019,1498.35,1479.15
10/14/2019,1494.2,1490.6
10/15/2019,1494.75,1487.8
10/16/2019,1482.55,1485.1
10/17/2019,1484.45,1492.65
10/18/2019,1487.5,1490
10/21/2019,1490.85,1491.65
10/22/2019,1487.45,1485.35
10/23/2019,1494.25,1494.45
10/24/2019,1488.85,1496.55
10/25/2019,1504.65,1513.45
10/28/2019,1505.05,1492.4
10/29/2019,1492.75,1486.75
10/30/2019,1490.15,1492.1
10/31/2019,1506.4,1510.95
11/1/2019,1509.85,1508.8
11/4/2019,1509.2,1509.45
11/5/2019,1504.6,1488.95
11/6/2019,1488.55,1486.05
11/7/2019,1484.1,1484.25
11/8/2019,1466.85,1464.15
11/11/2019,1465.5,1458.7
11/12/2019,1455,1452.05
11/13/2019,1463.45,1462.9
11/14/2019,1467.65,1466.65
11/15/2019,1465.6,1466.9
11/18/2019,1458.4,1467.65
11/19/2019,1464.9,1468.45
11/20/2019,1475.7,1471.7
11/21/2019,1468.9,1467.05
11/22/2019,1471.3,1464.45
11/25/2019,1459.45,1458.4
11/26/2019,1457.65,1454.65
11/27/2019,1459.8,1454.35
11/28/2019,1457.55,1454.65
11/29/2019,1456.35,1460.15
12/2/2019,1457.5,1461.15
12/3/2019,1470.4,1477.3
12/4/2019,1475.85,1475.1
12/5/2019,1474.6,1475.95
12/6/2019,1474.85,1459.65
12/9/2019,1463.6,1461.7
12/10/2019,1464.45,1464.95
12/11/2019,1468.05,1466.8
12/12/2019,1474.7,1467.8
12/13/2019,1470.6,1466.6
12/16/2019,1477.4,1477.9
12/17/2019,1478.4,1475.8
12/18/2019,1478.9,1474.05
12/19/2019,1474.4,1476.7
12/20/2019,1476.9,1479
12/23/2019,1483.95,1482.1
12/24/2019,1490.85,1482.1
12/25/2019,1490.85,1482.1
12/26/2019,1490.85,1482.1
12/27/2019,1510.6,1511.5
12/30/2019,1511.5,1514.75
12/31/2019,1523,1514.75
1/1/2020,1523,1514.75
1/2/2020,1520.55,1527.1
1/3/2020,1547.4,1548.75
1/6/2020,1576.85,1573.1
1/7/2020,1566.5,1567.85
1/8/2020,1582.85,1571.95
1/9/2020,1547.85,1550.75
1/10/2020,1548.8,1553.6
1/13/2020,1550.35,1549.9
1/14/2020,1544.95,1545.1
1/15/2020,1551.9,1549
1/16/2020,1555.2,1554.55
1/17/2020,1556.5,1557.6
1/20/2020,1559.25,1560.15
1/21/2020,1556.25,1551.3
1/22/2020,1558.1,1556.9
1/23/2020,1554.05,1562.9
1/24/2020,1561.85,1564.3
1/27/2020,1583.45,1580.1
1/28/2020,1579.6,1574
1/29/2020,1571.2,1573.45
1/30/2020,1580.4,1578.25
1/31/2020,1580.85,1584.2
2/3/2020,1578.85,1574.75
2/4/2020,1571.2,1558.35
2/5/2020,1552.2,1553.3
2/6/2020,1564.75,1563.3
2/7/2020,1568.3,1572.65
2/10/2020,1574.05,1573.2
2/11/2020,1567.7,1570.5
2/12/2020,1566.75,1563.7
2/13/2020,1575,1575.05
2/14/2020,1576.35,1581.4
2/17/2020,1580.3,1580.8
2/18/2020,1588.2,1589.85
2/19/2020,1609.5,1604.2
2/20/2020,1610.35,1619
2/21/2020,1633.7,1643.3
2/24/2020,1682.35,1671.65
2/25/2020,1655.9,1650.3
2/26/2020,1647.95,1634.9
2/27/2020,1646.6,1652
2/28/2020,1626.35,1609.85
3/2/2020,1609.7,1599.65
3/3/2020,1599.05,1615.5
3/4/2020,1644.8,1641.85
3/5/2020,1647.45,1659.6
3/6/2020,1687,1683.65
3/9/2020,1676.6,1672.5
3/10/2020,1657.4,1655.7
3/11/2020,1662.5,1653.75
3/12/2020,1636.65,1570.7
3/13/2020,1588.15,1562.8
3/16/2020,1504.65,1487.7
3/17/2020,1472.35,1536.2
3/18/2020,1506,1498.2
3/19/2020,1480.7,1474.25
3/20/2020,1504.45,1494.4
3/23/2020,1494.5,1525.4
3/24/2020,1599.5,1605.75
3/25/2020,1620.95,1605.45
3/26/2020,1620.1,1634.8
3/27/2020,1621.2,1617.3
3/30/2020,1624.45,1618.3
3/31/2020,1604.65,1608.95
4/1/2020,1594.25,1576.55
4/2/2020,1588.05,1616.8
4/3/2020,1609.75,1613.1
4/6/2020,1636.6,1648.3
4/7/2020,1652.2,1649.25
4/8/2020,1649.05,1647.8
4/9/2020,1662.5,1680.65
4/10/2020,1662.5,1680.65
4/13/2020,1662.5,1680.65
4/14/2020,1715.85,1741.9
4/15/2020,1712.25,1718.65
4/16/2020,1717.85,1729.5
4/17/2020,1693.15,1692.55
4/20/2020,1684.95,1686.2
4/21/2020,1678.6,1682.05
4/22/2020,1702.65,1710.55
4/23/2020,1727.55,1736.25
4/24/2020,1727.25,1715.9
4/27/2020,1717.25,1714.95
4/28/2020,1708.1,1691.55
4/29/2020,1706,1703.35
4/30/2020,1716.75,1702.75
5/1/2020,1673.05,1686.25
5/4/2020,1703.7,1709.1
5/5/2020,1696.3,1699.55
5/6/2020,1698.9,1691.5
5/7/2020,1688.65,1704.05
5/8/2020,1688.65,1704.05
5/11/2020,1698.8,1702.75
5/12/2020,1703.45,1702.4
5/13/2020,1699.85,1708.4
5/14/2020,1716.4,1731.6
5/15/2020,1734.85,1735.35
5/18/2020,1756.9,1734.7
5/19/2020,1735.25,1737.95
5/20/2020,1750.05,1748.3
5/21/2020,1732.8,1724.9
5/22/2020,1732.45,1733.55
5/25/2020,1732.45,1733.55
5/26/2020,1722.75,1720.25
5/27/2020,1705.15,1694.6
5/28/2020,1723.3,1717.35
5/29/2020,1725.65,1728.7
6/1/2020,1734.8,1730.6
6/2/2020,1740.25,1742.15
6/3/2020,1717.6,1705.35
6/4/2020,1706.45,1700.05
6/5/2020,1709.55,1683.45
6/8/2020,1692,1690.35
6/9/2020,1707.5,1713.5
6/10/2020,1717.65,1722.05
6/11/2020,1731.9,1738.25
6/12/2020,1735.85,1733.5
6/15/2020,1710.4,1710.45
6/16/2020,1728.35,1719.85
6/17/2020,1717.3,1724.35
6/18/2020,1732.65,1719.5
6/19/2020,1728.55,1734.75
6/22/2020,1745.45,1761.85
6/23/2020,1756.6,1768.9
6/24/2020,1775.7,1766.05
6/25/2020,1758.55,1756.55
6/26/2020,1762.1,1747.6
6/29/2020,1768.8,1771.6
6/30/2020,1770.7,1768.1
7/1/2020,1787.4,1771.05
7/2/2020,1771.85,1777.45
7/3/2020,1774.65,1772.9
7/6/2020,1774.4,1787.9
7/7/2020,1775.5,1789.55
7/8/2020,1799.35,1811.1
7/9/2020,1812.45,1812.1
7/10/2020,1805.75,1803.1
7/13/2020,1808.05,1807.5
7/14/2020,1798.2,1801.9
7/15/2020,1809.3,1804.6
7/16/2020,1804.6,1807.7
7/17/2020,1802.9,1807.35
7/20/2020,1810.3,1815.65
7/21/2020,1823.2,1842.55
7/22/2020,1851,1852.4
7/23/2020,1882.35,1878.3
7/24/2020,1893.85,1902.1
7/27/2020,1940.55,1936.65
7/28/2020,1931.65,1940.9
7/29/2020,1954.35,1950.9
7/30/2020,1952.2,1957.65
7/31/2020,1974.7,1964.9
8/3/2020,1972.95,1958.55
8/4/2020,1972.25,1977.9
8/5/2020,2034.45,2048.15
8/6/2020,2049.15,2067.15
8/7/2020,2061.5,2031.15
8/10/2020,2030.3,2044.5
8/11/2020,1996.6,1939.65
8/12/2020,1931.7,1931.9
8/13/2020,1931,1944.25
8/14/2020,1948.3,1944.75
8/17/2020,1949.85,1972.85
8/18/2020,2005.15,2008.75
8/19/2020,1993.15,1981
8/20/2020,1928.05,1927.15
8/21/2020,1932.85,1924.35
8/24/2020,1947.55,1943.95
8/25/2020,1925.45,1911.15
8/26/2020,1918.5,1932.95
8/27/2020,1938.8,1923.85
8/28/2020,1955.85,1957.35
8/31/2020,1955.85,1957.35
9/1/2020,1987.95,1972.35
9/2/2020,1969,1947.05
9/3/2020,1934.1,1940.45
9/4/2020,1937.6,1926.3
9/7/2020,1928.4,1928.45
9/8/2020,1920.6,1910.95
9/9/2020,1928.4,1947.2
9/10/2020,1944.8,1966.25
9/11/2020,1944.5,1947.4
9/14/2020,1942.3,1958.7
9/15/2020,1963.55,1949.35
9/16/2020,1964.8,1961.8
9/17/2020,1936.1,1936.25
9/18/2020,1954.75,1950.85
9/21/2020,1930.9,1909.35
9/22/2020,1903.1,1906
9/23/2020,1888.1,1873.4
9/24/2020,1850.75,1861.75
9/25/2020,1870.05,1859.7
9/28/2020,1850.95,1864.3
9/29/2020,1882.4,1883.95
9/30/2020,1883.4,1886.9
10/1/2020,1895.55,1902
10/2/2020,1906.4,1903.05
10/5/2020,1899.65,1909.6
10/6/2020,1912.5,1913.4
10/7/2020,1888,1884.5
10/8/2020,1891.35,1887.45
10/9/2020,1912.4,1923.25
10/12/2020,1919.8,1925.5
10/13/2020,1920.8,1891.3
10/14/2020,1896.45,1910.05
10/15/2020,1891.7,1891.9
10/16/2020,1908.2,1905.05
10/19/2020,1910,1905.6
10/20/2020,1906.35,1898.4
10/21/2020,1918.95,1924.15
10/22/2020,1916.85,1900.95
10/23/2020,1910.6,1903.65
10/26/2020,1901.6,1898.45
10/27/2020,1898.9,1905.7
10/28/2020,1896.85,1869.95
10/29/2020,1876.85,1870.3
10/30/2020,1875.8,1881.85
11/2/2020,1886.75,1889.9
11/3/2020,1899.85,1908.3
11/4/2020,1888.55,1900.15
11/5/2020,1916.8,1938.45
11/6/2020,1947.95,1940.8
11/9/2020,1957.45,1867.3
11/10/2020,1874.9,1878.7
11/11/2020,1876.2,1860.95
11/12/2020,1868,1874.85
11/13/2020,1878.2,1890.9
11/16/2020,1892.6,1885.6
11/17/2020,1885.4,1889.05
11/18/2020,1877.2,1876.1
11/19/2020,1857.4,1857.35
11/20/2020,1867,1875.7
11/23/2020,1863.8,1840.2
11/24/2020,1818.1,1799.6
11/25/2020,1808.55,1810.2
11/26/2020,1814.85,1807.4
11/27/2020,1808.05,1779.3
11/30/2020,1771.95,1762.55
12/1/2020,1796.2,1810.75
12/2/2020,1832.95,1822.6
12/3/2020,1834.8,1832.35
12/4/2020,1839.3,1843
12/7/2020,1832.8,1859.95
12/8/2020,1864.5,1868.15
12/9/2020,1859.8,1841.75
12/10/2020,1834.2,1844.35
12/11/2020,1833.65,1842
12/14/2020,1820.25,1831.15
12/15/2020,1844.3,1850.65
12/16/2020,1861.35,1851.95
12/17/2020,1871.95,1890.75
12/18/2020,1878.95,1879.75
12/21/2020,1869.25,1880
12/22/2020,1873.3,1877.1
12/23/2020,1867.1,1875
12/24/2020,1872.55,1875
12/25/2020,1872.55,1875
12/28/2020,1872.55,1875
12/29/2020,1873.9,1874.3
12/30/2020,1877.55,1887.6
12/31/2020,1891.1,1887.6
1/1/2021,1891.1,1887.6
1/4/2021,1930.8,1943.2
1/5/2021,1946.55,1940.35
1/6/2021,1957.2,1931.95
1/7/2021,1911.05,1920.1
1/8/2021,1891.3,1862.9
1/11/2021,1847.8,1847.25
1/12/2021,1861.85,1841.25
1/13/2021,1852.4,1858.85
1/14/2021,1840.25,1841.75
1/15/2021,1853.85,1839
1/18/2021,1833.95,1833.05
1/19/2021,1843.1,1834.7
1/20/2021,1854.6,1856.6
1/21/2021,1867.65,1862.1
1/22/2021,1853.6,1852.7
1/25/2021,1855.6,1856.85
1/26/2021,1853.2,1856.6
1/27/2021,1846.4,1843
1/28/2021,1839.65,1853.7
1/29/2021,1852.7,1863.8
2/1/2021,1857.8,1862.95
2/2/2021,1847.1,1833.1
2/3/2021,1834.7,1835.45
2/4/2021,1811.55,1785.9
2/5/2021,1808.55,1802.95
2/8/2021,1811.65,1835.25
2/9/2021,1846.55,1839.6
2/10/2021,1843.45,1842.65
2/11/2021,1841.7,1840.1
2/12/2021,1818,1816.35
2/15/2021,1817.45,1817.3
2/16/2021,1823.45,1794.25
2/17/2021,1788.85,1780.7
2/18/2021,1782.8,1773.15
2/19/2021,1773.75,1786.2
2/22/2021,1798.8,1807.45
2/23/2021,1809.5,1799.65
2/24/2021,1807.25,1788
2/25/2021,1792.1,1779.65
2/26/2021,1765.1,1742.85
3/1/2021,1746.95,1734.15
3/2/2021,1728.5,1723.85
3/3/2021,1727.05,1711.4
3/4/2021,1710.05,1712.1
3/5/2021,1696.05,1696.25
3/8/2021,1694.45,1687.05
3/9/2021,1702.85,1716.9
3/10/2021,1711.5,1716.2
3/11/2021,1736.35,1724.25
3/12/2021,1703.85,1704.8
3/15/2021,1727.9,1723.65
3/16/2021,1732.3,1735
3/17/2021,1736.95,1729.65
3/18/2021,1734.1,1725.9
3/19/2021,1737.2,1735.2
3/22/2021,1733.4,1736.15
3/23/2021,1739.25,1726.2
3/24/2021,1734.05,1730.5
3/25/2021,1729.2,1737.3
3/26/2021,1727.85,1731.8
3/29/2021,1723.95,1705.95
3/30/2021,1696.7,1683.95
3/31/2021,1685.35,1691.05
4/1/2021,1715.85,1726.05
4/2/2021,1715.85,1726.05
4/5/2021,1715.85,1726.05
4/6/2021,1731.05,1744.65
4/7/2021,1736,1738.05
4/8/2021,1743.7,1755.5
4/9/2021,1747.95,1741.2
4/12/2021,1741.55,1732.85
4/13/2021,1728.1,1747.95
4/14/2021,1743.3,1735.55
4/15/2021,1748,1757.2
4/16/2021,1766.45,1774.45
4/19/2021,1788.4,1774.5
4/20/2021,1765.5,1777.85
4/21/2021,1781.05,1798.2
4/22/2021,1785.65,1787.75
4/23/2021,1785.3,1781.8
4/26/2021,1779.65,1773.35
4/27/2021,1780.9,1784.15
4/28/2021,1764.15,1772.2
4/29/2021,1774.65,1762.65
4/30/2021,1768.8,1767.65
5/3/2021,1768.8,1767.65
5/4/2021,1784.95,1797.75
5/5/2021,1778.05,1782.25
5/6/2021,1793.15,1813.15
5/7/2021,1820.5,1836.55
5/10/2021,1834.15,1840.45
5/11/2021,1837.15,1829.1
5/12/2021,1833.6,1830.7
5/13/2021,1814.3,1821.8
5/14/2021,1833.5,1838.1
5/17/2021,1848.45,1853.7
5/18/2021,1867.4,1866.75
5/19/2021,1860,1888.45
5/20/2021,1869.35,1878.3
5/21/2021,1877.65,1875.9
5/24/2021,1876.85,1880.15
5/25/2021,1882.8,1887
5/26/2021,1904.3,1899.75
5/27/2021,1895.05,1891.45
5/28/2021,1892.45,1899.95
5/31/2021,1892.45,1899.95
6/1/2021,1907.7,1899.35
6/2/2021,1895.9,1902.75
6/3/2021,1892.15,1866.55
6/4/2021,1869.55,1890.6
6/7/2021,1882.05,1888.4
6/8/2021,1892.05,1893.15
6/9/2021,1890.45,1894.6
6/10/2021,1882,1888.65
6/11/2021,1891.95,1881.05
6/14/2021,1859.75,1865.6
6/15/2021,1863.85,1865.1
6/16/2021,1858.1,1860.75
6/17/2021,1806.75,1778.7
6/18/2021,1792.35,1773.1
6/21/2021,1782.45,1775.05
6/22/2021,1779.1,1775.05
6/23/2021,1782.9,1791.6
6/24/2021,1780.2,1784.85
6/25/2021,1783.25,1786.65
6/28/2021,1774.25,1780.3
6/29/2021,1769.6,1755.45
6/30/2021,1757.8,1763.15
7/1/2021,1774,1781.5
7/2/2021,1783.5,1786.15
7/5/2021,1790.95,1791.35
7/6/2021,1807.8,1809.85
7/7/2021,1804.25,1804.65
7/8/2021,1810.25,1807.7
7/9/2021,1803.4,1806
7/12/2021,1802.95,1792.4
7/13/2021,1807.85,1813.85
7/14/2021,1813.05,1823.2
7/15/2021,1832,1823.75
7/16/2021,1822,1824.3
7/19/2021,1803.25,1814.9
7/20/2021,1815.3,1823.05
7/21/2021,1805.9,1802.15
7/22/2021,1797.4,1799.45
7/23/2021,1803.05,1799.6
7/26/2021,1808.15,1800.2
7/27/2021,1797.15,1800.35
7/28/2021,1799.3,1796.6
7/29/2021,1819.45,1829.3
7/30/2021,1828.25,1825.75
8/2/2021,1807.55,1811.45
8/3/2021,1809.7,1812.65
8/4/2021,1812.45,1829.1
8/5/2021,1811.2,1800.75
8/6/2021,1799.45,1762.9
8/9/2021,1741.5,1738.85
8/10/2021,1729.55,1723.35
8/11/2021,1734.05,1743.6
8/12/2021,1755.5,1747.4
8/13/2021,1757.65,1773.85
8/16/2021,1775.75,1786.35
8/17/2021,1794.05,1789.45
8/18/2021,1788.1,1783.45
8/19/2021,1788.2,1782.05
8/20/2021,1782.95,1779.05
8/23/2021,1786.9,1802
8/24/2021,1802.95,1808.45
8/25/2021,1794.7,1788.7
8/26/2021,1783.8,1786.6
8/27/2021,1795.5,1798.5
8/30/2021,1795.5,1798.5
8/31/2021,1814.3,1814.85
9/1/2021,1813.9,1811.8
9/2/2021,1815.15,1812.55
9/3/2021,1812.05,1823.7
9/6/2021,1823.85,1821.6
9/7/2021,1810.75,1802.15
9/8/2021,1797.95,1786
9/9/2021,1795.35,1788.25
9/10/2021,1799.9,1794.6
9/13/2021,1787.85,1793.9
9/14/2021,1788.65,1792.75
9/15/2021,1801.4,1796.95
9/16/2021,1781.45,1747.95
9/17/2021,1766.1,1755.95
9/20/2021,1757.15,1757.75
9/21/2021,1766.45,1774.45
9/22/2021,1775.35,1773.4
9/23/2021,1771.05,1750
9/24/2021,1755.15,1746.8
9/27/2021,1749.15,1755.3
9/28/2021,1739.65,1733.75
9/29/2021,1741.65,1737.15
9/30/2021,1730.95,1742.8
10/1/2021,1755.6,1757.05
10/4/2021,1751.85,1754.55
10/5/2021,1758,1753.2
10/6/2021,1748.25,1759.7
10/7/2021,1758.55,1762.1
10/8/2021,1757.5,1773.25
10/11/2021,1752.55,1757.65
10/12/2021,1759.1,1767.75
10/13/2021,1767.45,1785.7
10/14/2021,1797.15,1798.7
10/15/2021,1781.45,1772.65
10/18/2021,1762.45,1767.85
10/19/2021,1779.4,1779.55
10/20/2021,1778.15,1778
10/21/2021,1785.3,1779.3
10/22/2021,1792.3,1808.25
10/25/2021,1799.2,1805.25
10/26/2021,1801.9,1785.55
10/27/2021,1783.85,1795.25
10/28/2021,1798.2,1803.5
10/29/2021,1796.3,1769.15
11/1/2021,1786.55,1793.8
11/2/2021,1791.5,1790.45
11/3/2021,1781.85,1763.45
11/4/2021,1778.1,1796.15
11/5/2021,1793.2,1801.85
11/8/2021,1818,1822.35
11/9/2021,1824.4,1827.3
11/10/2021,1824.95,1859.4
11/11/2021,1859.25,1857.9
11/12/2021,1850,1860.55
11/15/2021,1863.8,1859.9
11/16/2021,1872.25,1859.2
11/17/2021,1858.45,1864.9
11/18/2021,1860.5,1860.3
11/19/2021,1861.4,1861.1
11/22/2021,1841.1,1816.05
11/23/2021,1797.3,1789.15
11/24/2021,1790.8,1782.05
11/25/2021,1790.65,1788.15
11/26/2021,1809.8,1800.8
11/29/2021,1795,1785.95
11/30/2021,1797.6,1804.4
12/1/2021,1786.8,1789.25
12/2/2021,1775.7,1765
12/3/2021,1773.5,1767.55
12/6/2021,1781.25,1778.65
12/7/2021,1779.65,1781.35
12/8/2021,1789.8,1783.8
12/9/2021,1783.4,1776.15
12/10/2021,1771.9,1779.75
12/13/2021,1784.45,1787.8
12/14/2021,1782.35,1776.9
12/15/2021,1769.4,1768.65
12/16/2021,1785.15,1795.7
12/17/2021,1807.5,1807.7
12/20/2021,1797.4,1796.3
12/21/2021,1795.85,1793.75
12/22/2021,1789.9,1792.8
12/23/2021,1805.55,1805.2
12/24/2021,1786.05,1805.2
12/27/2021,1786.05,1805.2
12/28/2021,1786.05,1805.2
12/29/2021,1796.35,1794.25
12/30/2021,1799.25,1805.85
12/31/2021,1820.1,1805.85
1/3/2022,1820.1,1805.85
1/4/2022,1809.05,1811.4
1/5/2022,1818.5,1826.25
1/6/2022,1804.95,1789.35
1/7/2022,1792.2,1792.6
1/10/2022,1800.55,1794.2
1/11/2022,1805.2,1806.8
1/12/2022,1816.4,1821.4
1/13/2022,1822.4,1820.35
1/14/2022,1822.25,1822.95
1/17/2022,1820.05,1817.85
1/18/2022,1810.8,1817.25
1/19/2022,1817.5,1826.95
1/20/2022,1836.7,1845.35
1/21/2022,1834.25,1837.6
1/24/2022,1838.25,1831.6
1/25/2022,1835.65,1847.3
1/26/2022,1845.2,1835.95
1/27/2022,1815.5,1806.75
1/28/2022,1790.2,1788.15
1/31/2022,1790.6,1795.25
2/1/2022,1806.5,1799.85
2/2/2022,1802,1803.65
2/3/2022,1803.75,1792.7
2/4/2022,1814.55,1804.7
2/7/2022,1811.15,1813.55
2/8/2022,1821,1822.6
2/9/2022,1828.1,1827.8
2/10/2022,1832.3,1835.35
2/11/2022,1826.25,1831.15
2/14/2022,1855.8,1866.15
2/15/2022,1855.1,1848.55
2/16/2022,1854.4,1862.6
2/17/2022,1886.55,1893.45
2/18/2022,1886.95,1893.6
2/21/2022,1895.45,1894.45
2/22/2022,1895,1900.1
2/23/2022,1895.7,1904.7
2/24/2022,1968.35,1936.3
2/25/2022,1912.15,1884.8
2/28/2022,1903.3,1909.85
3/1/2022,1920.45,1922
3/2/2022,1926,1928.5
3/3/2022,1935.4,1929.6
3/4/2022,1943.8,1945.3
3/7/2022,1999.25,1980.95
3/8/2022,2007,2039.05
3/9/2022,2017.15,1988.9
3/10/2022,1997.65,1996.6
3/11/2022,1991.45,1978.7
3/14/2022,1961.6,1954.05
3/15/2022,1928.75,1913.65
3/16/2022,1918.75,1913.2
3/17/2022,1941.4,1949.65
3/18/2022,1932.9,1935.8
3/21/2022,1925.05,1935.05
3/22/2022,1929.35,1915.25
3/23/2022,1932.15,1931.75
3/24/2022,1945.9,1965.2
3/25/2022,1956.65,1953.8
3/28/2022,1927,1937.05
3/29/2022,1911.05,1910
3/30/2022,1917.8,1933.85
3/31/2022,1924.1,1942.15
4/1/2022,1933.35,1929.4
4/4/2022,1927.1,1930.3
4/5/2022,1929.45,1944.05
4/6/2022,1929,1930.15
4/7/2022,1926.4,1932.4
4/8/2022,1931.2,1941.4
4/11/2022,1956.85,1951.55
4/12/2022,1951.4,1960.85
4/13/2022,1975.25,1976.75
4/14/2022,1970.6,1963.25
4/15/2022,1970.6,1963.25
4/18/2022,1970.6,1963.25
4/19/2022,1975.95,1964
4/20/2022,1947.55,1949.55
4/21/2022,1945.95,1943.7
4/22/2022,1942,1941.55
4/25/2022,1918.7,1895
4/26/2022,1903.4,1904.6
4/27/2022,1896.15,1885.8
4/28/2022,1890,1888.5
4/29/2022,1915.45,1911.3
5/2/2022,1915.45,1911.3
5/3/2022,1857.9,1869.7
5/4/2022,1868.7,1863.65
5/5/2022,1895.2,1892.3
5/6/2022,1884.3,1882.35
5/9/2022,1865.4,1860.9
5/10/2022,1862.25,1857.35
5/11/2022,1851.75,1851.95
5/12/2022,1850.75,1837.05
5/13/2022,1824.2,1811.55
5/16/2022,1805.8,1809.5
5/17/2022,1828.05,1825
5/18/2022,1818.5,1810.65
5/19/2022,1825.55,1844
5/20/2022,1846.3,1834.2
5/23/2022,1864.3,1856.2
5/24/2022,1858.6,1867.1
5/25/2022,1859.05,1847.2
5/26/2022,1845.15,1848.25
5/27/2022,1858.95,1851.8
5/30/2022,1857.25,1854.95
5/31/2022,1854.4,1838.7
6/1/2022,1829.7,1844.9
6/2/2022,1829.7,1844.9
6/3/2022,1829.7,1844.9
6/6/2022,1851.5,1847.2
6/7/2022,1846.8,1849.6
6/8/2022,1848.35,1852.95
6/9/2022,1849.25,1844.85
6/10/2022,1843.35,1830
6/13/2022,1855.95,1830.85
6/14/2022,1823.65,1818.3
6/15/2022,1823.15,1823.75
6/16/2022,1831.55,1826.5
6/17/2022,1849.85,1841.55
6/20/2022,1841.2,1836.5
6/21/2022,1836.5,1840.25
6/22/2022,1827.3,1841.85
6/23/2022,1831.4,1841.9
6/24/2022,1826.5,1825.45
6/27/2022,1838.05,1826.3
6/28/2022,1827,1819.05
6/29/2022,1811.85,1817.75
6/30/2022,1813.6,1817
7/1/2022,1795.65,1797.45
7/4/2022,1807.05,1808.4
7/5/2022,1804.4,1772
7/6/2022,1766.65,1754.3
7/7/2022,1743.45,1747.95
7/8/2022,1737.05,1738.2
7/11/2022,1737.4,1740
7/12/2022,1734.35,1730.7
7/13/2022,1728.9,1724.6
7/14/2022,1716.15,1700.7
7/15/2022,1702.55,1706.15
7/18/2022,1723.65,1719.05
7/19/2022,1712.95,1713.05
7/20/2022,1712.65,1709.3
7/21/2022,1686.55,1705.1
7/22/2022,1725,1736.95
7/25/2022,1731.95,1718.9
7/26/2022,1719.85,1720.05
7/27/2022,1723.95,1714.05
7/28/2022,1746.6,1753.5
7/29/2022,1758.9,1753.4
8/1/2022,1766.75,1772.4
8/2/2022,1772.9,1779.75
8/3/2022,1766.6,1761.25
8/4/2022,1777.9,1783.2
8/5/2022,1786.75,1773.25
8/8/2022,1775.7,1784.05
8/9/2022,1790.6,1795.25
8/10/2022,1793.5,1795.05
8/11/2022,1789.7,1796.7
8/12/2022,1788.45,1792.1
8/15/2022,1781.45,1776.6
8/16/2022,1776.15,1774.85
8/17/2022,1773.65,1767.2
8/18/2022,1765.6,1765.55
8/19/2022,1752.9,1750.75
8/22/2022,1732.8,1733.25
8/23/2022,1739.45,1746.55
8/24/2022,1752,1745.65
8/25/2022,1762.4,1753.55
8/26/2022,1752.1,1751.25
8/29/2022,1752.1,1751.25
8/30/2022,1734,1730.3
8/31/2022,1712.4,1715.9
9/1/2022,1706,1694.3
9/2/2022,1706.9,1712.5
9/5/2022,1711.95,1710.95
9/6/2022,1712.5,1702.6
9/7/2022,1705.05,1702.65
9/8/2022,1720.25,1709.35
9/9/2022,1726.95,1713.4
9/12/2022,1726.5,1726.4
9/13/2022,1727.05,1704.85
9/14/2022,1703.8,1703.9
9/15/2022,1689,1689.1
9/16/2022,1664.3,1664.65
9/19/2022,1664.3,1664.65
9/20/2022,1667.9,1664.15
9/21/2022,1674.45,1671.75
9/22/2022,1671.85,1671.85
9/23/2022,1661.45,1643.55
9/26/2022,1647,1643.35
9/27/2022,1632.6,1634.3
9/28/2022,1618.2,1652.15
9/29/2022,1646.6,1654.8
9/30/2022,1672.75,1671.75
10/3/2022,1660.8,1668.4
10/4/2022,1709.15,1714.85
10/5/2022,1712.15,1700.5
10/6/2022,1716,1714.2
10/7/2022,1711.5,1696.15
10/10/2022,1680.05,1676.55
10/11/2022,1664.15,1664.7
10/12/2022,1672.3,1670.65
10/13/2022,1676.4,1648.1
10/14/2022,1655.15,1649.3
10/17/2022,1658,1664.75
10/18/2022,1652.25,1653
10/19/2022,1640.7,1631.7
10/20/2022,1633.2,1635.3
10/21/2022,1624.55,1643.25
10/24/2022,1646.35,1649.15
10/25/2022,1642.85,1659.25
10/26/2022,1670.8,1666.75
10/27/2022,1663.3,1659.75
10/28/2022,1649.25,1648.05
10/31/2022,1638.85,1639
11/1/2022,1652.55,1645.25
11/2/2022,1656.45,1649.55
11/3/2022,1620.65,1628.75
11/4/2022,1648.8,1674.4
11/7/2022,1679.9,1678.95
11/8/2022,1670.8,1678.65
11/9/2022,1705.15,1715.25
11/10/2022,1705.65,1744.75
11/11/2022,1764.75,1759.35
11/14/2022,1757.35,1768.9
11/15/2022,1775.1,1771.35
11/16/2022,1783.2,1773
11/17/2022,1764.55,1758.6
11/18/2022,1764.75,1751.6
11/21/2022,1739.65,1740.4
11/22/2022,1747,1742.95
11/23/2022,1735.75,1740.15
11/24/2022,1755.25,1755.4
11/25/2022,1753.55,1751.85
11/28/2022,1762.9,1746.55
11/29/2022,1755.35,1752.7
11/30/2022,1759.65,1753.5
12/1/2022,1779.6,1803.15
12/2/2022,1800.75,1784.75
12/5/2022,1794.35,1776.8
12/6/2022,1773.35,1773.8
12/7/2022,1771.85,1782.2
12/8/2022,1782.45,1790.15
12/9/2022,1793,1796.15
12/12/2022,1790.6,1786.6
12/13/2022,1785.15,1823.55
12/14/2022,1808.2,1808.05
12/15/2022,1775.95,1783.55
12/16/2022,1780.15,1792.55
12/19/2022,1796.5,1790.8
12/20/2022,1806.35,1813.9
12/21/2022,1813.5,1817.55
12/22/2022,1815.2,1800.7
12/23/2022,1797.4,1800.7
12/26/2022,1797.4,1800.7
12/27/2022,1797.4,1800.7
12/28/2022,1802.65,1803.35
12/29/2022,1805.4,1813.75
12/30/2022,1812.35,1813.75
1/2/2023,1812.35,1813.75
1/3/2023,1835.05,1843.25
1/4/2023,1857.55,1857.3
1/5/2023,1850.25,1834
1/6/2023,1834.5,1852.2
1/9/2023,1873.8,1878.85
1/10/2023,1875.2,1878.65
1/11/2023,1884.25,1872.35
1/12/2023,1883.1,1882.55
1/13/2023,1904.05,1907.15
1/16/2023,1915.1,1917
1/17/2023,1904.95,1913.8
1/18/2023,1911.55,1920.7
1/19/2023,1907.5,1918.6
1/20/2023,1928.75,1924.9
1/23/2023,1927.2,1914.85
1/24/2023,1936.5,1920.75
1/25/2023,1925.85,1930.8
1/26/2023,1936.45,1932.45
1/27/2023,1928.25,1923.05
1/30/2023,1926.75,1924.1
1/31/2023,1905.2,1923.9
2/1/2023,1925.6,1925.9
2/2/2023,1954.9,1921.65
2/3/2023,1910,1875.35
2/6/2023,1873.5,1873.25
2/7/2023,1873.8,1870.7
2/8/2023,1880.75,1872.65
2/9/2023,1882.1,1879.1
2/10/2023,1864.1,1859.7
2/13/2023,1858.5,1856.05
2/14/2023,1860.5,1863.7
2/15/2023,1835.45,1831.2
2/16/2023,1837.3,1828.95
2/17/2023,1824.5,1833.95
2/20/2023,1844.2,1845.8
2/21/2023,1833.2,1836.85
2/22/2023,1833.45,1835.75
2/23/2023,1826.95,1826.05
2/24/2023,1824.1,1810.95
2/27/2023,1809.05,1818.65
2/28/2023,1810.2,1824.6
3/1/2023,1833.5,1841.25
3/2/2023,1831.75,1836.2
3/3/2023,1845.55,1841.15
3/6/2023,1851.7,1849.05
3/7/2023,1843.05,1826.55
3/8/2023,1813.35,1816.3
3/9/2023,1817.5,1831.4
3/10/2023,1834.95,1861.25
3/13/2023,1882.1,1911.3
3/14/2023,1901.45,1907.55
3/15/2023,1906,1923.4
3/16/2023,1919.4,1922.75
3/17/2023,1930.9,1962.1
3/20/2023,1981.95,1969.35
3/21/2023,1965.95,1952.5
3/22/2023,1941.85,1949.35
3/23/2023,1977.55,1977.95
3/24/2023,1996.15,1993.8
3/27/2023,1960.25,1946.25
3/28/2023,1949.85,1962.85
3/29/2023,1965.85,1965
3/30/2023,1968.1,1965.8
3/31/2023,1978.8,1979.7
4/3/2023,1963.1,1983.3
4/4/2023,1982.25,2009.6
4/5/2023,2022.3,2030.85
4/6/2023,2017.25,2001.9
4/7/2023,2017.25,2001.9
4/10/2023,2017.25,2001.9
4/11/2023,2001.5,2002.7
4/12/2023,2008.9,2008.2
4/13/2023,2027.1,2048.45
4/14/2023,2035.65,2019.4
4/17/2023,2009.8,1995.55
4/18/2023,1999.3,1999.4
4/19/2023,1976.1,1990.55
4/20/2023,1994.05,2007.15
4/21/2023,1986.1,1973.65
4/24/2023,1986.15,1978.2
4/25/2023,1990.2,1987.4
4/26/2023,1999.05,2003
4/27/2023,1997.65,1985.65
4/28/2023,1982.7,1982.55
5/1/2023,1982.7,1982.55
5/2/2023,1980.9,1995.4
5/3/2023,2016.9,2014.3
5/4/2023,2036.05,2044.7
5/5/2023,2038.9,2000.95
5/8/2023,2038.9,2000.95
5/9/2023,2025.6,2030.2
5/10/2023,2029.6,2037.15
5/11/2023,2025.75,2015.95
5/12/2023,2006.65,2019.9
5/15/2023,2015.3,2019.9
5/16/2023,2009.9,2007.45
5/17/2023,1985.75,1974.4
5/18/2023,1976.95,1960.3
5/19/2023,1965.55,1961.6
5/22/2023,1981.2,1970.3
5/23/2023,1959.65,1969.2
5/24/2023,1976.8,1969.65
5/25/2023,1962.3,1948.25
5/26/2023,1953.5,1947.9
5/29/2023,1953.5,1947.9
5/30/2023,1949.5,1952.45
5/31/2023,1959,1964.4
6/1/2023,1958.75,1974.35
6/2/2023,1981,1963.25
6/5/2023,1942.5,1959.65
6/6/2023,1961.9,1957.25
6/7/2023,1963.05,1967.35
6/8/2023,1947.25,1966.4
6/9/2023,1963.55,1960.3
6/12/2023,1964.15,1952.9
6/13/2023,1964,1954.4
6/14/2023,1951.9,1955.8
6/15/2023,1934.65,1952.35
6/16/2023,1964.1,1959.75
6/19/2023,1954.35,1951.15
6/20/2023,1953.85,1930.45
6/21/2023,1935.25,1925.65
6/22/2023,1927.95,1920.05
6/23/2023,1919.35,1930.7
6/26/2023,1930.55,1922.9
6/27/2023,1923.95,1918.9
6/28/2023,1909.85,1908.4
6/29/2023,1904.05,1899.6
6/30/2023,1903.55,1912.25
7/3/2023,1913.75,1928.75
7/4/2023,1929.75,1927.75
7/5/2023,1928.3,1924.65
7/6/2023,1919.15,1908.8
7/7/2023,1915.65,1922.3
7/10/2023,1925.05,1922.8
7/11/2023,1936.2,1933.95
7/12/2023,1935.75,1953.3
7/13/2023,1959.6,1958.05
7/14/2023,1956.5,1953.7
7/17/2023,1955.05,1949.6
7/18/2023,1961.95,1975
7/19/2023,1978.15,1975.35
7/20/2023,1981.5,1976.1
7/21/2023,1963.8,1960.6
7/24/2023,1964.75,1960
7/25/2023,1963.1,1958.7
7/26/2023,1972,1966.3
7/27/2023,1975.2,1945.35
7/28/2023,1950.15,1954.25
7/31/2023,1955.55,1970.65
8/1/2023,1956.75,1947.2
8/2/2023,1949.7,1944.2
8/3/2023,1936.9,1935.65
8/4/2023,1934,1942.45
8/7/2023,1936.9,1931.7
8/8/2023,1934.8,1926.4
8/9/2023,1928.4,1922.75
8/10/2023,1920.1,1920.9
8/11/2023,1918.05,1915.8
8/14/2023,1913.5,1903.75
8/15/2023,1904.1,1903.85
8/16/2023,1906.8,1904.2
8/17/2023,1893.95,1896.35
8/18/2023,1891.75,1893.7
8/21/2023,1890.1,1889.85
8/22/2023,1901.85,1892.75
8/23/2023,1904.55,1916.65
8/24/2023,1920.7,1917.05
8/25/2023,1917.85,1915.5
8/28/2023,1917.85,1915.5
8/29/2023,1923.5,1930
8/30/2023,1938.35,1947.55
8/31/2023,1944.2,1942.3
9/1/2023,1944.3,1940.55
9/4/2023,1942.05,1937.2
9/5/2023,1931.8,1926.1
9/6/2023,1923.45,1922.05
9/7/2023,1919.85,1918.35
9/8/2023,1925.55,1927.8
9/11/2023,1926.6,1924.95
9/12/2023,1918.9,1908.55
9/13/2023,1912.15,1913.8
9/14/2023,1906.45,1901.75
9/15/2023,1918.7,1927.7
9/18/2023,1926.4,1923.5
9/19/2023,1935,1934.9
9/20/2023,1930.15,1943.35
9/21/2023,1923.4,1915
9/22/2023,1926.2,1927.35
9/25/2023,1922.55,1924.85
9/26/2023,1912.3,1907.05
9/27/2023,1895.55,1887.3
9/28/2023,1874.1,1873.55
9/29/2023,1871.6,1870.5
10/2/2023,1831.85,1833.05
10/3/2023,1828.3,1822.45
10/4/2023,1823.25,1818.95
10/5/2023,1822.75,1819.45
10/6/2023,1821.9,1819.6
10/9/2023,1852.3,1845.5
10/10/2023,1859.7,1857
10/11/2023,1870,1871.25
10/12/2023,1881.15,1874
10/13/2023,1887,1909.2
10/16/2023,1914.65,1918.05
10/17/2023,1923.45,1928.2
10/18/2023,1943.85,1955.7
10/19/2023,1948.65,1953.55
10/20/2023,1984.2,1988.5
10/23/2023,1980.95,1973
10/24/2023,1967.4,1963.65
10/25/2023,1970.15,1983.3
10/26/2023,1991.45,1975
10/27/2023,1987.6,1982.9
10/30/2023,1996.15,1997.6
10/31/2023,1997.6,1996.9
11/1/2023,1982.5,1986.35
11/2/2023,1986.7,1983.6
11/3/2023,1988.5,1994.45
11/6/2023,1987.1,1984.6
11/7/2023,1967.8,1960.7
11/8/2023,1960.1,1959.35
11/9/2023,1946.75,1957.45
11/10/2023,1953.45,1941.65
11/13/2023,1937.45,1931.15
11/14/2023,1946.55,1969.05
11/15/2023,1973.4,1958.2
11/16/2023,1966.5,1980.1
11/17/2023,1992.15,1981.05
11/20/2023,1976.05,1968.7
11/21/2023,1988.55,2006.6
11/22/2023,1999.9,1997.55
11/23/2023,1992.6,1992.85
11/24/2023,1995.2,2000.85
11/27/2023,2011.7,2013.7
11/28/2023,2014,2025.65
11/29/2023,2037.6,2046.95
11/30/2023,2037.85,2035.45
12/1/2023,2044.55,2045.4
12/4/2023,2066.95,2049.05
12/5/2023,2023.45,2023.35
12/6/2023,2021.4,2026.4
12/7/2023,2033.3,2026.9
12/8/2023,2030,2008.1
12/11/2023,1991.95,1986.65
12/12/2023,1986.9,1980.85
12/13/2023,1981.55,1982.5
12/14/2023,2034.1,2046.1
12/15/2023,2043.65,2032.3
12/18/2023,2020.95,2023.95
12/19/2023,2026,2041.35
12/20/2023,2036.35,2035.55
12/21/2023,2034.3,2041.7
12/22/2023,2055.6,2041.7
12/25/2023,2055.6,2041.7
12/26/2023,2055.6,2041.7
12/27/2023,2061.7,2069.4
12/28/2023,2077.8,2078.4
12/29/2023,2062.4,2078.4
1/1/2024,2062.4,2078.4
1/2/2024,2074.9,2067.55
1/3/2024,2054.05,2042.1
1/4/2024,2049.05,2039.55
1/5/2024,2037.7,2056.35
1/8/2024,2028,2025.1
1/9/2024,2038.15,2034.9
1/10/2024,2036.25,2026.8
1/11/2024,2031.85,2029.15
1/12/2024,2039.55,2055.65
1/15/2024,2053.85,2049.9
1/16/2024,2039.75,2038.15
1/17/2024,2027.55,2011.75
1/18/2024,2012.2,2013.2
1/19/2024,2029.5,2028.55
1/22/2024,2023.9,2021.6
1/23/2024,2026.85,2022.95
1/24/2024,2030.5,2024.65
1/25/2024,2018.15,2023.75
1/26/2024,2021.1,2018.45
1/29/2024,2027.35,2022.5
1/30/2024,2036.8,2043.05
1/31/2024,2037.9,2053.25
2/1/2024,2037.55,2045.85
2/2/2024,2054.2,2034.15
2/5/2024,2024.5,2018
2/6/2024,2025.05,2030.8
2/7/2024,2033.2,2041.6
2/8/2024,2037.05,2028.65
2/9/2024,2031.65,2023.5
2/12/2024,2021,2015.2
2/13/2024,2026.2,1996.1
2/14/2024,1990.8,1985.1
2/15/2024,1996.9,2004.05
2/16/2024,2005.4,1997.9
2/19/2024,2020.35,2017.05
2/20/2024,2026.8,2029.1
2/21/2024,2028.8,2026.75
2/22/2024,2030.9,2024
2/23/2024,2019.3,2027.45
2/26/2024,2035.15,2027.2
2/27/2024,2036,2035.05
2/28/2024,2025.25,2032.45
2/29/2024,2032.8,2048.05
3/1/2024,2050.3,2049.8
3/4/2024,2083.15,2098.05
3/5/2024,2126.25,2134.4
3/6/2024,2127.35,2142.85
3/7/2024,2156.85,2153.45
3/8/2024,2168.65,2171.2
3/11/2024,2178.45,2180.45
3/12/2024,2176.4,2161.25
3/13/2024,2160.85,2168.4
3/14/2024,2169.8,2160.8
3/15/2024,2170.35,2163.45
3/18/2024,2155.3,2158.15
3/19/2024,2154.3,2154.9
3/20/2024,2153.4,2157.45
3/21/2024,2210.65,2170.5
3/22/2024,2166.25,2171.6
3/25/2024,2168.35,2176.7
3/26/2024,2193.45,2179.8
3/27/2024,2192.05,2192.7
3/28/2024,2207,2214.35
3/29/2024,2207,2214.35
4/1/2024,2207,2214.35
4/2/2024,2264.55,2264.5
4/3/2024,2270.75,2280.15
4/4/2024,2292.5,2293.5
4/5/2024,2288.45,2298.55
4/8/2024,2336.9,2320.25
4/9/2024,2364.2,2356.1
4/10/2024,2346.85,2333
4/11/2024,2331.75,2345.65
4/12/2024,2394.8,2401.5
4/15/2024,2347.15,2344.2
4/16/2024,2369,2369.15
4/17/2024,2393.75,2390.35
4/18/2024,2379.85,2382.7
4/19/2024,2381.8,2379.7
4/22/2024,2361.45,2334.95
4/23/2024,2298.15,2328.45
4/24/2024,2312.3,2320.25
4/25/2024,2325.65,2318.7
4/26/2024,2349.8,2343.1
4/29/2024,2337.6,2333.55
4/30/2024,2314.8,2307
5/1/2024,2288.5,2302.35
5/2/2024,2300.55,2288.85
5/3/2024,2301.1,2294.45
5/6/2024,2301.1,2294.45
5/7/2024,2315,2319.6
5/8/2024,2308.55,2309.05
5/9/2024,2308.7,2325.7
5/10/2024,2371.05,2372.45
5/13/2024,2340.3,2343.8
5/14/2024,2347.4,2354.85
5/15/2024,2371.8,2357.5
5/16/2024,2383.65,2377.4
5/17/2024,2381.75,2402.6
5/20/2024,2444.35,2420.3
5/21/2024,2417.05,2427.3
5/22/2024,2414.25,2407.9
5/23/2024,2361.8,2357.35
5/24/2024,2339.75,2342.7
5/27/2024,2339.75,2342.7
5/28/2024,2344.7,2350.65
5/29/2024,2340.9,2343.35
5/30/2024,2337.55,2348.55
5/31/2024,2342.9,2348.25
6/3/2024,2324.7,2337.7
6/4/2024,2330.5,2326
6/5/2024,2332.25,2340.05
6/6/2024,2360.85,2360.6
6/7/2024,2338,2310.8
6/10/2024,2297.65,2304.4
6/11/2024,2302.5,2316.5
6/12/2024,2314.9,2326.25
6/13/2024,2316.35,2310.8
6/14/2024,2316.9,2330.45
6/17/2024,2320.7,2319.9
6/18/2024,2312.05,2324.35
6/19/2024,2328.6,2324.25
6/20/2024,2332.95,2351.6
6/21/2024,2364,2335.05
6/24/2024,2327.2,2328.75
6/25/2024,2332.4,2325.05
6/26/2024,2316.1,2299.65
6/27/2024,2310.55,2323.6
6/28/2024,2327.6,2330.9
7/1/2024,2327.8,2329.1
7/2/2024,2329,2331.75
7/3/2024,2342.55,2361.35
7/4/2024,2357.2,2358.65
7/5/2024,2365.35,2379.05
7/8/2024,2371.65,2376.65
7/9/2024,2362.4,2367.9
7/10/2024,2372.9,2384.35
7/11/2024,2383.55,2409.2
7/12/2024,2404.15,2406.85
7/15/2024,2408.5,2421.25
7/16/2024,2439.35,2443.2
7/17/2024,2470.35,2480.25
7/18/2024,2466.95,2463.8
7/19/2024,2415.8,2403.5
7/22/2024,2401.4,2392.7
7/23/2024,2404.45,2403.1
7/24/2024,2411.3,2421.45
7/25/2024,2371.25,2364.2
7/26/2024,2374.55,2386.1
7/29/2024,2392.1,2391.1
7/30/2024,2389.15,2390.25
7/31/2024,2419.6,2426.3
8/1/2024,2434,2454.55
8/2/2024,2461.75,2469.85
8/5/2024,2421.75,2393.85
8/6/2024,2414.15,2396.55
8/7/2024,2392.85,2400.45
8/8/2024,2396.3,2411.45
8/9/2024,2423.45,2427.35
8/12/2024,2442.1,2450.85
8/13/2024,2460.55,2471.55
8/14/2024,2472,2456.7
8/15/2024,2456.25,2446.65
8/16/2024,2462.15,2485.8
8/19/2024,2500.05,2494.55
8/20/2024,2521.55,2529.75
8/21/2024,2507.65,2497.95
8/22/2024,2505.1,2483
8/23/2024,2500.3,2511.2
8/26/2024,2500.3,2511.2
8/27/2024,2510.3,2508.55
8/28/2024,2509.55,2505.25
8/29/2024,2517.05,2518.1
8/30/2024,2524.15,2513.35
9/2/2024,2502,2498.6
9/3/2024,2503.25,2479.8
9/4/2024,2474.45,2487.95
9/5/2024,2516.85,2509.55
9/6/2024,2517.7,2506.15
9/9/2024,2496.65,2499.7
9/10/2024,2502.35,2506.3
9/11/2024,2521.9,2507.75
9/12/2024,2516.55,2545.95
9/13/2024,2571.35,2575.1
9/16/2024,2587.45,2584
9/17/2024,2575.5,2574.55
9/18/2024,2568.35,2570.1
9/19/2024,2590.6,2575.35
9/20/2024,2606.45,2605.85
9/23/2024,2617.25,2629.95
9/24/2024,2628.55,2635.95
9/25/2024,2653.8,2661.45
9/26/2024,2668.9,2663.75
9/27/2024,2660.55,2661.85
9/30/2024,2650.15,2629.95
10/1/2024,2648.85,2667.55
10/2/2024,2655.1,2660.95
10/3/2024,2644,2647.65
10/4/2024,2657.5,2650.05
10/7/2024,2651.6,2640.95
10/8/2024,2639.55,2639.9
10/9/2024,2617.55,2610.7
10/10/2024,2617.25,2628.95
10/11/2024,2637.05,2648.8
10/14/2024,2659,2654.9
10/15/2024,2653.25,2649.05
10/16/2024,2679.4,2675.25
10/17/2024,2678.45,2688.85
10/18/2024,2711.6,2712.5
10/21/2024,2734.3,2736.45
10/22/2024,2733.55,2736.5
10/23/2024,2751,2736.45
10/24/2024,2740,2732
10/25/2024,2719.25,2731.45
10/28/2024,2730.4,2741.8
10/29/2024,2749.15,2769.15
10/30/2024,2783.95,2777.8
10/31/2024,2779.4,2734.15
11/1/2024,2747.35,2744.3
11/4/2024,2741.35,2742.6
11/5/2024,2738.75,2742.55
11/6/2024,2726.2,2660.2
11/7/2024,2667.05,2692
11/8/2024,2685.2,2691.15
11/11/2024,2670.55,2624.75
11/12/2024,2590.75,2606.85
11/13/2024,2609.75,2598.75
11/14/2024,2548.45,2567.3
11/15/2024,2566.7,2571.8
11/18/2024,2590.1,2606.85
11/19/2024,2635.95,2623.2
11/20/2024,2624.3,2640.55
11/21/2024,2669.7,2665.3
11/22/2024,2706.25,2694.95
11/25/2024,2670.4,2635.4
11/26/2024,2630.3,2622.1
11/27/2024,2648,2640.85
11/28/2024,2646.4,2641.85
11/29/2024,2664.3,2651.05
12/2/2024,2637.25,2642.15
12/3/2024,2645.35,2640.65
12/4/2024,2642.05,2648.65
12/5/2024,2649.15,2640.15
12/6/2024,2636.5,2637.3
12/9/2024,2655.85,2671.9
12/10/2024,2670.45,2689.6
12/11/2024,2697.45,2705.45
12/12/2024,2713.6,2684.35
12/13/2024,2669.55,2659.05
12/16/2024,2660.95,2654.2
12/17/2024,2641.6,2636.35
12/18/2024,2648.35,2635.65
12/19/2024,2621.3,2592.45
12/20/2024,2606.15,2616.45
12/23/2024,2620.55,2613.8
12/24/2024,2613.75,2613.8
12/25/2024,2613.75,2613.8
12/26/2024,2613.75,2613.8
12/27/2024,2625.55,2615.95
12/30/2024,2610.3,2609.1
12/31/2024,2610.85,2609.1
1/1/2025,2610.85,2609.1
1/2/2025,2644.6,2646.3
1/3/2025,2654.3,2646.8
1/6/2025,2631.8,2633.35
1/7/2025,2644.4,2650.85
1/8/2025,2653.45,2659.65
1/9/2025,2666.35,2674.6
1/10/2025,2679.45,2687.45
1/13/2025,2679.8,2669.5
1/14/2025,2666.4,2667
1/15/2025,2686.6,2677.7
1/16/2025,2707.45,2716.5
1/17/2025,2705.1,2715.2
1/20/2025,2707.5,2707.7
1/21/2025,2721.4,2737.8
1/22/2025,2760.15,2751.8
1/23/2025,2747.2,2744.25
1/24/2025,2771.05,2776.8
1/27/2025,2767.1,2742.4
1/28/2025,2743.7,2751.9
1/29/2025,2759.4,2756.3
1/30/2025,2778.15,2787.25
1/31/2025,2791.5,2812.05
2/3/2025,2794.15,2826.1
2/4/2025,2813.2,2843.55
2/5/2025,2873.8,2871.15
2/6/2025,2861.2,2838.95
2/7/2025,2866.45,2874.65
2/10/2025,2895.55,2904.45
2/11/2025,2906.85,2895.4
2/12/2025,2883.35,2891.5
2/13/2025,2917.45,2915.3
2/14/2025,2938.05,2921.25
2/17/2025,2898.2,2900.55
2/18/2025,2908.85,2927.1
2/19/2025,2944.4,2936.85
2/20/2025,2953.05,2932.05
2/21/2025,2929.7,2934.15
2/24/2025,2940.6,2931.9
2/25/2025,2942.05,2933.25
2/26/2025,2913.55,2901
2/27/2025,2891.65,2880.8
2/28/2025,2861.4,2834.55
3/3/2025,2868.25,2880.7
3/4/2025,2911.6,2905.9
3/5/2025,2917.7,2913.25
3/6/2025,2901.65,2922.2
3/7/2025,2918.5,2931.15
3/10/2025,2902.1,2910.2
3/11/2025,2913.45,2916.9
3/12/2025,2913.6,2924.8
3/13/2025,2944.65,2974.05
3/14/2025,2999.85,2978.05
3/17/2025,2996.15,2996.5
3/18/2025,3021.7,3025.8
3/19/2025,3034,3027.55
3/20/2025,3026.2,3038.15
3/21/2025,3031.3,3013.7
3/24/2025,3030.25,3007.75
3/25/2025,3021.35,3025.2
3/26/2025,3021.85,3013.25
3/27/2025,3051.7,3056.55
3/28/2025,3070.4,3071.6
3/31/2025,3120.2,3115.1
4/1/2025,3131.5,3133.7
4/2/2025,3127.05,3119.75
4/3/2025,3128.15,3118.1
4/4/2025,3090.3,3054.5
4/7/2025,3025.1,3014.75
4/8/2025,3002.7,3015.4
4/9/2025,3044.7,3075.5
4/10/2025,3106.65,3143.15
4/11/2025,3213.75,3230.5
4/14/2025,3220.65,3204.2
4/15/2025,3227.35,3219.6
4/16/2025,3304.4,3322.9
4/17/2025,3324.35,3305.65
4/18/2025,3324.35,3305.65
4/21/2025,3324.35,3305.65
4/22/2025,3454.7,3433.55
4/23/2025,3332.85,3262.95
4/24/2025,3331.05,3314.75
4/25/2025,3299.35,3277.3
4/28/2025,3278.65,3296.3
4/29/2025,3314.95,3305.05
4/30/2025,3284.3,3302.05
5/1/2025,3225.75,3214.75
5/2/2025,3263.05,3249.7
5/5/2025,3263.05,3249.7
5/6/2025,3377.35,3391.45
5/7/2025,3375.75,3392.25
5/8/2025,3341.1,3352.3
5/9/2025,3324.45,3324.55
5/12/2025,3222.6,3235.4
5/13/2025,3254.1,3227.95
5/14/2025,3230.95,3191.95
5/15/2025,3171.35,3191.05
5/16/2025,3210.05,3182.95
5/19/2025,3239.05,3230.15
5/20/2025,3238.45,3261.55
5/21/2025,3310.25,3299.65
5/22/2025,3305.9,3284
5/23/2025,3330.1,3342.65
5/26/2025,3330.1,3342.65
5/27/2025,3295.75,3296.7
5/28/2025,3321.65,3300.85
5/29/2025,3278.9,3312.4
5/30/2025,3293.55,3277.55
6/2/2025,3345.1,3370.85
6/3/2025,3358.2,3334.75
6/4/2025,3363.1,3364.6
6/5/2025,3385.6,3374.6
6/6/2025,3356.05,3339.9
6/9/2025,3317.8,3319.3
6/10/2025,3327.65,3337.7
6/11/2025,3338.1,3329.7
6/12/2025,3360.45,3391.4
6/13/2025,3420.2,3435.35
6/16/2025,3417.3,3397.6
6/17/2025,3380.55,3388.45
6/18/2025,3381.35,3391.5
6/19/2025,3370.45,3368.9
6/20/2025,3355.15,3368.25
6/23/2025,3363,3380.55
6/24/2025,3319.5,3302.5
6/25/2025,3322.4,3318.25
6/26/2025,3340.2,3318.7
6/27/2025,3286.25,3271.75
6/30/2025,3277.25,3287.45
7/1/2025,3343.15,3349
7/2/2025,3338.5,3335.7
7/3/2025,3350,3332.15
7/4/2025,3333.7,3331.9
7/7/2025,3306,3315.35
7/8/2025,3322.25,3314.75
7/9/2025,3288.05,3300.15
7/10/2025,3326.05,3312.6
7/11/2025,3336.05,3352.1
7/14/2025,3363.55,3351.15
7/15/2025,3359.5,3345.1
7/16/2025,3339.4,3323.8
7/17/2025,3329.3,3318.5
7/18/2025,3351.6,3355.1
7/21/2025,3362.6,3386.2
7/22/2025,3385.6,3409.85
7/23/2025,3430.15,3413.55
7/24/2025,3361.55,3365.85
7/25/2025,3346.6,3343.5
7/28/2025,3338.2,3305.25
7/29/2025,3325,3316.5
7/30/2025,3331.7,3304.3
7/31/2025,3306.8,3298.85
8/1/2025,3294.9,3346.85
8/4/2025,3359.05,3380.05
8/5/2025,3363.25,3375.3
8/6/2025,3362.7,3372
8/7/2025,3375.95,3383.75
8/8/2025,3397.1,3394.15
8/11/2025,3358.1,3356.4
8/12/2025,3347.55,3343.3
8/13/2025,3362.05,3364.4
8/14/2025,3356.7,3343.85
8/15/2025,3344.35,3335.5
8/18/2025,3348.45,3332.4
8/19/2025,3337.9,3334.45
8/20/2025,3327.25,3344.65
8/21/2025,3339.7,3338.3
8/22/2025,3328.4,3334.25
8/25/2025,3328.4,3334.25
8/26/2025,3372.9,3367.1
8/27/2025,3381.9,3376.35
8/28/2025,3397.85,3407.65
8/29/2025,3407.5,3429.15
9/1/2025,3468.8,3474.9
9/2/2025,3478,3490
9/3/2025,3536.9,3556.2
9/4/2025,3539.45,3546.3
9/5/2025,3548.6,3594.55
9/8/2025,3610.5,3632.65
9/9/2025,3654.1,3649.55
9/10/2025,3646.4,3650.75
9/11/2025,3617.95,3629.55
9/12/2025,3645.35,3651.1
9/15/2025,3638.2,3657.65
9/16/2025,3695.4,3695.4
9/17/2025,3669.7,3681
9/18/2025,3672.45,3643.7
9/19/2025,3657.85,3663.15
9/22/2025,3721.25,3719.7
9/23/2025,3788.4,3783.8
9/24/2025,3768.05,3761.6
9/25/2025,3752.4,3730.75
9/26/2025,3748.75,3769.85
9/29/2025,3812.85,3826.85
9/30/2025,3806.55,3825.3
10/1/2025,3886.1,3872
10/2/2025,3877.5,3878.1
10/3/2025,3860.7,3885.7
10/6/2025,3941.95,3949.45
10/7/2025,3962.3,3979
10/8/2025,4034.75,4040.05
10/9/2025,4040.6,4019.25
10/10/2025,3998.05,3974.5
10/13/2025,4070.9,4095.95
10/14/2025,4143.8,4126.3
10/15/2025,4191.25,4204.6
10/16/2025,4225.55,4261.95
10/17/2025,4338.25,4224.75
10/20/2025,4252.75,4294.35
10/21/2025,4275.1,4169.6
10/22/2025,4081.5,4070
10/23/2025,4125.7,4143.75
10/24/2025,4069.65,4104.4
10/27/2025,4029.7,3970.8
10/28/2025,3910.2,3948.5
10/29/2025,4024.5,4006.7
10/30/2025,3986.4,3994.15
10/31/2025,4013.2,4011.5
11/3/2025,3994.15,4025.25
11/4/2025,3992.7,3951.1
11/5/2025,3964.85,3968.2
11/6/2025,4004.3,3986.5
11/7/2025,4006.4,3994.1
11/10/2025,4077.6,4090.25
11/11/2025,4137.5,4123.3
11/12/2025,4120.1,4136.75
11/13/2025,4234.3,4195.65
11/14/2025,4161.2,4071.1
11/17/2025,4083.2,4072.5
11/18/2025,4041.05,4060.85
11/19/2025,4110.65,4126.95
11/20/2025,4062.55,4090.6
11/21/2025,4034.3,4072.85
11/24/2025,4067.95,4082.05
11/25/2025,4130.15,4126.45
11/26/2025,4155.95,4139.6
11/27/2025,4154,4153.95
11/28/2025,4159.4,4191.05
12/1/2025,4254.1,4238.85
12/2/2025,4185.7,4214.75
12/3/2025,4185.7,4214.75
