Pricing Date,823 | Share Price (Daily)(HK$),823 | Volume (Daily)
2/1/2015,,
2/2/2015,52.7,2361801
2/3/2015,51.95,4337828
2/4/2015,52.55,3715185
2/5/2015,53.05,2408133
2/6/2015,52.7,2360632
2/7/2015,,
2/8/2015,,
2/9/2015,52.1,2424566
2/10/2015,51.65,3598955
2/11/2015,50.7,5264455
2/12/2015,50.15,5864580
2/13/2015,50.45,6994316
2/14/2015,,
2/15/2015,,
2/16/2015,50.25,3904533
2/17/2015,49.7,6940460
2/18/2015,50.15,4126773
2/19/2015,,
2/20/2015,,
2/21/2015,,
2/22/2015,,
2/23/2015,49.45,5588813
2/24/2015,49.55,4756999
2/25/2015,50.15,6451742
2/26/2015,49.6,5733224
2/27/2015,49.5,7709733
2/28/2015,,
3/1/2015,,
3/2/2015,49.6,4361706
3/3/2015,50,8911755
3/4/2015,49.15,4449819
3/5/2015,48.45,7141082
3/6/2015,48.65,5286148
3/7/2015,,
3/8/2015,,
3/9/2015,47.9,6115259
3/10/2015,46.95,9952715
3/11/2015,47.8,5668244
3/12/2015,47.55,4352515
3/13/2015,47.35,4039250
3/14/2015,,
3/15/2015,,
3/16/2015,47,4201956
3/17/2015,47,4377699
3/18/2015,46.6,6896836
3/19/2015,49,8100585
3/20/2015,47.75,8171891
3/21/2015,,
3/22/2015,,
3/23/2015,47.3,4791950
3/24/2015,47.3,6011134
3/25/2015,48,5218113
3/26/2015,48.3,3954535
3/27/2015,48.65,3148122
3/28/2015,,
3/29/2015,,
3/30/2015,48,6183586
3/31/2015,47.8,8772190
4/1/2015,48.45,3405839
4/2/2015,48.65,3031150
4/3/2015,,
4/4/2015,,
4/5/2015,,
4/6/2015,,
4/7/2015,,
4/8/2015,49.15,6446579
4/9/2015,49.05,8027277
4/10/2015,49.7,6742157
4/11/2015,,
4/12/2015,,
4/13/2015,47.8,14968930
4/14/2015,47.4,12015770
4/15/2015,47.45,5626360
4/16/2015,47.4,4811424
4/17/2015,47.05,7064969
4/18/2015,,
4/19/2015,,
4/20/2015,46.8,7496589
4/21/2015,47,6824128
4/22/2015,47,5266530
4/23/2015,46.65,9192676
4/24/2015,47.15,4633829
4/25/2015,,
4/26/2015,,
4/27/2015,47.05,7825007
4/28/2015,47.15,5771471
4/29/2015,46.9,5682155
4/30/2015,48.15,9027727
5/1/2015,,
5/2/2015,,
5/3/2015,,
5/4/2015,48.75,5180146
5/5/2015,48.05,3218003
5/6/2015,47.9,3956854
5/7/2015,46.65,9020767
5/8/2015,47.1,3225141
5/9/2015,,
5/10/2015,,
5/11/2015,47.05,2825112
5/12/2015,46.15,7100098
5/13/2015,46.05,4607176
5/14/2015,45.75,3870428
5/15/2015,47.05,5847408
5/16/2015,,
5/17/2015,,
5/18/2015,47.15,4431498
5/19/2015,47.05,2979745
5/20/2015,46.7,5566626
5/21/2015,46.5,3732737
5/22/2015,46.15,11638140
5/23/2015,,
5/24/2015,,
5/25/2015,,
5/26/2015,45.85,11405040
5/27/2015,45.9,5291134
5/28/2015,44.8,15369200
5/29/2015,45,22528230
5/30/2015,,
5/31/2015,,
6/1/2015,45.4,12901180
6/2/2015,45.55,4990160
6/3/2015,45.7,3807117
6/4/2015,46.05,9298712
6/5/2015,45.75,4051492
6/6/2015,,
6/7/2015,,
6/8/2015,45,9611297
6/9/2015,45.4,5918742
6/10/2015,45.15,8658940
6/11/2015,45.9,6528160
6/12/2015,46.25,5045922
6/13/2015,,
6/14/2015,,
6/15/2015,45.9,4664889
6/16/2015,46.4,4276975
6/17/2015,46.7,4275837
6/18/2015,47.55,6741384
6/19/2015,48.2,10911710
6/20/2015,,
6/21/2015,,
6/22/2015,48.5,5425964
6/23/2015,46.4,12020830
6/24/2015,46.7,3800272
6/25/2015,46.4,4930531
6/26/2015,46.25,4644814
6/27/2015,,
6/28/2015,,
6/29/2015,45.5,7708530
6/30/2015,45.4,6690408
7/1/2015,,
7/2/2015,45.3,6462971
7/3/2015,45.8,3830351
7/4/2015,,
7/5/2015,,
7/6/2015,45.55,5993623
7/7/2015,45.9,5041927
7/8/2015,45.1,13309800
7/9/2015,44.25,11679370
7/10/2015,44.7,10226020
7/11/2015,,
7/12/2015,,
7/13/2015,45.2,6035437
7/14/2015,45.1,4972000
7/15/2015,45.4,4959603
7/16/2015,45.65,1956982
7/17/2015,46.25,4268592
7/18/2015,,
7/19/2015,,
7/20/2015,45.9,2055323
7/21/2015,45.85,2490475
7/22/2015,46.1,5135985
7/23/2015,45.9,3168073
7/24/2015,45.45,4524193
7/25/2015,,
7/26/2015,,
7/27/2015,44.85,8676225
7/28/2015,45.65,8337218
7/29/2015,45.45,4535004
7/30/2015,44.95,5540249
7/31/2015,45.6,7341783
8/1/2015,,
8/2/2015,,
8/3/2015,44.85,6865750
8/4/2015,44.85,2660833
8/5/2015,45.15,3901015
8/6/2015,44.8,2015025
8/7/2015,44.85,2889919
8/8/2015,,
8/9/2015,,
8/10/2015,44.25,6530651
8/11/2015,44.2,5225379
8/12/2015,44.3,6098827
8/13/2015,44.05,5159517
8/14/2015,43.35,10220840
8/15/2015,,
8/16/2015,,
8/17/2015,42.9,5309748
8/18/2015,42.8,7274281
8/19/2015,42.55,7161742
8/20/2015,41.7,8530834
8/21/2015,42.75,10042450
8/22/2015,,
8/23/2015,,
8/24/2015,42,10683630
8/25/2015,42.1,10223340
8/26/2015,41.4,7067631
8/27/2015,42.2,7612035
8/28/2015,41.7,5398708
8/29/2015,,
8/30/2015,,
8/31/2015,41.1,5781668
9/1/2015,41.25,4233930
9/2/2015,41.35,3997085
9/3/2015,,
9/4/2015,41.05,7445806
9/5/2015,,
9/6/2015,,
9/7/2015,40.65,4613712
9/8/2015,42.15,4166966
9/9/2015,42.65,5841005
9/10/2015,41.45,3883188
9/11/2015,41.25,6393395
9/12/2015,,
9/13/2015,,
9/14/2015,41.65,2746598
9/15/2015,41.75,5422086
9/16/2015,42,3923101
9/17/2015,41.75,3101751
9/18/2015,42.4,7500699
9/19/2015,,
9/20/2015,,
9/21/2015,42.85,6139771
9/22/2015,43.3,5004929
9/23/2015,42.55,3490378
9/24/2015,41.9,4510551
9/25/2015,42.3,3266369
9/26/2015,,
9/27/2015,,
9/28/2015,,
9/29/2015,41.4,7007080
9/30/2015,42.5,5772344
10/1/2015,,
10/2/2015,42.55,3807612
10/3/2015,,
10/4/2015,,
10/5/2015,43.3,4088905
10/6/2015,43.15,2223612
10/7/2015,43.9,2805212
10/8/2015,44,2835975
10/9/2015,44,3870662
10/10/2015,,
10/11/2015,,
10/12/2015,44.6,3296324
10/13/2015,44.7,4472284
10/14/2015,45.1,3916443
10/15/2015,45.7,5698619
10/16/2015,45.9,4024381
10/17/2015,,
10/18/2015,,
10/19/2015,45.95,2240925
10/20/2015,45.95,4377537
10/21/2015,,
10/22/2015,46.3,3556167
10/23/2015,47.1,6056096
10/24/2015,,
10/25/2015,,
10/26/2015,46.85,2174279
10/27/2015,46.9,2741034
10/28/2015,46.75,1892843
10/29/2015,46.5,2999111
10/30/2015,46.45,4320629
10/31/2015,,
11/1/2015,,
11/2/2015,47,5336289
11/3/2015,46.85,4234888
11/4/2015,47.55,8293791
11/5/2015,47.1,2323223
11/6/2015,46.5,2742720
11/7/2015,,
11/8/2015,,
11/9/2015,45.35,5471817
11/10/2015,44.85,3776728
11/11/2015,45.3,3458731
11/12/2015,47.35,8450237
11/13/2015,46.9,4430801
11/14/2015,,
11/15/2015,,
11/16/2015,46.7,3757793
11/17/2015,47.2,2756033
11/18/2015,47.15,2290802
11/19/2015,48.05,6454457
11/20/2015,48.7,3964030
11/21/2015,,
11/22/2015,,
11/23/2015,48.55,4728854
11/24/2015,47.45,4870523
11/25/2015,47.25,4369317
11/26/2015,46.9,4184171
11/27/2015,47.15,3484928
11/28/2015,,
11/29/2015,,
11/30/2015,47.15,8431390
12/1/2015,47.4,4203221
12/2/2015,47.45,4547064
12/3/2015,47,3774877
12/4/2015,46.7,2082765
12/5/2015,,
12/6/2015,,
12/7/2015,47.15,2722643
12/8/2015,46.65,3649798
12/9/2015,46.3,3740861
12/10/2015,46.4,2804518
12/11/2015,46.4,2398905
12/12/2015,,
12/13/2015,,
12/14/2015,46.15,2715810
12/15/2015,46,3749094
12/16/2015,45.9,4741589
12/17/2015,45.8,4049550
12/18/2015,45.65,6648231
12/19/2015,,
12/20/2015,,
12/21/2015,45.85,2869568
12/22/2015,45.9,2353101
12/23/2015,46.45,2558639
12/24/2015,46.3,857561
12/25/2015,,
12/26/2015,,
12/27/2015,,
12/28/2015,46,1139824
12/29/2015,46.2,1442821
12/30/2015,46.45,2008434
12/31/2015,46.4,1405155
1/1/2016,,
1/2/2016,,
1/3/2016,,
1/4/2016,45.65,5833403
1/5/2016,45.1,2725281
1/6/2016,45.25,2926520
1/7/2016,44.9,4495652
1/8/2016,44.6,5097188
1/9/2016,,
1/10/2016,,
1/11/2016,44.05,6846738
1/12/2016,44.25,6464101
1/13/2016,45.25,5750101
1/14/2016,44.85,4651054
1/15/2016,44.85,6978369
1/16/2016,,
1/17/2016,,
1/18/2016,44.05,4076715
1/19/2016,45,11259120
1/20/2016,43,9217485
1/21/2016,42.6,7471929
1/22/2016,43.75,9087990
1/23/2016,,
1/24/2016,,
1/25/2016,43.85,5005644
1/26/2016,44,4965988
1/27/2016,43.65,6045962
1/28/2016,43.35,5864016
1/29/2016,44.35,7990738
1/30/2016,,
1/31/2016,,
2/1/2016,43.75,5902007
2/2/2016,44.2,6613606
2/3/2016,43.25,8362799
2/4/2016,43,34293150
2/5/2016,43,6479114
2/6/2016,,
2/7/2016,,
2/8/2016,,
2/9/2016,,
2/10/2016,,
2/11/2016,42.6,9254619
2/12/2016,42.95,6547915
2/13/2016,,
2/14/2016,,
2/15/2016,43.7,5335987
2/16/2016,43,7230829
2/17/2016,43,4467994
2/18/2016,43.55,5930625
2/19/2016,43.3,3517585
2/20/2016,,
2/21/2016,,
2/22/2016,43,7057751
2/23/2016,42.7,7336547
2/24/2016,43,9788313
2/25/2016,42.95,5415037
2/26/2016,43.45,12456020
2/27/2016,,
2/28/2016,,
2/29/2016,43.85,6410890
3/1/2016,44.45,6995705
3/2/2016,44.5,8496897
3/3/2016,44.2,6227368
3/4/2016,44.35,7497561
3/5/2016,,
3/6/2016,,
3/7/2016,44.2,3812778
3/8/2016,44.1,9195976
3/9/2016,44.35,3608110
3/10/2016,44.35,5083281
3/11/2016,43.95,6532174
3/12/2016,,
3/13/2016,,
3/14/2016,44.7,7133173
3/15/2016,44.85,3178360
3/16/2016,45.45,5084918
3/17/2016,46.75,7148123
3/18/2016,46.75,7534226
3/19/2016,,
3/20/2016,,
3/21/2016,46.8,4666249
3/22/2016,46.3,4144689
3/23/2016,45.5,3962578
3/24/2016,44.85,6360584
3/25/2016,,
3/26/2016,,
3/27/2016,,
3/28/2016,,
3/29/2016,45.65,6013009
3/30/2016,46.4,5106355
3/31/2016,46,5314951
4/1/2016,45.65,3126022
4/2/2016,,
4/3/2016,,
4/4/2016,,
4/5/2016,45.5,5052741
4/6/2016,45.8,3148432
4/7/2016,45.55,3086998
4/8/2016,46.05,4417658
4/9/2016,,
4/10/2016,,
4/11/2016,46.55,4145359
4/12/2016,46.75,3075949
4/13/2016,47.5,5621390
4/14/2016,47,3738133
4/15/2016,47.3,3057391
4/16/2016,,
4/17/2016,,
4/18/2016,47.2,2442813
4/19/2016,47.8,3898585
4/20/2016,47.7,3214916
4/21/2016,48.25,5227745
4/22/2016,48.2,3187969
4/23/2016,,
4/24/2016,,
4/25/2016,48.2,2942669
4/26/2016,48.75,3648549
4/27/2016,48,2694195
4/28/2016,48.1,4756798
4/29/2016,47.15,3324112
4/30/2016,,
5/1/2016,,
5/2/2016,,
5/3/2016,46.65,5439530
5/4/2016,46.7,2980888
5/5/2016,47.05,4288357
5/6/2016,46.1,5354893
5/7/2016,,
5/8/2016,,
5/9/2016,47.05,2898165
5/10/2016,47.2,2458222
5/11/2016,46.4,2835163
5/12/2016,47.3,3887371
5/13/2016,46.8,6902185
5/14/2016,,
5/15/2016,,
5/16/2016,46.8,2701220
5/17/2016,46.95,2257925
5/18/2016,46.55,3354614
5/19/2016,45.8,4258703
5/20/2016,47.05,4244729
5/21/2016,,
5/22/2016,,
5/23/2016,46.4,1749835
5/24/2016,46.45,2962351
5/25/2016,47.25,3977553
5/26/2016,47.2,1301315
5/27/2016,46.85,3332419
5/28/2016,,
5/29/2016,,
5/30/2016,47.15,1714843
5/31/2016,47.75,4748239
6/1/2016,47.1,3307563
6/2/2016,46.8,5470517
6/3/2016,48.1,4858454
6/4/2016,,
6/5/2016,,
6/6/2016,48.5,3303201
6/7/2016,49.25,6154739
6/8/2016,49.65,6171797
6/9/2016,,
6/10/2016,50.75,10913220
6/11/2016,,
6/12/2016,,
6/13/2016,51.05,9013501
6/14/2016,49.9,5466424
6/15/2016,50.85,7716826
6/16/2016,50.45,4740162
6/17/2016,50.9,4663007
6/18/2016,,
6/19/2016,,
6/20/2016,50.9,3746488
6/21/2016,50.55,4521539
6/22/2016,49.6,6084154
6/23/2016,49.5,2769056
6/24/2016,49.7,8003719
6/25/2016,,
6/26/2016,,
6/27/2016,51.65,9912200
6/28/2016,52.4,10103740
6/29/2016,53.95,14416330
6/30/2016,52.8,10243690
7/1/2016,,
7/2/2016,,
7/3/2016,,
7/4/2016,53.9,6869918
7/5/2016,53.35,6667370
7/6/2016,52.65,7336504
7/7/2016,53.4,4398303
7/8/2016,53.7,6404258
7/9/2016,,
7/10/2016,,
7/11/2016,54.2,4444077
7/12/2016,56.05,12379650
7/13/2016,55.5,10070610
7/14/2016,55.65,7210698
7/15/2016,55.65,6928300
7/16/2016,,
7/17/2016,,
7/18/2016,56,2861335
7/19/2016,56.05,2551645
7/20/2016,56.8,3197677
7/21/2016,57.15,5665452
7/22/2016,57,4086176
7/23/2016,,
7/24/2016,,
7/25/2016,57.2,4139780
7/26/2016,57.25,6975404
7/27/2016,57.25,4265509
7/28/2016,58.3,5669105
7/29/2016,57.9,6209492
7/30/2016,,
7/31/2016,,
8/1/2016,56.8,6693553
8/2/2016,,
8/3/2016,55.25,10287370
8/4/2016,54.65,6515976
8/5/2016,56.8,5354437
8/6/2016,,
8/7/2016,,
8/8/2016,57,5092200
8/9/2016,55.65,4325249
8/10/2016,56.15,4336486
8/11/2016,55.5,3678964
8/12/2016,54.9,6025298
8/13/2016,,
8/14/2016,,
8/15/2016,54.75,6025119
8/16/2016,56,4454894
8/17/2016,55.8,3142968
8/18/2016,56.1,3312887
8/19/2016,56.5,3540991
8/20/2016,,
8/21/2016,,
8/22/2016,56.5,3421198
8/23/2016,57.25,4855427
8/24/2016,56.15,3471113
8/25/2016,56.95,2947950
8/26/2016,56.5,2898027
8/27/2016,,
8/28/2016,,
8/29/2016,55.7,5143680
8/30/2016,55.7,3395966
8/31/2016,56.4,4265323
9/1/2016,56.65,4172637
9/2/2016,56.45,5407483
9/3/2016,,
9/4/2016,,
9/5/2016,57.25,4078128
9/6/2016,56.7,2747617
9/7/2016,57.25,3772360
9/8/2016,57.65,3074979
9/9/2016,57.4,4821782
9/10/2016,,
9/11/2016,,
9/12/2016,56,4609823
9/13/2016,55.75,3891220
9/14/2016,55.1,9439160
9/15/2016,55.8,7158463
9/16/2016,,
9/17/2016,,
9/18/2016,,
9/19/2016,55.8,9920069
9/20/2016,56.3,5254857
9/21/2016,55.35,4467703
9/22/2016,56.85,6453120
9/23/2016,56.85,4233772
9/24/2016,,
9/25/2016,,
9/26/2016,56.3,2677779
9/27/2016,57.2,3616145
9/28/2016,57.5,6078705
9/29/2016,57.05,4947411
9/30/2016,57,4504778
10/1/2016,,
10/2/2016,,
10/3/2016,57.9,4123347
10/4/2016,58,2927015
10/5/2016,56.75,4336433
10/6/2016,56.45,5085030
10/7/2016,56.3,3156082
10/8/2016,,
10/9/2016,,
10/10/2016,,
10/11/2016,55,11258250
10/12/2016,54.45,6380123
10/13/2016,55.3,6913892
10/14/2016,56,4183214
10/15/2016,,
10/16/2016,,
10/17/2016,55.7,4672768
10/18/2016,56.55,5364513
10/19/2016,56.05,3824674
10/20/2016,55.7,3721781
10/21/2016,,
10/22/2016,,
10/23/2016,,
10/24/2016,56.55,7502446
10/25/2016,56.5,4313580
10/26/2016,56.2,2995927
10/27/2016,56.05,6353113
10/28/2016,55,8845882
10/29/2016,,
10/30/2016,,
10/31/2016,55.3,5217104
11/1/2016,55.55,7406100
11/2/2016,54.75,3996533
11/3/2016,55.2,5140064
11/4/2016,54.55,5720739
11/5/2016,,
11/6/2016,,
11/7/2016,54.75,6367801
11/8/2016,54.8,3488910
11/9/2016,54.85,11263710
11/10/2016,54.85,7306038
11/11/2016,53.1,15066170
11/12/2016,,
11/13/2016,,
11/14/2016,51.8,11162980
11/15/2016,52.15,9248826
11/16/2016,51.3,6512394
11/17/2016,52.55,9533399
11/18/2016,52.85,4721700
11/19/2016,,
11/20/2016,,
11/21/2016,52.85,3859943
11/22/2016,52.05,12868530
11/23/2016,52.1,3729768
11/24/2016,52.45,3947947
11/25/2016,52.2,3076107
11/26/2016,,
11/27/2016,,
11/28/2016,52.65,3389105
11/29/2016,52.9,5504250
11/30/2016,53.4,7873226
12/1/2016,52.8,6179001
12/2/2016,52.65,5593606
12/3/2016,,
12/4/2016,,
12/5/2016,52.65,2415027
12/6/2016,52.85,5395976
12/7/2016,53.75,9039738
12/8/2016,53.9,5358133
12/9/2016,54.2,10124890
12/10/2016,,
12/11/2016,,
12/12/2016,53.6,5917503
12/13/2016,52.65,6044456
12/14/2016,52.5,2727478
12/15/2016,50.4,12256790
12/16/2016,50.2,8204952
12/17/2016,,
12/18/2016,,
12/19/2016,50.15,5452473
12/20/2016,50.15,5904308
12/21/2016,50,6735020
12/22/2016,49.5,5762666
12/23/2016,49.2,5799973
12/24/2016,,
12/25/2016,,
12/26/2016,,
12/27/2016,,
12/28/2016,49,3663365
12/29/2016,49.8,6349327
12/30/2016,50.4,4578456
12/31/2016,,
1/1/2017,,
1/2/2017,,
1/3/2017,50.9,3170428
1/4/2017,51.05,4276940
1/5/2017,52.5,7959589
1/6/2017,52.95,10066960
1/7/2017,,
1/8/2017,,
1/9/2017,52.6,3844503
1/10/2017,53.3,5316894
1/11/2017,53.2,4418568
1/12/2017,52.45,6434990
1/13/2017,52.35,4608261
1/14/2017,,
1/15/2017,,
1/16/2017,52.05,1906336
1/17/2017,52.2,2434052
1/18/2017,52.3,5465896
1/19/2017,51.9,3408286
1/20/2017,51.8,3062827
1/21/2017,,
1/22/2017,,
1/23/2017,51.9,3295870
1/24/2017,52.15,3835016
1/25/2017,52.05,2500081
1/26/2017,53,4144583
1/27/2017,53.15,2161048
1/28/2017,,
1/29/2017,,
1/30/2017,,
1/31/2017,,
2/1/2017,53.15,6838386
2/2/2017,52.9,2368003
2/3/2017,52.9,3295716
2/4/2017,,
2/5/2017,,
2/6/2017,53.1,2284889
2/7/2017,53.15,3236986
2/8/2017,54.25,5013950
2/9/2017,53.85,3546682
2/10/2017,54.05,4465598
2/11/2017,,
2/12/2017,,
2/13/2017,53.45,3040569
2/14/2017,53.3,3538988
2/15/2017,53,4962015
2/16/2017,53.05,3784348
2/17/2017,53.05,4563132
2/18/2017,,
2/19/2017,,
2/20/2017,52.9,3090869
2/21/2017,53.35,4406201
2/22/2017,53.5,5325489
2/23/2017,53.25,4185291
2/24/2017,54,5766225
2/25/2017,,
2/26/2017,,
2/27/2017,54.25,3358330
2/28/2017,53.55,5880825
3/1/2017,53.6,3225409
3/2/2017,53,5433105
3/3/2017,52.35,4018150
3/4/2017,,
3/5/2017,,
3/6/2017,52.3,2019991
3/7/2017,51.95,4288393
3/8/2017,52.15,3189157
3/9/2017,51.35,4968593
3/10/2017,51.3,5165941
3/11/2017,,
3/12/2017,,
3/13/2017,51.15,4649119
3/14/2017,51.25,3237709
3/15/2017,50.95,3472367
3/16/2017,52.4,6312634
3/17/2017,52.35,9789283
3/18/2017,,
3/19/2017,,
3/20/2017,52.8,1866115
3/21/2017,52.7,3237763
3/22/2017,52.85,4671352
3/23/2017,53,3381994
3/24/2017,52.95,3751577
3/25/2017,,
3/26/2017,,
3/27/2017,53.15,4251198
3/28/2017,53.9,5710270
3/29/2017,54.1,5790641
3/30/2017,54.25,7574621
3/31/2017,54.45,6347050
4/1/2017,,
4/2/2017,,
4/3/2017,55,6692073
4/4/2017,,
4/5/2017,56.1,10754660
4/6/2017,55.7,6570393
4/7/2017,56.1,5519317
4/8/2017,,
4/9/2017,,
4/10/2017,55.3,2623194
4/11/2017,55.6,4879785
4/12/2017,56.5,5161432
4/13/2017,55.8,3729797
4/14/2017,,
4/15/2017,,
4/16/2017,,
4/17/2017,,
4/18/2017,55,5141581
4/19/2017,55.5,6612819
4/20/2017,56,3635783
4/21/2017,55.85,4187971
4/22/2017,,
4/23/2017,,
4/24/2017,55.9,2512321
4/25/2017,56.25,3663262
4/26/2017,56.35,4107973
4/27/2017,55.95,2197215
4/28/2017,55.95,5003799
4/29/2017,,
4/30/2017,,
5/1/2017,,
5/2/2017,55.85,2604899
5/3/2017,,
5/4/2017,56.1,3473741
5/5/2017,55.7,2824538
5/6/2017,,
5/7/2017,,
5/8/2017,56.3,4893709
5/9/2017,56.6,3418052
5/10/2017,56.2,4026717
5/11/2017,57.35,7033421
5/12/2017,58.1,5376277
5/13/2017,,
5/14/2017,,
5/15/2017,58.1,4769794
5/16/2017,58.2,3255913
5/17/2017,59.15,5582098
5/18/2017,58.2,5509620
5/19/2017,58.4,3056683
5/20/2017,,
5/21/2017,,
5/22/2017,58.3,2253121
5/23/2017,58.1,4234217
5/24/2017,59,3417977
5/25/2017,59.95,5392954
5/26/2017,60.15,2580128
5/27/2017,,
5/28/2017,,
5/29/2017,61.5,4231106
5/30/2017,,
5/31/2017,61.5,9108018
6/1/2017,61.75,3458288
6/2/2017,62,4996830
6/3/2017,,
6/4/2017,,
6/5/2017,61.95,4547578
6/6/2017,61.65,4223478
6/7/2017,61.65,7401383
6/8/2017,62.6,7443089
6/9/2017,63.25,7867400
6/10/2017,,
6/11/2017,,
6/12/2017,62.4,4022226
6/13/2017,63.35,4538988
6/14/2017,63.6,3417276
6/15/2017,62.95,4529585
6/16/2017,62.75,5840988
6/17/2017,,
6/18/2017,,
6/19/2017,63.2,2843665
6/20/2017,60.7,4979562
6/21/2017,61.4,5946876
6/22/2017,61.15,5225049
6/23/2017,60.45,4154365
6/24/2017,,
6/25/2017,,
6/26/2017,60.7,3248847
6/27/2017,60.25,4106166
6/28/2017,59.65,5066083
6/29/2017,59.9,4089652
6/30/2017,59.4,5072638
7/1/2017,,
7/2/2017,,
7/3/2017,59,3828466
7/4/2017,58.85,4119911
7/5/2017,58.95,3492453
7/6/2017,59.3,4880365
7/7/2017,58.9,4103275
7/8/2017,,
7/9/2017,,
7/10/2017,60.85,6529149
7/11/2017,60.3,5213127
7/12/2017,60.25,3062384
7/13/2017,60.45,5218276
7/14/2017,60.95,3433303
7/15/2017,,
7/16/2017,,
7/17/2017,61.2,2700452
7/18/2017,61.65,3840634
7/19/2017,61.55,3520816
7/20/2017,61.15,2560217
7/21/2017,61.25,2350100
7/22/2017,,
7/23/2017,,
7/24/2017,61.9,4021070
7/25/2017,61.5,2507075
7/26/2017,61,4503471
7/27/2017,62.75,12192410
7/28/2017,63.9,6629746
7/29/2017,,
7/30/2017,,
7/31/2017,63.5,4016375
8/1/2017,63.6,3899786
8/2/2017,63.75,3568303
8/3/2017,63.6,1567133
8/4/2017,63.9,3184517
8/5/2017,,
8/6/2017,,
8/7/2017,63.65,2529013
8/8/2017,63.45,2896714
8/9/2017,63.25,2230651
8/10/2017,62.95,4402379
8/11/2017,62.5,5654414
8/12/2017,,
8/13/2017,,
8/14/2017,63.15,3462490
8/15/2017,63.1,3190541
8/16/2017,63.5,3997284
8/17/2017,63.3,3519455
8/18/2017,63.1,4911452
8/19/2017,,
8/20/2017,,
8/21/2017,63,3505511
8/22/2017,63.45,2509359
8/23/2017,,
8/24/2017,63.5,5286952
8/25/2017,63.7,5054524
8/26/2017,,
8/27/2017,,
8/28/2017,63.4,3602272
8/29/2017,63.6,2293530
8/30/2017,63.9,3184081
8/31/2017,64.6,4482698
9/1/2017,64.65,2826781
9/2/2017,,
9/3/2017,,
9/4/2017,64.1,2264069
9/5/2017,64.6,3543732
9/6/2017,64.5,3482358
9/7/2017,64.1,3007985
9/8/2017,64.7,4305193
9/9/2017,,
9/10/2017,,
9/11/2017,64.7,2957532
9/12/2017,64.85,2263425
9/13/2017,64.8,2504267
9/14/2017,64.05,2670344
9/15/2017,64.7,4551990
9/16/2017,,
9/17/2017,,
9/18/2017,65.15,2336661
9/19/2017,64.5,2528332
9/20/2017,63.85,4855939
9/21/2017,63.65,4273342
9/22/2017,63.35,4544453
9/23/2017,,
9/24/2017,,
9/25/2017,62.55,3042840
9/26/2017,62.35,3457839
9/27/2017,63,2976102
9/28/2017,62.8,3135524
9/29/2017,63.3,5002382
9/30/2017,,
10/1/2017,,
10/2/2017,,
10/3/2017,63.6,5773852
10/4/2017,64.25,2844179
10/5/2017,,
10/6/2017,63.55,5396056
10/7/2017,,
10/8/2017,,
10/9/2017,63.9,2144855
10/10/2017,63.75,3073038
10/11/2017,63.75,3745615
10/12/2017,63.5,3579922
10/13/2017,63.65,4829088
10/14/2017,,
10/15/2017,,
10/16/2017,63.85,3010572
10/17/2017,64.25,5820785
10/18/2017,64.5,2088155
10/19/2017,64.55,5069340
10/20/2017,66.4,5619836
10/21/2017,,
10/22/2017,,
10/23/2017,66.6,3776447
10/24/2017,66,3233950
10/25/2017,65.75,4630534
10/26/2017,66.35,3676385
10/27/2017,66.55,1936521
10/28/2017,,
10/29/2017,,
10/30/2017,65.8,2045251
10/31/2017,65.55,3011595
11/1/2017,64.35,8234693
11/2/2017,64,3638634
11/3/2017,65.1,3515230
11/4/2017,,
11/5/2017,,
11/6/2017,64.65,3982829
11/7/2017,66.4,6240967
11/8/2017,66.4,4071173
11/9/2017,69.1,12159050
11/10/2017,68.85,4202113
11/11/2017,,
11/12/2017,,
11/13/2017,68.6,3063176
11/14/2017,68.75,3355281
11/15/2017,68.7,3876408
11/16/2017,68.4,3028077
11/17/2017,69.2,3943011
11/18/2017,,
11/19/2017,,
11/20/2017,69.4,3562631
11/21/2017,68.55,5346341
11/22/2017,68.15,3482703
11/23/2017,68.85,3620288
11/24/2017,69.7,3996040
11/25/2017,,
11/26/2017,,
11/27/2017,69.5,2501284
11/28/2017,70,4117206
11/29/2017,70.35,7870035
11/30/2017,69.65,9564299
12/1/2017,70,4107282
12/2/2017,,
12/3/2017,,
12/4/2017,69.6,3960557
12/5/2017,69.35,3408906
12/6/2017,69.35,3866016
12/7/2017,69.1,3500306
12/8/2017,69.8,3999303
12/9/2017,,
12/10/2017,,
12/11/2017,69.9,4532086
12/12/2017,71.4,6123720
12/13/2017,69.85,5098556
12/14/2017,69.5,4238297
12/15/2017,69.6,7530521
12/16/2017,,
12/17/2017,,
12/18/2017,70.15,3741533
12/19/2017,71.05,4232490
12/20/2017,71.4,5461879
12/21/2017,70.6,2382651
12/22/2017,71.4,1545109
12/23/2017,,
12/24/2017,,
12/25/2017,,
12/26/2017,,
12/27/2017,72,2235503
12/28/2017,72.9,2888861
12/29/2017,72.45,2700780
12/30/2017,,
12/31/2017,,
1/1/2018,,
1/2/2018,73.2,2223052
1/3/2018,73.65,2930838
1/4/2018,73.5,3765066
1/5/2018,74,3383013
1/6/2018,,
1/7/2018,,
1/8/2018,73.4,2677108
1/9/2018,74.25,3817619
1/10/2018,72.05,10145740
1/11/2018,71.25,4921105
1/12/2018,70.45,5822418
1/13/2018,,
1/14/2018,,
1/15/2018,70.6,4578204
1/16/2018,70.5,6269100
1/17/2018,70.75,8432515
1/18/2018,70.6,5162199
1/19/2018,70.8,4133796
1/20/2018,,
1/21/2018,,
1/22/2018,70.5,5967238
1/23/2018,71.6,7080122
1/24/2018,71,3326503
1/25/2018,70.45,5559168
1/26/2018,70.5,5587166
1/27/2018,,
1/28/2018,,
1/29/2018,69.95,6606113
1/30/2018,69.25,6185229
1/31/2018,69.2,8792421
2/1/2018,69.05,5708230
2/2/2018,68,8557425
2/3/2018,,
2/4/2018,,
2/5/2018,67.15,6582177
2/6/2018,66.15,8792567
2/7/2018,66.2,13256650
2/8/2018,66.1,6011596
2/9/2018,65.1,12582630
2/10/2018,,
2/11/2018,,
2/12/2018,66,7212675
2/13/2018,65.5,6214482
2/14/2018,65.45,5600362
2/15/2018,64.7,6378578
2/16/2018,,
2/17/2018,,
2/18/2018,,
2/19/2018,,
2/20/2018,65,5981262
2/21/2018,65.55,3475315
2/22/2018,65,6194625
2/23/2018,65.2,5044440
2/24/2018,,
2/25/2018,,
2/26/2018,67.25,7544348
2/27/2018,67.5,7217554
2/28/2018,66.9,6360498
3/1/2018,68.65,6433916
3/2/2018,68.8,8926573
3/3/2018,,
3/4/2018,,
3/5/2018,67.05,5696240
3/6/2018,66.75,4102096
3/7/2018,66.35,5436647
3/8/2018,68,3958655
3/9/2018,67.45,5150201
3/10/2018,,
3/11/2018,,
3/12/2018,68.05,3548859
3/13/2018,68.5,4732329
3/14/2018,68.5,3368645
3/15/2018,68.8,3472971
3/16/2018,68.7,9672569
3/17/2018,,
3/18/2018,,
3/19/2018,69.2,2752915
3/20/2018,68.2,6513757
3/21/2018,68.1,5638288
3/22/2018,68.25,4700482
3/23/2018,67.8,4288996
3/24/2018,,
3/25/2018,,
3/26/2018,67.4,2157604
3/27/2018,67.8,2709122
3/28/2018,67.3,3780166
3/29/2018,67,4704518
3/30/2018,,
3/31/2018,,
4/1/2018,,
4/2/2018,,
4/3/2018,66.7,3711753
4/4/2018,65.8,4940331
4/5/2018,,
4/6/2018,66.8,6074012
4/7/2018,,
4/8/2018,,
4/9/2018,68.15,4547201
4/10/2018,68.2,3149032
4/11/2018,67.95,2934409
4/12/2018,68.3,2388713
4/13/2018,68.1,1607316
4/14/2018,,
4/15/2018,,
4/16/2018,67.7,2002260
4/17/2018,68.7,5530286
4/18/2018,68.75,2731801
4/19/2018,69.4,3124451
4/20/2018,68.35,2653572
4/21/2018,,
4/22/2018,,
4/23/2018,67.5,3465118
4/24/2018,67.4,3589122
4/25/2018,66.95,3735526
4/26/2018,66.6,4594083
4/27/2018,67.5,4739214
4/28/2018,,
4/29/2018,,
4/30/2018,69.6,6636586
5/1/2018,,
5/2/2018,68.45,9978491
5/3/2018,67.4,3661356
5/4/2018,67,4026771
5/5/2018,,
5/6/2018,,
5/7/2018,66.5,3019244
5/8/2018,66.55,4401702
5/9/2018,67,3804513
5/10/2018,66.95,4249156
5/11/2018,67.65,4045151
5/12/2018,,
5/13/2018,,
5/14/2018,68.65,3745990
5/15/2018,68.3,4323421
5/16/2018,67.75,3440484
5/17/2018,67.35,3022282
5/18/2018,67.35,2144432
5/19/2018,,
5/20/2018,,
5/21/2018,68.8,5246716
5/22/2018,,
5/23/2018,69.35,6439053
5/24/2018,70.1,5431440
5/25/2018,69.75,5147663
5/26/2018,,
5/27/2018,,
5/28/2018,70,2761552
5/29/2018,69.5,4741586
5/30/2018,68.95,6718817
5/31/2018,69.4,10722300
6/1/2018,70.4,8685004
6/2/2018,,
6/3/2018,,
6/4/2018,72.4,7327803
6/5/2018,72.9,5671811
6/6/2018,72.4,5322527
6/7/2018,73.65,5481535
6/8/2018,73.3,4530189
6/9/2018,,
6/10/2018,,
6/11/2018,73.5,4081546
6/12/2018,73,4230353
6/13/2018,71.05,8122556
6/14/2018,71.4,5590736
6/15/2018,71.55,10160980
6/16/2018,,
6/17/2018,,
6/18/2018,,
6/19/2018,70.95,9215832
6/20/2018,70.75,5986803
6/21/2018,69.45,4450708
6/22/2018,70,4808895
6/23/2018,,
6/24/2018,,
6/25/2018,70.55,6597700
6/26/2018,71.25,4936364
6/27/2018,70.5,3462927
6/28/2018,71,3436589
6/29/2018,71.65,6556399
6/30/2018,,
7/1/2018,,
7/2/2018,,
7/3/2018,72.15,5444743
7/4/2018,72.05,3111822
7/5/2018,72.4,3370783
7/6/2018,74,7991892
7/7/2018,,
7/8/2018,,
7/9/2018,75.5,7646535
7/10/2018,74.2,4886668
7/11/2018,73.65,4513606
7/12/2018,74.95,4518510
7/13/2018,75.45,3923690
7/14/2018,,
7/15/2018,,
7/16/2018,74.45,2001918
7/17/2018,74.4,3148734
7/18/2018,73.5,2504838
7/19/2018,73.7,3047451
7/20/2018,75.2,6103193
7/21/2018,,
7/22/2018,,
7/23/2018,77.15,6085847
7/24/2018,76.75,8382070
7/25/2018,76.05,4096822
7/26/2018,76.65,3598251
7/27/2018,77.2,3041386
7/28/2018,,
7/29/2018,,
7/30/2018,77.75,2406951
7/31/2018,77.8,3621878
8/1/2018,78.05,4905307
8/2/2018,76,7064073
8/3/2018,75.05,4121881
8/4/2018,,
8/5/2018,,
8/6/2018,76,3590869
8/7/2018,77,3779848
8/8/2018,77.85,5562909
8/9/2018,77.2,4278892
8/10/2018,76.7,3378693
8/11/2018,,
8/12/2018,,
8/13/2018,76.7,5302605
8/14/2018,76.9,5861138
8/15/2018,77.2,5065469
8/16/2018,77.2,4764724
8/17/2018,77,3629111
8/18/2018,,
8/19/2018,,
8/20/2018,77.8,6324460
8/21/2018,77.4,7306101
8/22/2018,76.25,5988659
8/23/2018,76,5322429
8/24/2018,76.7,3436085
8/25/2018,,
8/26/2018,,
8/27/2018,77.55,5141066
8/28/2018,78.05,2668389
8/29/2018,78,3825646
8/30/2018,77.95,3269155
8/31/2018,78.2,5575250
9/1/2018,,
9/2/2018,,
9/3/2018,78.15,1980429
9/4/2018,78.45,2373767
9/5/2018,75.95,6398622
9/6/2018,75.65,4649747
9/7/2018,75.65,7778433
9/8/2018,,
9/9/2018,,
9/10/2018,74.7,4212947
9/11/2018,76.45,6303556
9/12/2018,76.95,4996405
9/13/2018,77.15,5189613
9/14/2018,76.9,6158123
9/15/2018,,
9/16/2018,,
9/17/2018,75.8,5003634
9/18/2018,76.45,4145105
9/19/2018,76.2,3430379
9/20/2018,75.65,4622572
9/21/2018,74.1,12040640
9/22/2018,,
9/23/2018,,
9/24/2018,73.7,3906825
9/25/2018,,
9/26/2018,76.65,7214000
9/27/2018,76.6,3835862
9/28/2018,77.05,5157515
9/29/2018,,
9/30/2018,,
10/1/2018,,
10/2/2018,74.5,5038654
10/3/2018,74.9,3912490
10/4/2018,73.1,6197780
10/5/2018,70.95,7388175
10/6/2018,,
10/7/2018,,
10/8/2018,69.85,5132939
10/9/2018,70.6,5567599
10/10/2018,72.4,7697209
10/11/2018,71.55,8614460
10/12/2018,71.95,7548478
10/13/2018,,
10/14/2018,,
10/15/2018,72.2,4316029
10/16/2018,71.5,5153215
10/17/2018,,
10/18/2018,73.8,5260206
10/19/2018,73.15,4638874
10/20/2018,,
10/21/2018,,
10/22/2018,73.9,5461334
10/23/2018,72.3,4497705
10/24/2018,72.85,3912191
10/25/2018,72.45,5038535
10/26/2018,72.9,4905849
10/27/2018,,
10/28/2018,,
10/29/2018,73.15,4210609
10/30/2018,72.1,4355455
10/31/2018,69.5,10479930
11/1/2018,70.75,6348728
11/2/2018,72.3,4798502
11/3/2018,,
11/4/2018,,
11/5/2018,70.8,3223023
11/6/2018,72,2118180
11/7/2018,72.65,3361219
11/8/2018,72.55,2535053
11/9/2018,72,3756101
11/10/2018,,
11/11/2018,,
11/12/2018,72.45,2717358
11/13/2018,72.3,3239810
11/14/2018,73.65,5663281
11/15/2018,74.25,5991598
11/16/2018,73.3,4043416
11/17/2018,,
11/18/2018,,
11/19/2018,73.35,2752888
11/20/2018,72.85,2446730
11/21/2018,73.4,2379882
11/22/2018,74.6,4011386
11/23/2018,74.3,2745005
11/24/2018,,
11/25/2018,,
11/26/2018,75.4,4639801
11/27/2018,73,5596990
11/28/2018,74.65,5243848
11/29/2018,75.45,5810737
11/30/2018,74.5,8756905
12/1/2018,,
12/2/2018,,
12/3/2018,75.65,6447698
12/4/2018,76.65,4678357
12/5/2018,77,4974162
12/6/2018,77.25,6373934
12/7/2018,79.35,11582020
12/8/2018,,
12/9/2018,,
12/10/2018,76.7,6792713
12/11/2018,77.15,3573992
12/12/2018,77.9,5092694
12/13/2018,78.95,6529205
12/14/2018,78.85,5230050
12/15/2018,,
12/16/2018,,
12/17/2018,79.15,5147464
12/18/2018,79.3,6301706
12/19/2018,78.55,3600534
12/20/2018,78.25,3765034
12/21/2018,77.65,9300157
12/22/2018,,
12/23/2018,,
12/24/2018,78.8,2616915
12/25/2018,,
12/26/2018,,
12/27/2018,78.9,5484378
12/28/2018,78.9,3757665
12/29/2018,,
12/30/2018,,
12/31/2018,79.3,2087337
1/1/2019,,
1/2/2019,78.2,4109074
1/3/2019,78.15,3951120
1/4/2019,80.95,6299736
1/5/2019,,
1/6/2019,,
1/7/2019,81.3,4377079
1/8/2019,80.4,6109797
1/9/2019,79.9,7629238
1/10/2019,79.3,6621176
1/11/2019,79.75,5794771
1/12/2019,,
1/13/2019,,
1/14/2019,79.9,2976287
1/15/2019,80.4,4705774
1/16/2019,80.05,4689483
1/17/2019,79.5,4650385
1/18/2019,79.35,3448572
1/19/2019,,
1/20/2019,,
1/21/2019,78.7,3843394
1/22/2019,80.1,3398555
1/23/2019,81,6194095
1/24/2019,81.65,5632977
1/25/2019,83.1,4774037
1/26/2019,,
1/27/2019,,
1/28/2019,84.4,6235000
1/29/2019,85.45,6203224
1/30/2019,85.1,7446972
1/31/2019,86,NA
2/1/2019,85.15,7244210
2/2/2019,,
2/3/2019,,
2/4/2019,86.7,3656910
2/5/2019,,
2/6/2019,,
2/7/2019,,
2/8/2019,86.85,5230020
2/9/2019,,
2/10/2019,,
2/11/2019,86.6,5192058
2/12/2019,86.35,5952343
2/13/2019,86,6289368
2/14/2019,86.65,4786431
2/15/2019,86.6,3750013
2/16/2019,,
2/17/2019,,
2/18/2019,87.2,3769781
2/19/2019,88.8,4975049
2/20/2019,90.05,5299569
2/21/2019,89.6,6204645
2/22/2019,89.1,5570539
2/23/2019,,
2/24/2019,,
2/25/2019,88.75,3910175
2/26/2019,88.4,3469463
2/27/2019,89.1,4220503
2/28/2019,88.75,6377597
3/1/2019,90.1,4576265
3/2/2019,,
3/3/2019,,
3/4/2019,90.1,4757041
3/5/2019,89.65,4325168
3/6/2019,89.6,4831511
3/7/2019,89.3,4234614
3/8/2019,87.55,8578862
3/9/2019,,
3/10/2019,,
3/11/2019,88,3543118
3/12/2019,88.8,3565227
3/13/2019,88.35,3524418
3/14/2019,87.35,5967308
3/15/2019,86.65,9341473
3/16/2019,,
3/17/2019,,
3/18/2019,87.3,5769695
3/19/2019,88.1,3632414
3/20/2019,87.25,5163221
3/21/2019,87.3,3993745
3/22/2019,88.05,4556658
3/23/2019,,
3/24/2019,,
3/25/2019,88.4,3848217
3/26/2019,88.5,3302239
3/27/2019,88.45,3014712
3/28/2019,91.3,5725541
3/29/2019,91.8,5312528
3/30/2019,,
3/31/2019,,
4/1/2019,92.55,4569970
4/2/2019,92.5,5186766
4/3/2019,93.05,3883836
4/4/2019,92.1,4215551
4/5/2019,,
4/6/2019,,
4/7/2019,,
4/8/2019,92.15,3626712
4/9/2019,93.1,3461510
4/10/2019,93.2,3292376
4/11/2019,92,3255800
4/12/2019,92.35,2354005
4/13/2019,,
4/14/2019,,
4/15/2019,91.1,2593730
4/16/2019,91.5,3656112
4/17/2019,90.65,2648049
4/18/2019,91,2991322
4/19/2019,,
4/20/2019,,
4/21/2019,,
4/22/2019,,
4/23/2019,90.4,4521595
4/24/2019,90.2,5135607
4/25/2019,91.35,3678766
4/26/2019,92.65,2898508
4/27/2019,,
4/28/2019,,
4/29/2019,93.7,3646218
4/30/2019,91.5,5127845
5/1/2019,,
5/2/2019,95,7584589
5/3/2019,95.95,4012124
5/4/2019,,
5/5/2019,,
5/6/2019,95.15,5418227
5/7/2019,94.7,3438961
5/8/2019,94.2,4215475
5/9/2019,92.55,3721771
5/10/2019,93.25,4749016
5/11/2019,,
5/12/2019,,
5/13/2019,,
5/14/2019,96.8,9207159
5/15/2019,95.45,4119418
5/16/2019,96.35,4140872
5/17/2019,94.85,3541878
5/18/2019,,
5/19/2019,,
5/20/2019,97.5,5880739
5/21/2019,97.4,4379574
5/22/2019,96.9,3548249
5/23/2019,97.3,4649406
5/24/2019,97.35,3249031
5/25/2019,,
5/26/2019,,
5/27/2019,96.85,1950536
5/28/2019,96.05,6350015
5/29/2019,96.85,5214505
5/30/2019,95.3,5767960
5/31/2019,93.8,6728024
6/1/2019,,
6/2/2019,,
6/3/2019,95.85,5594106
6/4/2019,95.95,5405955
6/5/2019,95.45,3118999
6/6/2019,96.9,4841371
6/7/2019,,
6/8/2019,,
6/9/2019,,
6/10/2019,98.3,4568682
6/11/2019,99.25,4367314
6/12/2019,96.1,6037216
6/13/2019,95.9,7299462
6/14/2019,95.85,3772639
6/15/2019,,
6/16/2019,,
6/17/2019,96.1,4915324
6/18/2019,97.25,4152665
6/19/2019,97,5827753
6/20/2019,97.15,4309756
6/21/2019,96.1,6458819
6/22/2019,,
6/23/2019,,
6/24/2019,97.25,3498223
6/25/2019,97.7,3994633
6/26/2019,97.65,2950560
6/27/2019,97.6,4129854
6/28/2019,96,5557170
6/29/2019,,
6/30/2019,,
7/1/2019,,
7/2/2019,96,5948619
7/3/2019,97.9,4261287
7/4/2019,98,2026366
7/5/2019,99.2,4715207
7/6/2019,,
7/7/2019,,
7/8/2019,98.15,6976169
7/9/2019,97.35,3993270
7/10/2019,97.3,2717367
7/11/2019,97.6,3556272
7/12/2019,98.05,2489722
7/13/2019,,
7/14/2019,,
7/15/2019,97.6,3240131
7/16/2019,97.9,4596856
7/17/2019,97,4755307
7/18/2019,96.8,3752763
7/19/2019,97.2,3051747
7/20/2019,,
7/21/2019,,
7/22/2019,96,4847840
7/23/2019,95.85,5120277
7/24/2019,95.45,2643757
7/25/2019,95.35,4078931
7/26/2019,95,4311375
7/27/2019,,
7/28/2019,,
7/29/2019,92.35,10680010
7/30/2019,92.25,6687192
7/31/2019,91.4,4998088
8/1/2019,90.45,7490088
8/2/2019,92.1,11179020
8/3/2019,,
8/4/2019,,
8/5/2019,90.65,10000170
8/6/2019,92,12758820
8/7/2019,91.55,7748542
8/8/2019,92.35,6252782
8/9/2019,91,5062378
8/10/2019,,
8/11/2019,,
8/12/2019,89.1,4987809
8/13/2019,86.55,12233690
8/14/2019,86.85,12918850
8/15/2019,90.45,13526980
8/16/2019,92.6,9893568
8/17/2019,,
8/18/2019,,
8/19/2019,94.1,9028889
8/20/2019,93.8,4951648
8/21/2019,94.3,4563080
8/22/2019,92.8,4309746
8/23/2019,92.05,5366980
8/24/2019,,
8/25/2019,,
8/26/2019,89.8,7342803
8/27/2019,89.55,6839957
8/28/2019,89.9,3613349
8/29/2019,89.45,5116430
8/30/2019,88,7901241
8/31/2019,,
9/1/2019,,
9/2/2019,86.15,10234780
9/3/2019,86.45,7576130
9/4/2019,91.55,16852720
9/5/2019,89.4,10607670
9/6/2019,89.35,5770845
9/7/2019,,
9/8/2019,,
9/9/2019,88.7,3409590
9/10/2019,88.7,3088532
9/11/2019,90,7848485
9/12/2019,89.1,4284624
9/13/2019,89.7,2982432
9/14/2019,,
9/15/2019,,
9/16/2019,88.9,3047478
9/17/2019,89.15,4340118
9/18/2019,88.3,3755135
9/19/2019,88,3039232
9/20/2019,87.75,8136629
9/21/2019,,
9/22/2019,,
9/23/2019,87.15,3072085
9/24/2019,86.25,7389509
9/25/2019,85.3,7132166
9/26/2019,85.7,7984161
9/27/2019,85.6,10375250
9/28/2019,,
9/29/2019,,
9/30/2019,86.45,6639786
10/1/2019,,
10/2/2019,86.9,7402889
10/3/2019,86.9,6623891
10/4/2019,87.45,11357090
10/5/2019,,
10/6/2019,,
10/7/2019,,
10/8/2019,85.35,11011040
10/9/2019,83,12490260
10/10/2019,80.5,15729690
10/11/2019,82.9,12057030
10/12/2019,,
10/13/2019,,
10/14/2019,82.7,7196895
10/15/2019,82,7772505
10/16/2019,84.35,10691990
10/17/2019,85.15,8836773
10/18/2019,83.35,6426673
10/19/2019,,
10/20/2019,,
10/21/2019,83.5,3021169
10/22/2019,84,2713242
10/23/2019,83.9,3000719
10/24/2019,85.35,4353750
10/25/2019,85,5485737
10/26/2019,,
10/27/2019,,
10/28/2019,85.1,5295870
10/29/2019,85.05,4717220
10/30/2019,85.75,6047225
10/31/2019,85.45,3845462
11/1/2019,86.5,4516158
11/2/2019,,
11/3/2019,,
11/4/2019,85.75,5834352
11/5/2019,85.1,7211920
11/6/2019,85.6,3568360
11/7/2019,86,4282207
11/8/2019,85.1,3669765
11/9/2019,,
11/10/2019,,
11/11/2019,83,4585861
11/12/2019,82.3,6690779
11/13/2019,81.1,7497399
11/14/2019,79.75,9367212
11/15/2019,79.75,9258056
11/16/2019,,
11/17/2019,,
11/18/2019,80.4,5644051
11/19/2019,81.6,7394923
11/20/2019,81.55,3904317
11/21/2019,80.15,6398412
11/22/2019,80.55,4245273
11/23/2019,,
11/24/2019,,
11/25/2019,82.5,9538807
11/26/2019,81.15,15338970
11/27/2019,81.15,6115183
11/28/2019,81,2989750
11/29/2019,80,4410765
11/30/2019,,
12/1/2019,,
12/2/2019,80.1,2410836
12/3/2019,79.25,6616549
12/4/2019,78.65,5252406
12/5/2019,79.65,6392207
12/6/2019,80.5,4957481
12/7/2019,,
12/8/2019,,
12/9/2019,80.75,4101216
12/10/2019,79.7,5290841
12/11/2019,79.45,5962180
12/12/2019,79.65,8966804
12/13/2019,80.5,9653842
12/14/2019,,
12/15/2019,,
12/16/2019,79.4,4535446
12/17/2019,79.1,7467682
12/18/2019,78.9,5932683
12/19/2019,78.9,4741099
12/20/2019,81.1,14591620
12/21/2019,,
12/22/2019,,
12/23/2019,81,6564134
12/24/2019,81,2126446
12/25/2019,,
12/26/2019,,
12/27/2019,81.7,5067537
12/28/2019,,
12/29/2019,,
12/30/2019,82.2,4998323
12/31/2019,82.5,4400402
1/1/2020,,
1/2/2020,82.3,5589448
1/3/2020,81.75,4023726
1/4/2020,,
1/5/2020,,
1/6/2020,81.15,4717251
1/7/2020,81,5911065
1/8/2020,80.7,4215823
1/9/2020,81.4,5184272
1/10/2020,81.7,3937186
1/11/2020,,
1/12/2020,,
1/13/2020,82.85,6756133
1/14/2020,83.25,6314285
1/15/2020,83.5,6875693
1/16/2020,84.75,8466812
1/17/2020,86.25,11590950
1/18/2020,,
1/19/2020,,
1/20/2020,85.55,5408762
1/21/2020,83.5,7492243
1/22/2020,82.7,7401779
1/23/2020,82.05,8501635
1/24/2020,81.6,5472942
1/25/2020,,
1/26/2020,,
1/27/2020,,
1/28/2020,,
1/29/2020,80,6600336
1/30/2020,79.3,6641241
1/31/2020,79,7055611
2/1/2020,,
2/2/2020,,
2/3/2020,78.15,9638218
2/4/2020,78.2,7110402
2/5/2020,77.8,6022019
2/6/2020,80.35,7770300
2/7/2020,80.65,5098668
2/8/2020,,
2/9/2020,,
2/10/2020,79.15,5255683
2/11/2020,78.8,5595752
2/12/2020,79.1,7232710
2/13/2020,78.75,7841726
2/14/2020,78.7,9326359
2/15/2020,,
2/16/2020,,
2/17/2020,79.05,12579680
2/18/2020,78.05,5795194
2/19/2020,78.05,6078264
2/20/2020,77.9,6330656
2/21/2020,76.45,10279540
2/22/2020,,
2/23/2020,,
2/24/2020,75.1,7902071
2/25/2020,75,5060392
2/26/2020,74.1,8167171
2/27/2020,74.05,6619261
2/28/2020,72.2,11019150
2/29/2020,,
3/1/2020,,
3/2/2020,71.4,10485630
3/3/2020,71.65,10026000
3/4/2020,73.9,11355060
3/5/2020,74.55,7527764
3/6/2020,73.85,9265111
3/7/2020,,
3/8/2020,,
3/9/2020,73.8,15662020
3/10/2020,76,17566370
3/11/2020,77,15360170
3/12/2020,75.55,11124190
3/13/2020,73.3,17512590
3/14/2020,,
3/15/2020,,
3/16/2020,71.15,13114410
3/17/2020,72.95,16397110
3/18/2020,70.65,14499840
3/19/2020,66.7,17796140
3/20/2020,66.75,17460360
3/21/2020,,
3/22/2020,,
3/23/2020,63.75,14036030
3/24/2020,64.4,10910820
3/25/2020,66.9,12268530
3/26/2020,65.9,9770081
3/27/2020,66.5,6365041
3/28/2020,,
3/29/2020,,
3/30/2020,64.5,8345445
3/31/2020,65.7,11415070
4/1/2020,65.85,7496246
4/2/2020,64.5,9207988
4/3/2020,63.45,8433595
4/4/2020,,
4/5/2020,,
4/6/2020,65.1,9124384
4/7/2020,67,11566620
4/8/2020,66.7,7042584
4/9/2020,67.5,8758821
4/10/2020,,
4/11/2020,,
4/12/2020,,
4/13/2020,,
4/14/2020,69,8659748
4/15/2020,68.8,7828667
4/16/2020,69,3933860
4/17/2020,70.4,6046654
4/18/2020,,
4/19/2020,,
4/20/2020,69.6,5198141
4/21/2020,67.25,7427636
4/22/2020,67.25,3972216
4/23/2020,67.7,4270386
4/24/2020,66.5,5094535
4/25/2020,,
4/26/2020,,
4/27/2020,67,4096594
4/28/2020,68.3,6107028
4/29/2020,69.6,5222433
4/30/2020,,
5/1/2020,,
5/2/2020,,
5/3/2020,,
5/4/2020,67.3,6559277
5/5/2020,67.8,4893077
5/6/2020,68.75,4116738
5/7/2020,68.4,3300518
5/8/2020,68.45,2850981
5/9/2020,,
5/10/2020,,
5/11/2020,68.95,2665649
5/12/2020,67.55,6089003
5/13/2020,67.3,3579340
5/14/2020,66.35,3830225
5/15/2020,66.15,4174267
5/16/2020,,
5/17/2020,,
5/18/2020,66.65,3593585
5/19/2020,69.1,6565400
5/20/2020,68.85,3575831
5/21/2020,67.85,5042979
5/22/2020,60.95,30517070
5/23/2020,,
5/24/2020,,
5/25/2020,59.2,14072070
5/26/2020,60.45,11471050
5/27/2020,58.8,9878818
5/28/2020,57,19006080
5/29/2020,57.95,16953430
5/30/2020,,
5/31/2020,,
6/1/2020,61.3,19531690
6/2/2020,65.25,20858490
6/3/2020,65.9,11737080
6/4/2020,65.1,8545024
6/5/2020,66.25,11301800
6/6/2020,,
6/7/2020,,
6/8/2020,66.15,10749230
6/9/2020,68.55,12269910
6/10/2020,69.3,12572590
6/11/2020,68.25,12542860
6/12/2020,67.1,10041300
6/13/2020,,
6/14/2020,,
6/15/2020,65.1,7380164
6/16/2020,65.8,5812281
6/17/2020,66.35,5216094
6/18/2020,66,5082111
6/19/2020,65.7,12507250
6/20/2020,,
6/21/2020,,
6/22/2020,64.9,7029212
6/23/2020,64,10494460
6/24/2020,63.95,7703710
6/25/2020,,
6/26/2020,63.8,10011040
6/27/2020,,
6/28/2020,,
6/29/2020,63.65,5442877
6/30/2020,63.35,9677481
7/1/2020,,
7/2/2020,64.65,10006040
7/3/2020,64.8,5591268
7/4/2020,,
7/5/2020,,
7/6/2020,66.5,12046860
7/7/2020,65.7,9970608
7/8/2020,65.15,10839430
7/9/2020,63.45,10848680
7/10/2020,63.25,7970145
7/11/2020,,
7/12/2020,,
7/13/2020,62.85,6333399
7/14/2020,62.75,6266927
7/15/2020,62.15,6505629
7/16/2020,61.2,6488035
7/17/2020,61,6456742
7/18/2020,,
7/19/2020,,
7/20/2020,60.35,6724765
7/21/2020,61,5459262
7/22/2020,59.55,7525201
7/23/2020,59.05,5301103
7/24/2020,58.9,5886100
7/25/2020,,
7/26/2020,,
7/27/2020,58.55,5434002
7/28/2020,58.2,6919005
7/29/2020,59.25,6482622
7/30/2020,60.3,8366367
7/31/2020,60.15,5252412
8/1/2020,,
8/2/2020,,
8/3/2020,60.65,6230800
8/4/2020,61.45,8554857
8/5/2020,61.35,5866128
8/6/2020,60.95,4746207
8/7/2020,61.4,5702311
8/8/2020,,
8/9/2020,,
8/10/2020,60.9,4383266
8/11/2020,61.85,5514870
8/12/2020,63.05,9145273
8/13/2020,63.05,5565228
8/14/2020,62.65,3620688
8/15/2020,,
8/16/2020,,
8/17/2020,63.35,4962870
8/18/2020,62.4,5406061
8/19/2020,61.6,5761851
8/20/2020,60.3,7518174
8/21/2020,61.45,4967903
8/22/2020,,
8/23/2020,,
8/24/2020,62.85,6822369
8/25/2020,62.55,4715236
8/26/2020,62,3520581
8/27/2020,60.8,5113426
8/28/2020,61.45,4392073
8/29/2020,,
8/30/2020,,
8/31/2020,61.7,6798561
9/1/2020,61.1,4433288
9/2/2020,64.05,15215620
9/3/2020,64.3,8976168
9/4/2020,63,13165920
9/5/2020,,
9/6/2020,,
9/7/2020,62.9,5602827
9/8/2020,62.7,5072903
9/9/2020,63,6783898
9/10/2020,62.9,5459560
9/11/2020,62.85,2660416
9/12/2020,,
9/13/2020,,
9/14/2020,63.6,3933917
9/15/2020,64.3,5380684
9/16/2020,65.15,9055093
9/17/2020,64.8,5935910
9/18/2020,65.15,12980050
9/19/2020,,
9/20/2020,,
9/21/2020,63.95,4572404
9/22/2020,63.3,3837630
9/23/2020,63.15,4010901
9/24/2020,62.8,5254614
9/25/2020,62.95,5452378
9/26/2020,,
9/27/2020,,
9/28/2020,62.55,4088346
9/29/2020,62.25,4579699
9/30/2020,63,6916750
10/1/2020,,
10/2/2020,,
10/3/2020,,
10/4/2020,,
10/5/2020,63.25,4552327
10/6/2020,62.5,6116676
10/7/2020,63.2,5410137
10/8/2020,62.5,8963523
10/9/2020,61.5,6380730
10/10/2020,,
10/11/2020,,
10/12/2020,61.75,6083887
10/13/2020,,
10/14/2020,61.35,7337013
10/15/2020,61.2,6993845
10/16/2020,60.55,5585285
10/17/2020,,
10/18/2020,,
10/19/2020,61.35,5407972
10/20/2020,61.1,3301210
10/21/2020,61.15,3979019
10/22/2020,61.2,3344992
10/23/2020,61.95,3770085
10/24/2020,,
10/25/2020,,
10/26/2020,,
10/27/2020,60.8,4781375
10/28/2020,60,4378181
10/29/2020,60.15,4718888
10/30/2020,59.05,5545114
10/31/2020,,
11/1/2020,,
11/2/2020,59.1,3133919
11/3/2020,60.05,3246028
11/4/2020,60.55,4097090
11/5/2020,61.4,4413424
11/6/2020,62.7,5926270
11/7/2020,,
11/8/2020,,
11/9/2020,63,8184287
11/10/2020,67.45,24335360
11/11/2020,69.5,18864940
11/12/2020,68.4,11024500
11/13/2020,68.3,11238550
11/14/2020,,
11/15/2020,,
11/16/2020,69.35,7279629
11/17/2020,71.65,12043720
11/18/2020,70.9,8610803
11/19/2020,69.3,6282777
11/20/2020,68,6593795
11/21/2020,,
11/22/2020,,
11/23/2020,66.65,10391830
11/24/2020,67.9,8019928
11/25/2020,68.35,7243013
11/26/2020,68.8,3757801
11/27/2020,68.5,2866612
11/28/2020,,
11/29/2020,,
11/30/2020,68,17523140
12/1/2020,67.35,9333518
12/2/2020,67,5613819
12/3/2020,70.8,18558140
12/4/2020,70.8,9617304
12/5/2020,,
12/6/2020,,
12/7/2020,69.45,7940313
12/8/2020,69,5921077
12/9/2020,69.4,7159724
12/10/2020,69.5,5485063
12/11/2020,69.65,7153938
12/12/2020,,
12/13/2020,,
12/14/2020,69.2,3125270
12/15/2020,68.7,5854031
12/16/2020,69.6,5100572
12/17/2020,69.85,5549207
12/18/2020,68.9,6399592
12/19/2020,,
12/20/2020,,
12/21/2020,68.85,5601695
12/22/2020,68.25,3894320
12/23/2020,69,2875911
12/24/2020,68.9,1573322
12/25/2020,,
12/26/2020,,
12/27/2020,,
12/28/2020,70,3776657
12/29/2020,70.9,3732843
12/30/2020,71.8,4923235
12/31/2020,70.6,4019204
1/1/2021,,
1/2/2021,,
1/3/2021,,
1/4/2021,71.75,5522335
1/5/2021,73.1,8683349
1/6/2021,72.75,6597194
1/7/2021,71.45,4969834
1/8/2021,70.65,7750799
1/9/2021,,
1/10/2021,,
1/11/2021,69.9,5954954
1/12/2021,70.15,3927509
1/13/2021,70.6,3649865
1/14/2021,70.45,3837837
1/15/2021,69.45,7108834
1/16/2021,,
1/17/2021,,
1/18/2021,69.2,5567857
1/19/2021,69.55,9963610
1/20/2021,69,5855190
1/21/2021,69.1,7549038
1/22/2021,68.75,6355904
1/23/2021,,
1/24/2021,,
1/25/2021,68.3,7592847
1/26/2021,68.25,5129162
1/27/2021,68.15,5280880
1/28/2021,68.15,10861260
1/29/2021,67.7,8187900
1/30/2021,,
1/31/2021,,
2/1/2021,67.95,8072997
2/2/2021,67.25,6787148
2/3/2021,67.5,4909900
2/4/2021,67.8,5830872
2/5/2021,67.75,3927532
2/6/2021,,
2/7/2021,,
2/8/2021,67.25,4327019
2/9/2021,66.7,5323500
2/10/2021,66.7,6789125
2/11/2021,67.3,5167438
2/12/2021,,
2/13/2021,,
2/14/2021,,
2/15/2021,,
2/16/2021,68.85,13831330
2/17/2021,68.75,14968780
2/18/2021,69.6,9397424
2/19/2021,70.15,7140536
2/20/2021,,
2/21/2021,,
2/22/2021,69.8,7030100
2/23/2021,71.85,14120890
2/24/2021,72.5,16363280
2/25/2021,74.25,19711540
2/26/2021,73.2,13051350
2/27/2021,,
2/28/2021,,
3/1/2021,71.35,11186070
3/2/2021,71.25,6674822
3/3/2021,70.85,6789217
3/4/2021,70.55,4813704
3/5/2021,70.65,5391891
3/6/2021,,
3/7/2021,,
3/8/2021,71.2,8949438
3/9/2021,72.45,10180610
3/10/2021,72.6,7478503
3/11/2021,71.85,7165322
3/12/2021,71.85,5949726
3/13/2021,,
3/14/2021,,
3/15/2021,71.8,5631204
3/16/2021,71.25,5111106
3/17/2021,71.3,4722147
3/18/2021,70.5,7003053
3/19/2021,69.95,10494000
3/20/2021,,
3/21/2021,,
3/22/2021,70.05,2949321
3/23/2021,70,3372802
3/24/2021,69.85,4580992
3/25/2021,69.9,6335582
3/26/2021,69.75,3317447
3/27/2021,,
3/28/2021,,
3/29/2021,70.5,5197785
3/30/2021,72.6,10612700
3/31/2021,70.8,6073926
4/1/2021,70.35,4348199
4/2/2021,,
4/3/2021,,
4/4/2021,,
4/5/2021,,
4/6/2021,,
4/7/2021,70.4,4086875
4/8/2021,70.6,5498011
4/9/2021,70.5,3447651
4/10/2021,,
4/11/2021,,
4/12/2021,70.45,4534977
4/13/2021,71.9,7634751
4/14/2021,73.9,13243880
4/15/2021,74.6,7200467
4/16/2021,75.2,9775451
4/17/2021,,
4/18/2021,,
4/19/2021,74.3,4096548
4/20/2021,74.6,3448027
4/21/2021,74.1,2995415
4/22/2021,74.6,6012774
4/23/2021,74.9,3053268
4/24/2021,,
4/25/2021,,
4/26/2021,74.25,3789713
4/27/2021,73.25,4456316
4/28/2021,72.8,5300587
4/29/2021,73.3,3272959
4/30/2021,73.45,4083460
5/1/2021,,
5/2/2021,,
5/3/2021,73,3309270
5/4/2021,72.8,3006628
5/5/2021,72.4,3433206
5/6/2021,73.6,4738852
5/7/2021,74.1,6159444
5/8/2021,,
5/9/2021,,
5/10/2021,75.15,6061392
5/11/2021,74.55,7299522
5/12/2021,73.75,5857148
5/13/2021,72.9,4891913
5/14/2021,73.2,3084145
5/15/2021,,
5/16/2021,,
5/17/2021,72.35,6053648
5/18/2021,74.35,6195282
5/19/2021,,
5/20/2021,74.05,4991954
5/21/2021,73.7,3814953
5/22/2021,,
5/23/2021,,
5/24/2021,74.05,3629197
5/25/2021,74.7,4087932
5/26/2021,75.3,5754759
5/27/2021,74.85,7015100
5/28/2021,74.85,5434701
5/29/2021,,
5/30/2021,,
5/31/2021,73.9,5107947
6/1/2021,74.3,4687251
6/2/2021,74.75,4694923
6/3/2021,74.4,3904543
6/4/2021,74.1,4760504
6/5/2021,,
6/6/2021,,
6/7/2021,74.35,3185567
6/8/2021,75.75,6142399
6/9/2021,75.75,4374897
6/10/2021,76.85,4782693
6/11/2021,76.85,5493044
6/12/2021,,
6/13/2021,,
6/14/2021,,
6/15/2021,76.1,6399020
6/16/2021,76.2,6291499
6/17/2021,75.55,4887643
6/18/2021,78.2,12610820
6/19/2021,,
6/20/2021,,
6/21/2021,77.8,4968925
6/22/2021,77.3,4153593
6/23/2021,78.2,4971730
6/24/2021,78.25,4304456
6/25/2021,78,3173520
6/26/2021,,
6/27/2021,,
6/28/2021,77.85,2731974
6/29/2021,75.95,4470860
6/30/2021,75.25,3160023
7/1/2021,,
7/2/2021,74.65,4630878
7/3/2021,,
7/4/2021,,
7/5/2021,76.5,4052867
7/6/2021,76.25,3259983
7/7/2021,75.55,3509499
7/8/2021,74.75,4993659
7/9/2021,74.15,4794441
7/10/2021,,
7/11/2021,,
7/12/2021,75,3341941
7/13/2021,75.35,3988726
7/14/2021,74.4,3095673
7/15/2021,75.1,3080126
7/16/2021,75.6,6094563
7/17/2021,,
7/18/2021,,
7/19/2021,74.55,3704614
7/20/2021,74.6,3245390
7/21/2021,74.95,3427071
7/22/2021,75.8,5723861
7/23/2021,75.3,3183767
7/24/2021,,
7/25/2021,,
7/26/2021,75.05,5211935
7/27/2021,75.4,9332967
7/28/2021,75.8,6060384
7/29/2021,75,6484027
7/30/2021,74.3,4952219
7/31/2021,,
8/1/2021,,
8/2/2021,75,3805626
8/3/2021,74.6,3039919
8/4/2021,74.25,3280127
8/5/2021,73.95,3227722
8/6/2021,73.8,2242694
8/7/2021,,
8/8/2021,,
8/9/2021,73.4,3955002
8/10/2021,72.6,5355113
8/11/2021,72.5,5436667
8/12/2021,72.6,2425754
8/13/2021,72.95,2440836
8/14/2021,,
8/15/2021,,
8/16/2021,73.3,2553263
8/17/2021,73.25,3573190
8/18/2021,73.6,2066578
8/19/2021,72.9,2222115
8/20/2021,74,5084599
8/21/2021,,
8/22/2021,,
8/23/2021,73.3,3304060
8/24/2021,72.8,3406604
8/25/2021,71.95,4635604
8/26/2021,71.6,3698619
8/27/2021,71.5,2880026
8/28/2021,,
8/29/2021,,
8/30/2021,71.95,3272671
8/31/2021,71.55,4430597
9/1/2021,71.3,5166244
9/2/2021,71.75,5333274
9/3/2021,71.15,4482159
9/4/2021,,
9/5/2021,,
9/6/2021,70.95,3766425
9/7/2021,70.55,4331789
9/8/2021,70,7594979
9/9/2021,69.9,9405786
9/10/2021,70.05,3981971
9/11/2021,,
9/12/2021,,
9/13/2021,69.3,5565847
9/14/2021,69.1,4028336
9/15/2021,68,5648988
9/16/2021,66.95,7831762
9/17/2021,66.65,11463560
9/18/2021,,
9/19/2021,,
9/20/2021,64.65,14977850
9/21/2021,64.75,10790990
9/22/2021,,
9/23/2021,66.1,6745846
9/24/2021,65.25,4792851
9/25/2021,,
9/26/2021,,
9/27/2021,64.55,3676265
9/28/2021,64.15,6213988
9/29/2021,65.25,9720227
9/30/2021,66.75,7369827
10/1/2021,,
10/2/2021,,
10/3/2021,,
10/4/2021,65.75,6380824
10/5/2021,65.8,3986261
10/6/2021,65.15,4937897
10/7/2021,65.9,3407627
10/8/2021,66.5,6495636
10/9/2021,,
10/10/2021,,
10/11/2021,66.7,4862889
10/12/2021,67.25,6180405
10/13/2021,,
10/14/2021,,
10/15/2021,68.4,5341687
10/16/2021,,
10/17/2021,,
10/18/2021,68.2,5919204
10/19/2021,68.4,3492058
10/20/2021,68.1,4018375
10/21/2021,67.9,3388010
10/22/2021,68.4,3403576
10/23/2021,,
10/24/2021,,
10/25/2021,68.55,2943018
10/26/2021,68.15,3324530
10/27/2021,68.4,3209413
10/28/2021,69.5,5299256
10/29/2021,69,4276491
10/30/2021,,
10/31/2021,,
11/1/2021,68.65,2022113
11/2/2021,68.6,2839520
11/3/2021,67.9,3249414
11/4/2021,68.75,3319263
11/5/2021,68.7,838055
11/6/2021,,
11/7/2021,,
11/8/2021,69.75,3490872
11/9/2021,69.5,2780728
11/10/2021,70.4,6535622
11/11/2021,71.95,9933356
11/12/2021,71.5,6816603
11/13/2021,,
11/14/2021,,
11/15/2021,71.5,3445888
11/16/2021,71.85,3299396
11/17/2021,71.1,4515105
11/18/2021,71.2,5233781
11/19/2021,71.45,7852859
11/20/2021,,
11/21/2021,,
11/22/2021,69.75,5236391
11/23/2021,69.85,4817703
11/24/2021,70.75,5427295
11/25/2021,71.05,5059685
11/26/2021,69.3,5652644
11/27/2021,,
11/28/2021,,
11/29/2021,68.7,3704732
11/30/2021,67.6,8128775
12/1/2021,66.5,9839910
12/2/2021,67,5506708
12/3/2021,66.6,7690517
12/4/2021,,
12/5/2021,,
12/6/2021,67.15,4961200
12/7/2021,66.9,5993310
12/8/2021,67.15,4827798
12/9/2021,68.05,4240974
12/10/2021,67.65,3634873
12/11/2021,,
12/12/2021,,
12/13/2021,67.35,5236621
12/14/2021,67.3,3763086
12/15/2021,67.35,3714682
12/16/2021,67.65,4937472
12/17/2021,66.75,6568245
12/18/2021,,
12/19/2021,,
12/20/2021,66,4710160
12/21/2021,66.2,2814271
12/22/2021,66.45,2434206
12/23/2021,66.75,3159170
12/24/2021,67.85,1827569
12/25/2021,,
12/26/2021,,
12/27/2021,,
12/28/2021,67.9,2699547
12/29/2021,67.95,2945119
12/30/2021,68.6,2656039
12/31/2021,68.65,2284010
1/1/2022,,
1/2/2022,,
1/3/2022,68.65,1578736
1/4/2022,69.35,6049690
1/5/2022,68.6,7565993
1/6/2022,68,5087246
1/7/2022,67.9,4735241
1/8/2022,,
1/9/2022,,
1/10/2022,67.9,3971136
1/11/2022,67.35,4734076
1/12/2022,67.1,5704438
1/13/2022,66.9,4138182
1/14/2022,67.15,5003245
1/15/2022,,
1/16/2022,,
1/17/2022,67.05,2173115
1/18/2022,66.95,2726039
1/19/2022,67,3258139
1/20/2022,68.15,7495177
1/21/2022,68.85,6979038
1/22/2022,,
1/23/2022,,
1/24/2022,68.75,3976421
1/25/2022,68,4606169
1/26/2022,68.05,3451097
1/27/2022,67.6,5061012
1/28/2022,66.75,6937141
1/29/2022,,
1/30/2022,,
1/31/2022,66.75,5265914
2/1/2022,,
2/2/2022,,
2/3/2022,,
2/4/2022,67.05,7256043
2/5/2022,,
2/6/2022,,
2/7/2022,67.2,4718678
2/8/2022,67.7,4328967
2/9/2022,68.3,5603318
2/10/2022,68,5869674
2/11/2022,66.8,15005790
2/12/2022,,
2/13/2022,,
2/14/2022,66.5,5951604
2/15/2022,66.5,4923952
2/16/2022,66.55,3322921
2/17/2022,65.65,9425907
2/18/2022,65.95,5171821
2/19/2022,,
2/20/2022,,
2/21/2022,65.45,3700841
2/22/2022,64.75,5538281
2/23/2022,65,4713274
2/24/2022,63.8,7498591
2/25/2022,63.5,5431220
2/26/2022,,
2/27/2022,,
2/28/2022,63.1,7850108
3/1/2022,62.3,5463392
3/2/2022,61.75,5086545
3/3/2022,61.9,5182523
3/4/2022,61.05,7104831
3/5/2022,,
3/6/2022,,
3/7/2022,60.6,6492336
3/8/2022,62.4,7465957
3/9/2022,63.25,8633435
3/10/2022,63.7,5561039
3/11/2022,64.35,8623330
3/12/2022,,
3/13/2022,,
3/14/2022,64.1,6781918
3/15/2022,62.7,8331811
3/16/2022,62.75,6873396
3/17/2022,65.55,9401611
3/18/2022,65.65,9626587
3/19/2022,,
3/20/2022,,
3/21/2022,66.6,5260362
3/22/2022,67.15,6747841
3/23/2022,66.35,4804963
3/24/2022,66.55,5936871
3/25/2022,67.35,6713850
3/26/2022,,
3/27/2022,,
3/28/2022,67.25,3356022
3/29/2022,67.3,5260365
3/30/2022,67.65,5754065
3/31/2022,67,5098636
4/1/2022,67.65,3272328
4/2/2022,,
4/3/2022,,
4/4/2022,67.6,3940691
4/5/2022,,
4/6/2022,67.85,5394246
4/7/2022,68,5267907
4/8/2022,68.85,7793327
4/9/2022,,
4/10/2022,,
4/11/2022,68.1,4646958
4/12/2022,67.45,3757693
4/13/2022,67.3,2998101
4/14/2022,67.6,3917173
4/15/2022,,
4/16/2022,,
4/17/2022,,
4/18/2022,,
4/19/2022,69.15,8490251
4/20/2022,67.95,5866480
4/21/2022,68,5521936
4/22/2022,67.95,3807142
4/23/2022,,
4/24/2022,,
4/25/2022,68,7031044
4/26/2022,67.9,5453259
4/27/2022,67.2,6512705
4/28/2022,67.85,5235293
4/29/2022,68.1,6145507
4/30/2022,,
5/1/2022,,
5/2/2022,,
5/3/2022,67.25,4696857
5/4/2022,67.75,2612042
5/5/2022,67.1,3183617
5/6/2022,67,6021595
5/7/2022,,
5/8/2022,,
5/9/2022,,
5/10/2022,66.4,8112817
5/11/2022,66.5,4987891
5/12/2022,66.55,5554602
5/13/2022,68.35,9958586
5/14/2022,,
5/15/2022,,
5/16/2022,68.4,3772048
5/17/2022,68.75,5808339
5/18/2022,68.65,5596904
5/19/2022,68.85,4326940
5/20/2022,70.3,7091625
5/21/2022,,
5/22/2022,,
5/23/2022,69.85,2989618
5/24/2022,69.65,2933114
5/25/2022,69.75,5691709
5/26/2022,69.95,3532768
5/27/2022,70.35,4239020
5/28/2022,,
5/29/2022,,
5/30/2022,71.3,6455838
5/31/2022,71.05,8925842
6/1/2022,71.2,6099615
6/2/2022,71.3,4980025
6/3/2022,,
6/4/2022,,
6/5/2022,,
6/6/2022,72,6703215
6/7/2022,70.9,5607956
6/8/2022,70.3,5515812
6/9/2022,69.75,6056934
6/10/2022,69.1,7224655
6/11/2022,,
6/12/2022,,
6/13/2022,68.8,6083644
6/14/2022,68.4,4567952
6/15/2022,68.15,6442751
6/16/2022,65.2,8172111
6/17/2022,63.2,13121710
6/18/2022,,
6/19/2022,,
6/20/2022,63.4,5193556
6/21/2022,64.5,5271955
6/22/2022,63.35,9175704
6/23/2022,63.4,4570531
6/24/2022,63.75,5110746
6/25/2022,,
6/26/2022,,
6/27/2022,64.8,4900407
6/28/2022,65.25,5675983
6/29/2022,65.05,5453834
6/30/2022,64,7547621
7/1/2022,,
7/2/2022,,
7/3/2022,,
7/4/2022,63.6,7237197
7/5/2022,63.65,5250325
7/6/2022,64.4,5771981
7/7/2022,64.75,4337820
7/8/2022,64.85,4166561
7/9/2022,,
7/10/2022,,
7/11/2022,64.15,2729544
7/12/2022,63.9,5295130
7/13/2022,64.8,6889048
7/14/2022,64.3,5226708
7/15/2022,64,3103364
7/16/2022,,
7/17/2022,,
7/18/2022,64.85,3357542
7/19/2022,64.35,2375771
7/20/2022,64.3,2501104
7/21/2022,63.3,4511701
7/22/2022,63.85,2089022
7/23/2022,,
7/24/2022,,
7/25/2022,64.4,2878610
7/26/2022,64.8,3120872
7/27/2022,64.75,2316002
7/28/2022,65.15,4197974
7/29/2022,65.7,7084305
7/30/2022,,
7/31/2022,,
8/1/2022,66.25,4677877
8/2/2022,64.95,3767999
8/3/2022,64.6,2777329
8/4/2022,65.6,2249237
8/5/2022,66.1,2746539
8/6/2022,,
8/7/2022,,
8/8/2022,66.1,1283722
8/9/2022,65.55,2940656
8/10/2022,65.05,2400324
8/11/2022,66.15,3688497
8/12/2022,66.4,2143009
8/13/2022,,
8/14/2022,,
8/15/2022,65.75,1763424
8/16/2022,64.9,4677431
8/17/2022,64.9,3076374
8/18/2022,64.05,4328306
8/19/2022,63.15,5214003
8/20/2022,,
8/21/2022,,
8/22/2022,62.95,3404427
8/23/2022,61.7,6490887
8/24/2022,61,3927990
8/25/2022,61.55,3157956
8/26/2022,61.75,3579388
8/27/2022,,
8/28/2022,,
8/29/2022,61.6,2343564
8/30/2022,61.4,2727913
8/31/2022,60.85,6106332
9/1/2022,60.8,3985940
9/2/2022,61.9,5977033
9/3/2022,,
9/4/2022,,
9/5/2022,61.85,3992000
9/6/2022,61.7,1666601
9/7/2022,62.05,3335181
9/8/2022,62.2,3653957
9/9/2022,62.3,4653293
9/10/2022,,
9/11/2022,,
9/12/2022,,
9/13/2022,62.85,4277746
9/14/2022,61.4,4549331
9/15/2022,61.1,2679930
9/16/2022,61.65,7783987
9/17/2022,,
9/18/2022,,
9/19/2022,62.25,5295585
9/20/2022,62.95,3547441
9/21/2022,62.05,5380186
9/22/2022,61.35,4638098
9/23/2022,60.95,5721234
9/24/2022,,
9/25/2022,,
9/26/2022,59.15,9394573
9/27/2022,56.65,11601680
9/28/2022,54.55,11550240
9/29/2022,54.25,7098997
9/30/2022,54.9,7730430
10/1/2022,,
10/2/2022,,
10/3/2022,54.75,3894783
10/4/2022,,
10/5/2022,56,6264715
10/6/2022,54.95,4419946
10/7/2022,54.85,3851143
10/8/2022,,
10/9/2022,,
10/10/2022,53.15,3405869
10/11/2022,53.3,3969637
10/12/2022,52.25,4371443
10/13/2022,52.05,4678756
10/14/2022,51.5,4914081
10/15/2022,,
10/16/2022,,
10/17/2022,51.9,3196657
10/18/2022,52.6,3918867
10/19/2022,51.6,3502817
10/20/2022,51,4866256
10/21/2022,48.6,10340580
10/22/2022,,
10/23/2022,,
10/24/2022,47.8,8814345
10/25/2022,47.15,6790477
10/26/2022,48.1,6039716
10/27/2022,47.9,5455766
10/28/2022,48.45,6401098
10/29/2022,,
10/30/2022,,
10/31/2022,46.4,8361988
11/1/2022,47.9,10310190
11/2/2022,49.3,6026983
11/3/2022,48.8,4104315
11/4/2022,49.8,6368113
11/5/2022,,
11/6/2022,,
11/7/2022,51.75,9763826
11/8/2022,51.85,6837988
11/9/2022,49.8,8202007
11/10/2022,50.95,4645627
11/11/2022,54.45,11257070
11/12/2022,,
11/13/2022,,
11/14/2022,55,16160670
11/15/2022,56.5,8341622
11/16/2022,56.1,9007107
11/17/2022,55.75,5096194
11/18/2022,55.1,5972196
11/19/2022,,
11/20/2022,,
11/21/2022,53.3,3270194
11/22/2022,53.15,3218111
11/23/2022,50.65,13540660
11/24/2022,51.6,6405089
11/25/2022,51.85,3583512
11/26/2022,,
11/27/2022,,
11/28/2022,50.95,9090958
11/29/2022,52.6,8837667
11/30/2022,52.5,8696783
12/1/2022,53.3,10852650
12/2/2022,52,6740561
12/3/2022,,
12/4/2022,,
12/5/2022,52.6,6475497
12/6/2022,53.15,5242863
12/7/2022,52.5,5403354
12/8/2022,54.4,8965637
12/9/2022,55.5,14649720
12/10/2022,,
12/11/2022,,
12/12/2022,55.4,7664391
12/13/2022,57.55,11648230
12/14/2022,56.9,9187244
12/15/2022,55.75,7915967
12/16/2022,55.65,8210349
12/17/2022,,
12/18/2022,,
12/19/2022,55.35,3152585
12/20/2022,55,4632015
12/21/2022,55.15,2579893
12/22/2022,56.35,5422171
12/23/2022,56.25,2487755
12/24/2022,,
12/25/2022,,
12/26/2022,,
12/27/2022,,
12/28/2022,56.6,4823149
12/29/2022,56.8,4899888
12/30/2022,57.3,2876042
12/31/2022,,
1/1/2023,,
1/2/2023,,
1/3/2023,58.2,6265654
1/4/2023,60,9707158
1/5/2023,60.85,10437730
1/6/2023,59.05,6187730
1/7/2023,,
1/8/2023,,
1/9/2023,59.2,6799316
1/10/2023,59.95,8451555
1/11/2023,59.45,7322642
1/12/2023,61.2,7502066
1/13/2023,61.45,3694315
1/14/2023,,
1/15/2023,,
1/16/2023,63.1,8874475
1/17/2023,62.8,6706185
1/18/2023,62.55,3047271
1/19/2023,63.4,4107421
1/20/2023,63.55,4511944
1/21/2023,,
1/22/2023,,
1/23/2023,,
1/24/2023,,
1/25/2023,,
1/26/2023,63.8,5499915
1/27/2023,63.95,4693310
1/28/2023,,
1/29/2023,,
1/30/2023,64.3,6217879
1/31/2023,62.7,8072113
2/1/2023,62.9,4657826
2/2/2023,64.3,6851834
2/3/2023,64.65,4500190
2/4/2023,,
2/5/2023,,
2/6/2023,62.9,4952103
2/7/2023,62.6,3179065
2/8/2023,63.5,3765036
2/9/2023,62.8,3666340
2/10/2023,62.8,NA
2/11/2023,,
2/12/2023,,
2/13/2023,54.75,50234120
2/14/2023,54,19720560
2/15/2023,53.8,13369730
2/16/2023,53.75,13019690
2/17/2023,53.05,9965221
2/18/2023,,
2/19/2023,,
2/20/2023,52.35,10935400
2/21/2023,52.75,8546315
2/22/2023,53.2,9650202
2/23/2023,53.2,11451990
2/24/2023,50.1,18090810
2/25/2023,,
2/26/2023,,
2/27/2023,50.85,8557150
2/28/2023,51.6,11990170
3/1/2023,51.8,9149708
3/2/2023,51.15,4467719
3/3/2023,50.7,7668127
3/4/2023,,
3/5/2023,,
3/6/2023,50.9,7119929
3/7/2023,50,10701700
3/8/2023,48.8,12482600
3/9/2023,48,13806730
3/10/2023,47.5,14993000
3/11/2023,,
3/12/2023,,
3/13/2023,48.7,20658160
3/14/2023,48.65,14902140
3/15/2023,48.5,15137460
3/16/2023,49.7,16240910
3/17/2023,50.1,11133210
3/18/2023,,
3/19/2023,,
3/20/2023,49.65,10222680
3/21/2023,49.4,7810138
3/22/2023,50,8581491
3/23/2023,50.1,9806183
3/24/2023,50.1,4385569
3/25/2023,,
3/26/2023,,
3/27/2023,50.35,7116668
3/28/2023,50.05,9725733
3/29/2023,49.85,10265100
3/30/2023,50.4,10299240
3/31/2023,50.5,10165580
4/1/2023,,
4/2/2023,,
4/3/2023,50.8,10991760
4/4/2023,50.65,7123402
4/5/2023,,
4/6/2023,50.9,5280807
4/7/2023,,
4/8/2023,,
4/9/2023,,
4/10/2023,,
4/11/2023,51.05,7930852
4/12/2023,51.6,6023792
4/13/2023,51.55,4763543
4/14/2023,51.45,3675282
4/15/2023,,
4/16/2023,,
4/17/2023,51.55,6998248
4/18/2023,51.7,5479791
4/19/2023,51.35,7210163
4/20/2023,50.65,7390483
4/21/2023,50.55,6491007
4/22/2023,,
4/23/2023,,
4/24/2023,50.4,7555690
4/25/2023,50,7224117
4/26/2023,50.55,7701756
4/27/2023,51,4208115
4/28/2023,51.2,6433956
4/29/2023,,
4/30/2023,,
5/1/2023,,
5/2/2023,50.8,6940310
5/3/2023,50.75,5966324
5/4/2023,51.25,4658422
5/5/2023,51.55,4053934
5/6/2023,,
5/7/2023,,
5/8/2023,52.05,5191754
5/9/2023,50.65,8380991
5/10/2023,50.25,5294150
5/11/2023,50,7371358
5/12/2023,49.55,5604020
5/13/2023,,
5/14/2023,,
5/15/2023,50.5,4662453
5/16/2023,50.7,3617104
5/17/2023,50.05,6574932
5/18/2023,49.75,5486546
5/19/2023,49.7,4905493
5/20/2023,,
5/21/2023,,
5/22/2023,49.4,4447256
5/23/2023,49.3,4754893
5/24/2023,49.2,3975990
5/25/2023,48.55,4355020
5/26/2023,,
5/27/2023,,
5/28/2023,,
5/29/2023,47.7,6667690
5/30/2023,47.3,5466294
5/31/2023,45.5,24915400
6/1/2023,45.8,14049330
6/2/2023,47.15,8106287
6/3/2023,,
6/4/2023,,
6/5/2023,48.1,5750967
6/6/2023,47.65,4689869
6/7/2023,47.3,4259212
6/8/2023,46.8,9201198
6/9/2023,47.3,4950165
6/10/2023,,
6/11/2023,,
6/12/2023,47.4,3865457
6/13/2023,47.2,4886298
6/14/2023,46.75,6666482
6/15/2023,45.35,8033306
6/16/2023,46.25,12930990
6/17/2023,,
6/18/2023,,
6/19/2023,46.4,4550950
6/20/2023,46.05,3900313
6/21/2023,45.25,6361306
6/22/2023,,
6/23/2023,44.1,11124610
6/24/2023,,
6/25/2023,,
6/26/2023,43.6,7888423
6/27/2023,44.1,3549352
6/28/2023,44.2,3068643
6/29/2023,43.65,4421714
6/30/2023,43.5,6229627
7/1/2023,,
7/2/2023,,
7/3/2023,44.1,4419879
7/4/2023,44.35,3482239
7/5/2023,43.65,5714918
7/6/2023,43.25,9985188
7/7/2023,41.95,8662048
7/8/2023,,
7/9/2023,,
7/10/2023,42,4391527
7/11/2023,42.3,4562844
7/12/2023,42.45,5243660
7/13/2023,43.65,11530440
7/14/2023,43.75,5862273
7/15/2023,,
7/16/2023,,
7/17/2023,,
7/18/2023,43.15,3633088
7/19/2023,43.15,4318017
7/20/2023,43.9,5752111
7/21/2023,44.15,5419313
7/22/2023,,
7/23/2023,,
7/24/2023,43.2,4427566
7/25/2023,43.75,5089274
7/26/2023,44.05,3987333
7/27/2023,44.85,5449408
7/28/2023,44.1,6923722
7/29/2023,,
7/30/2023,,
7/31/2023,43.65,9757081
8/1/2023,43.2,5106480
8/2/2023,42.5,7494142
8/3/2023,42.3,5199747
8/4/2023,42,5701507
8/5/2023,,
8/6/2023,,
8/7/2023,42.35,2720859
8/8/2023,41.8,4272501
8/9/2023,41.3,7455773
8/10/2023,40.5,9487521
8/11/2023,39.7,11643090
8/12/2023,,
8/13/2023,,
8/14/2023,38.35,15095020
8/15/2023,38.65,8700654
8/16/2023,39.1,7999008
8/17/2023,39.25,8522628
8/18/2023,38.3,8222807
8/19/2023,,
8/20/2023,,
8/21/2023,37.9,7057651
8/22/2023,37.65,4434267
8/23/2023,37.4,4749754
8/24/2023,38.75,6580606
8/25/2023,38.5,6348097
8/26/2023,,
8/27/2023,,
8/28/2023,38.15,3158915
8/29/2023,38.65,4671925
8/30/2023,39.55,7157779
8/31/2023,38.9,10908620
9/1/2023,,
9/2/2023,,
9/3/2023,,
9/4/2023,39.65,7925465
9/5/2023,38.9,4403682
9/6/2023,38.75,3562891
9/7/2023,38.55,5683855
9/8/2023,,
9/9/2023,,
9/10/2023,,
9/11/2023,37.75,8772821
9/12/2023,37.6,5678645
9/13/2023,38.1,4860704
9/14/2023,37.3,10784490
9/15/2023,37.85,10075220
9/16/2023,,
9/17/2023,,
9/18/2023,37.45,4815897
9/19/2023,37.6,5860015
9/20/2023,37.8,3505306
9/21/2023,36.8,7634556
9/22/2023,38,7551692
9/23/2023,,
9/24/2023,,
9/25/2023,37.3,6267469
9/26/2023,36.8,5458266
9/27/2023,36.65,5004372
9/28/2023,36.95,7888711
9/29/2023,38.4,12035010
9/30/2023,,
10/1/2023,,
10/2/2023,,
10/3/2023,36.15,13623030
10/4/2023,36.55,8021599
10/5/2023,36.65,3794510
10/6/2023,37.2,5584062
10/7/2023,,
10/8/2023,,
10/9/2023,36.9,3234218
10/10/2023,37.5,4754365
10/11/2023,37.7,5949144
10/12/2023,38.25,4521634
10/13/2023,37.1,6048586
10/14/2023,,
10/15/2023,,
10/16/2023,36.85,3699258
10/17/2023,37.4,4556526
10/18/2023,37,3472843
10/19/2023,35.95,5612642
10/20/2023,35.45,6647080
10/21/2023,,
10/22/2023,,
10/23/2023,,
10/24/2023,35.6,5720161
10/25/2023,35.9,5721496
10/26/2023,35.6,5175362
10/27/2023,36.1,5556450
10/28/2023,,
10/29/2023,,
10/30/2023,36.4,4008540
10/31/2023,35.9,5538807
11/1/2023,35.85,5918862
11/2/2023,38.25,15115190
11/3/2023,39.7,13917700
11/4/2023,,
11/5/2023,,
11/6/2023,39.5,8679329
11/7/2023,37.9,10921800
11/8/2023,38.4,9483019
11/9/2023,39.5,10726590
11/10/2023,38.55,8519835
11/11/2023,,
11/12/2023,,
11/13/2023,38.15,7210283
11/14/2023,38.75,5993267
11/15/2023,40.95,16969550
11/16/2023,40.35,8935603
11/17/2023,39.85,7490900
11/18/2023,,
11/19/2023,,
11/20/2023,38.8,7572485
11/21/2023,39.7,14707490
11/22/2023,40,8452610
11/23/2023,40.3,8524208
11/24/2023,39.8,5022097
11/25/2023,,
11/26/2023,,
11/27/2023,39.3,4893807
11/28/2023,38.85,9653427
11/29/2023,38.9,8234145
11/30/2023,38.6,22312470
12/1/2023,38.5,8838611
12/2/2023,,
12/3/2023,,
12/4/2023,38.6,8279622
12/5/2023,37.75,8725468
12/6/2023,38.2,10270610
12/7/2023,37.75,5402987
12/8/2023,37.9,4269983
12/9/2023,,
12/10/2023,,
12/11/2023,38.25,5715001
12/12/2023,38.45,4498684
12/13/2023,38.5,6073290
12/14/2023,40.3,29019560
12/15/2023,42,24954500
12/16/2023,,
12/17/2023,,
12/18/2023,41.85,12066570
12/19/2023,42.55,16190800
12/20/2023,42.55,10058550
12/21/2023,43.4,14938430
12/22/2023,43.2,10523130
12/23/2023,,
12/24/2023,,
12/25/2023,,
12/26/2023,,
12/27/2023,43.55,7161693
12/28/2023,43.85,5223083
12/29/2023,43.85,5787842
12/30/2023,,
12/31/2023,,
1/1/2024,,
1/2/2024,43.75,4529258
1/3/2024,43.5,5083097
1/4/2024,42.9,7351565
1/5/2024,43.25,4973068
1/6/2024,,
1/7/2024,,
1/8/2024,42.55,5459068
1/9/2024,42.75,8446575
1/10/2024,42.5,5205171
1/11/2024,42.55,5374175
1/12/2024,42.65,7935977
1/13/2024,,
1/14/2024,,
1/15/2024,42.6,3209596
1/16/2024,42.3,8337238
1/17/2024,40.35,18675490
1/18/2024,40.75,12547050
1/19/2024,40.45,9872589
1/20/2024,,
1/21/2024,,
1/22/2024,38.9,13431530
1/23/2024,39.15,14332710
1/24/2024,39.6,9224543
1/25/2024,39.2,9750790
1/26/2024,39.4,6549384
1/27/2024,,
1/28/2024,,
1/29/2024,39.05,8297238
1/30/2024,39.4,8653903
1/31/2024,39.2,11373650
2/1/2024,39.55,8211038
2/2/2024,39.8,11673940
2/3/2024,,
2/4/2024,,
2/5/2024,39.3,5945097
2/6/2024,39.4,6921707
2/7/2024,39.5,5135422
2/8/2024,38.4,7178151
2/9/2024,38.3,5039118
2/10/2024,,
2/11/2024,,
2/12/2024,,
2/13/2024,,
2/14/2024,37.35,16380680
2/15/2024,38,7295204
2/16/2024,38.6,8564518
2/17/2024,,
2/18/2024,,
2/19/2024,37.8,8907226
2/20/2024,38,5470448
2/21/2024,38.25,7714866
2/22/2024,38.4,7583238
2/23/2024,38.5,4731431
2/24/2024,,
2/25/2024,,
2/26/2024,38.7,5896317
2/27/2024,38.25,7777116
2/28/2024,39,14236710
2/29/2024,38.95,13053950
3/1/2024,38.05,10558130
3/2/2024,,
3/3/2024,,
3/4/2024,37.75,8289189
3/5/2024,36.65,11729230
3/6/2024,36.6,8284474
3/7/2024,36.6,8358414
3/8/2024,36.7,5860526
3/9/2024,,
3/10/2024,,
3/11/2024,36.95,7065106
3/12/2024,37.55,14207880
3/13/2024,36.9,8543261
3/14/2024,37.15,5468913
3/15/2024,36.55,12686930
3/16/2024,,
3/17/2024,,
3/18/2024,36.2,5594885
3/19/2024,35.75,7724027
3/20/2024,35.4,5303421
3/21/2024,35.9,7847995
3/22/2024,34.7,14496040
3/23/2024,,
3/24/2024,,
3/25/2024,34.4,9027519
3/26/2024,33.85,22298590
3/27/2024,34.3,11264130
3/28/2024,33.65,12074430
3/29/2024,,
3/30/2024,,
3/31/2024,,
4/1/2024,,
4/2/2024,33.4,13457280
4/3/2024,33.95,10470960
4/4/2024,,
4/5/2024,33.95,11695050
4/6/2024,,
4/7/2024,,
4/8/2024,34.55,9464940
4/9/2024,34.4,4489520
4/10/2024,34.4,6531515
4/11/2024,33.35,16734210
4/12/2024,32.2,16240730
4/13/2024,,
4/14/2024,,
4/15/2024,32.25,6461087
4/16/2024,31.25,12631000
4/17/2024,31.05,10935510
4/18/2024,30.95,9000838
4/19/2024,30.85,8604473
4/20/2024,,
4/21/2024,,
4/22/2024,31.65,9634696
4/23/2024,32.95,15052380
4/24/2024,33.85,14011950
4/25/2024,33.9,10442210
4/26/2024,33.9,12157560
4/27/2024,,
4/28/2024,,
4/29/2024,33.8,11526940
4/30/2024,33.85,6706761
5/1/2024,,
5/2/2024,34.05,6903883
5/3/2024,34.2,7539074
5/4/2024,,
5/5/2024,,
5/6/2024,34.6,7619956
5/7/2024,34.85,4227712
5/8/2024,34.65,10008670
5/9/2024,34.8,5082183
5/10/2024,35.4,7879258
5/11/2024,,
5/12/2024,,
5/13/2024,36.2,13874960
5/14/2024,36.1,10035590
5/15/2024,,
5/16/2024,36.45,15438450
5/17/2024,36.45,9828317
5/18/2024,,
5/19/2024,,
5/20/2024,37.4,13142560
5/21/2024,36.35,8652821
5/22/2024,34.75,21265490
5/23/2024,33.5,19336420
5/24/2024,33.2,9060347
5/25/2024,,
5/26/2024,,
5/27/2024,33.3,4758708
5/28/2024,33.45,7769588
5/29/2024,34.7,25931610
5/30/2024,33.95,16904810
5/31/2024,32.8,21803830
6/1/2024,,
6/2/2024,,
6/3/2024,33.85,16860650
6/4/2024,33.95,8983611
6/5/2024,34,8152286
6/6/2024,34.1,6279791
6/7/2024,33.9,6948183
6/8/2024,,
6/9/2024,,
6/10/2024,,
6/11/2024,32.4,18188420
6/12/2024,32.25,8294499
6/13/2024,32.65,4830110
6/14/2024,32.6,5069291
6/15/2024,,
6/16/2024,,
6/17/2024,32.45,3776784
6/18/2024,32.2,5489860
6/19/2024,32.7,5798575
6/20/2024,32.35,5111663
6/21/2024,31.85,16642560
6/22/2024,,
6/23/2024,,
6/24/2024,31.7,9693934
6/25/2024,31.55,10572600
6/26/2024,31.95,7636989
6/27/2024,30,11875750
6/28/2024,30.35,6129228
6/29/2024,,
6/30/2024,,
7/1/2024,,
7/2/2024,29.9,9588577
7/3/2024,30.4,8401482
7/4/2024,30.65,3765770
7/5/2024,30.5,8331232
7/6/2024,,
7/7/2024,,
7/8/2024,30.1,6383293
7/9/2024,30.1,6267145
7/10/2024,30.05,5009985
7/11/2024,31.1,8757998
7/12/2024,33.1,20349270
7/13/2024,,
7/14/2024,,
7/15/2024,33,10477780
7/16/2024,32.5,9829314
7/17/2024,32.75,6044313
7/18/2024,32.7,8888090
7/19/2024,32.15,10111570
7/20/2024,,
7/21/2024,,
7/22/2024,32.25,5785323
7/23/2024,32.1,5134625
7/24/2024,32.15,4381591
7/25/2024,32.5,12778150
7/26/2024,32.5,17364550
7/27/2024,,
7/28/2024,,
7/29/2024,33.05,17111400
7/30/2024,32.75,9744520
7/31/2024,33,10644590
8/1/2024,34.1,13629380
8/2/2024,33.55,9240544
8/3/2024,,
8/4/2024,,
8/5/2024,34.3,30036450
8/6/2024,34.55,14426840
8/7/2024,34.75,6848415
8/8/2024,34.9,8524684
8/9/2024,35.05,6339824
8/10/2024,,
8/11/2024,,
8/12/2024,34.85,7388082
8/13/2024,34.9,5666626
8/14/2024,35,7073803
8/15/2024,35.05,6653316
8/16/2024,34.75,5726083
8/17/2024,,
8/18/2024,,
8/19/2024,34.85,7372515
8/20/2024,34.8,8208329
8/21/2024,34.7,7817150
8/22/2024,35,4653845
8/23/2024,35.05,3627728
8/24/2024,,
8/25/2024,,
8/26/2024,36.45,13317510
8/27/2024,36.65,9395128
8/28/2024,36.5,5680762
8/29/2024,36.8,7216351
8/30/2024,36.9,14911520
8/31/2024,,
9/1/2024,,
9/2/2024,36.75,7089096
9/3/2024,36.35,6622103
9/4/2024,35.9,6858943
9/5/2024,37.2,9677321
9/6/2024,,
9/7/2024,,
9/8/2024,,
9/9/2024,37.25,9371048
9/10/2024,37.25,9172670
9/11/2024,37.2,4717173
9/12/2024,37.5,4375827
9/13/2024,37.8,6076400
9/14/2024,,
9/15/2024,,
9/16/2024,38.2,6404441
9/17/2024,38.8,11058230
9/18/2024,,
9/19/2024,38.85,12939600
9/20/2024,39.3,20688830
9/21/2024,,
9/22/2024,,
9/23/2024,39,8777299
9/24/2024,38.4,13815050
9/25/2024,38.85,11882270
9/26/2024,38.85,10696840
9/27/2024,39.85,19458090
9/28/2024,,
9/29/2024,,
9/30/2024,39.25,17970870
10/1/2024,,
10/2/2024,40.35,35720810
10/3/2024,39.15,18537210
10/4/2024,39.45,14302540
10/5/2024,,
10/6/2024,,
10/7/2024,39.15,21085910
10/8/2024,37.75,20062660
10/9/2024,37.7,12359490
10/10/2024,38.4,10935000
10/11/2024,,
10/12/2024,,
10/13/2024,,
10/14/2024,38.45,9406860
10/15/2024,37.75,10041800
10/16/2024,38,6978102
10/17/2024,37.9,7380542
10/18/2024,38.25,6143554
10/19/2024,,
10/20/2024,,
10/21/2024,38.15,3512863
10/22/2024,37.55,11650070
10/23/2024,37.2,6539163
10/24/2024,36.65,9985010
10/25/2024,36.85,7687797
10/26/2024,,
10/27/2024,,
10/28/2024,36.8,4338140
10/29/2024,36.9,4570431
10/30/2024,36.6,6849638
10/31/2024,36.25,10007160
11/1/2024,36.4,9017294
11/2/2024,,
11/3/2024,,
11/4/2024,36.6,7120109
11/5/2024,37.15,8073405
11/6/2024,38.05,18465490
11/7/2024,36.45,24225280
11/8/2024,36.4,8817303
11/9/2024,,
11/10/2024,,
11/11/2024,36.4,7354847
11/12/2024,36.35,8824297
11/13/2024,36,8865060
11/14/2024,35.5,8841355
11/15/2024,35.15,13095610
11/16/2024,,
11/17/2024,,
11/18/2024,33.7,5660614
11/19/2024,33.45,5669076
11/20/2024,33.8,6730068
11/21/2024,33.5,4855280
11/22/2024,32.95,8538401
11/23/2024,,
11/24/2024,,
11/25/2024,33.35,11221430
11/26/2024,33.7,12756480
11/27/2024,33.95,8004852
11/28/2024,33.6,6244304
11/29/2024,33.85,10273550
11/30/2024,,
12/1/2024,,
12/2/2024,34.25,10486930
12/3/2024,34.3,5275327
12/4/2024,34.35,6321502
12/5/2024,34.1,5627353
12/6/2024,34.1,6228540
12/7/2024,,
12/8/2024,,
12/9/2024,34.5,10484680
12/10/2024,34.25,9973161
12/11/2024,33.9,9839612
12/12/2024,33.7,9495324
12/13/2024,33.65,7533327
12/14/2024,,
12/15/2024,,
12/16/2024,33.7,7722576
12/17/2024,33.15,9414762
12/18/2024,33.3,8410188
12/19/2024,32.5,16360850
12/20/2024,32.15,12718990
12/21/2024,,
12/22/2024,,
12/23/2024,32.6,6060390
12/24/2024,32.85,5134600
12/25/2024,,
12/26/2024,,
12/27/2024,32.9,4974836
12/28/2024,,
12/29/2024,,
12/30/2024,32.75,4625491
12/31/2024,32.85,6109282
1/1/2025,,
1/2/2025,32.8,8424905
1/3/2025,33.1,6874445
1/4/2025,,
1/5/2025,,
1/6/2025,33.05,6359125
1/7/2025,32.8,7324774
1/8/2025,32.35,8489921
1/9/2025,32.2,6286112
1/10/2025,32.1,5107424
1/11/2025,,
1/12/2025,,
1/13/2025,31.4,11944960
1/14/2025,31.5,8180548
1/15/2025,31.3,7212208
1/16/2025,32,7627708
1/17/2025,32.45,9369449
1/18/2025,,
1/19/2025,,
1/20/2025,32.9,12450290
1/21/2025,32.8,8248325
1/22/2025,32.3,6470389
1/23/2025,31.9,9249656
1/24/2025,32,10563910
1/25/2025,,
1/26/2025,,
1/27/2025,32,18109310
1/28/2025,32.1,4785576
1/29/2025,,
1/30/2025,,
1/31/2025,,
2/1/2025,,
2/2/2025,,
2/3/2025,32.1,11726010
2/4/2025,32.25,13906900
2/5/2025,32,6839995
2/6/2025,33.5,18622030
2/7/2025,34.1,18369050
2/8/2025,,
2/9/2025,,
2/10/2025,34.15,11617980
2/11/2025,33.6,8383320
2/12/2025,34.1,12026970
2/13/2025,33.95,12234560
2/14/2025,34.5,11470590
2/15/2025,,
2/16/2025,,
2/17/2025,34.7,9116473
2/18/2025,34.7,5782884
2/19/2025,34.85,13021080
2/20/2025,34.7,7918578
2/21/2025,35.2,11239200
2/22/2025,,
2/23/2025,,
2/24/2025,35.25,13182990
2/25/2025,35.4,8495726
2/26/2025,35.65,11915990
2/27/2025,35.8,8595171
2/28/2025,35.25,14241000
3/1/2025,,
3/2/2025,,
3/3/2025,35,10439300
3/4/2025,35,9646765
3/5/2025,36.45,18422710
3/6/2025,36.35,10838550
3/7/2025,36.1,14453150
3/8/2025,,
3/9/2025,,
3/10/2025,35.9,14816850
3/11/2025,36.6,14649360
3/12/2025,36.85,16840770
3/13/2025,37.1,18919410
3/14/2025,36.85,9116666
3/15/2025,,
3/16/2025,,
3/17/2025,36.75,4643656
3/18/2025,37.2,7079411
3/19/2025,37.5,8866724
3/20/2025,37.4,9391771
3/21/2025,37.1,13177130
3/22/2025,,
3/23/2025,,
3/24/2025,37.25,13564260
3/25/2025,37.65,12659640
3/26/2025,36.85,11964190
3/27/2025,36.7,5096534
3/28/2025,36.55,7061904
3/29/2025,,
3/30/2025,,
3/31/2025,36.4,8062515
4/1/2025,36.95,10214170
4/2/2025,37,8020786
4/3/2025,36.95,11994770
4/4/2025,,
4/5/2025,,
4/6/2025,,
4/7/2025,34.2,30793150
4/8/2025,33.8,21725680
4/9/2025,33.25,17057820
4/10/2025,33.7,16409060
4/11/2025,33.3,16365030
4/12/2025,,
4/13/2025,,
4/14/2025,34.05,13924270
4/15/2025,34,8865173
4/16/2025,34.35,9624341
4/17/2025,34.95,9275895
4/18/2025,,
4/19/2025,,
4/20/2025,,
4/21/2025,,
4/22/2025,34.9,5915987
4/23/2025,35.75,8836138
4/24/2025,35.6,5375479
4/25/2025,35.7,6814876
4/26/2025,,
4/27/2025,,
4/28/2025,35.8,4995261
4/29/2025,35.95,7484166
4/30/2025,36.35,8967487
5/1/2025,,
5/2/2025,36.9,6687306
5/3/2025,,
5/4/2025,,
5/5/2025,,
5/6/2025,37.45,9804625
5/7/2025,39.95,39347120
5/8/2025,39.6,17149780
5/9/2025,40.5,17939410
5/10/2025,,
5/11/2025,,
5/12/2025,41.15,13201370
5/13/2025,41,10415950
5/14/2025,40.45,11507560
5/15/2025,39.8,12947780
5/16/2025,39.85,7465005
5/17/2025,,
5/18/2025,,
5/19/2025,40.2,5381287
5/20/2025,40.95,7848773
5/21/2025,40.95,10098450
5/22/2025,40,11532680
5/23/2025,40.1,6957701
5/24/2025,,
5/25/2025,,
5/26/2025,40.85,10209960
5/27/2025,40.9,18672270
5/28/2025,41.2,11197670
5/29/2025,41.2,13314240
5/30/2025,41.65,11135640
5/31/2025,,
6/1/2025,,
6/2/2025,41.15,11585270
6/3/2025,41.45,8581577
6/4/2025,40.9,13897080
6/5/2025,41.3,6869115
6/6/2025,41.75,17218660
6/7/2025,,
6/8/2025,,
6/9/2025,41.9,8085738
6/10/2025,41.9,5798606
6/11/2025,42,6025431
6/12/2025,42,10800470
6/13/2025,42.05,7904496
6/14/2025,,
6/15/2025,,
6/16/2025,42.05,6205831
6/17/2025,42.2,9300975
6/18/2025,41.15,14885840
6/19/2025,41.05,9047371
6/20/2025,41.55,9702733
6/21/2025,,
6/22/2025,,
6/23/2025,42.8,12103090
6/24/2025,42.9,9360245
6/25/2025,43.65,14120530
6/26/2025,42.55,12572540
6/27/2025,42.5,7436021
6/28/2025,,
6/29/2025,,
6/30/2025,41.9,9779918
7/1/2025,,
7/2/2025,42.2,12666430
7/3/2025,43.1,10136200
7/4/2025,42.85,7814385
7/5/2025,,
7/6/2025,,
7/7/2025,42.6,5409616
7/8/2025,42.4,7388850
7/9/2025,42.5,10702840
7/10/2025,42.4,5138288
7/11/2025,42.15,7348200
7/12/2025,,
7/13/2025,,
7/14/2025,42.2,7295718
7/15/2025,42.5,7615955
7/16/2025,42.1,8105355
7/17/2025,42.25,6698779
7/18/2025,42.3,6175820
7/19/2025,,
7/20/2025,,
7/21/2025,42.55,6442542
7/22/2025,43.35,11252450
7/23/2025,43.15,7111378
7/24/2025,43.65,8413029
7/25/2025,43.65,7053584
7/26/2025,,
7/27/2025,,
7/28/2025,44.4,7251532
7/29/2025,44.5,5977583
7/30/2025,44.4,5635843
7/31/2025,43.9,7220830
8/1/2025,42.9,10860930
8/2/2025,,
8/3/2025,,
8/4/2025,43.32,6458684
8/5/2025,43.6,6745222
8/6/2025,43.7,5646633
8/7/2025,44.18,7478327
8/8/2025,44,5778280
8/9/2025,,
8/10/2025,,
8/11/2025,44.26,4028815
8/12/2025,43.92,7211584
8/13/2025,44.6,9651764
8/14/2025,42.78,23631300
8/15/2025,42.12,16585880
8/16/2025,,
8/17/2025,,
8/18/2025,41.18,17197760
8/19/2025,41.44,12969000
8/20/2025,41.88,8506418
8/21/2025,42.06,4866757
8/22/2025,42.28,7331249
8/23/2025,,
8/24/2025,,
8/25/2025,42.44,6624131
8/26/2025,41.72,10002690
8/27/2025,41.26,9454742
8/28/2025,41.56,5600041
8/29/2025,41.44,4473468
8/30/2025,,
8/31/2025,,
9/1/2025,41.62,3301789
9/2/2025,41.28,5437301
9/3/2025,41.1,7740108
9/4/2025,40.94,8932008
9/5/2025,41.5,9741838
9/6/2025,,
9/7/2025,,
9/8/2025,41.7,4182857
9/9/2025,41.84,6274575
9/10/2025,41.96,10735400
9/11/2025,41.88,6760410
9/12/2025,42.34,11773240
9/13/2025,,
9/14/2025,,
9/15/2025,42.02,13744950
9/16/2025,41.8,9559538
9/17/2025,41.54,15146970
9/18/2025,41.28,10046210
9/19/2025,40.8,23093650
9/20/2025,,
9/21/2025,,
9/22/2025,40.38,12433820
9/23/2025,40.2,9160800
9/24/2025,40.06,9815806
9/25/2025,39.6,10112760
9/26/2025,39.74,7360698
9/27/2025,,
9/28/2025,,
9/29/2025,40.18,10880360
9/30/2025,40,7946617
10/1/2025,,
10/2/2025,40.26,8981884
10/3/2025,40.6,8015076
10/4/2025,,
10/5/2025,,
10/6/2025,40.5,5006884
10/7/2025,,
10/8/2025,40.44,6291050
10/9/2025,40.8,6739796
10/10/2025,40.86,5439897
10/11/2025,,
10/12/2025,,
10/13/2025,40.64,8481044
10/14/2025,40.36,7862399
10/15/2025,40.8,8530777
10/16/2025,40.64,5972911
10/17/2025,40.04,11636740
10/18/2025,,
10/19/2025,,
10/20/2025,40.88,7703071
10/21/2025,40.76,5604187
10/22/2025,40.44,7148544
10/23/2025,40.54,6351123
10/24/2025,40.76,6253929
10/25/2025,,
10/26/2025,,
10/27/2025,40.7,5713016
10/28/2025,41.32,11336360
10/29/2025,,
10/30/2025,41,12502900
10/31/2025,40.76,66700
