Date,Dividend Yield Rate
3/30/2007,3.5867
4/2/2007,3.6059
4/3/2007,3.5753
4/4/2007,3.5753
4/10/2007,3.6136
4/11/2007,3.6059
4/12/2007,3.7172
4/13/2007,3.7337
4/16/2007,3.7503
4/17/2007,3.7628
4/18/2007,3.7503
4/19/2007,3.767
4/20/2007,3.7713
4/23/2007,3.7254
4/24/2007,3.7628
4/25/2007,3.7503
4/26/2007,3.784
4/27/2007,3.8356
4/30/2007,3.7713
5/2/2007,3.7503
5/3/2007,3.7295
5/4/2007,3.7503
5/7/2007,3.8139
5/8/2007,3.8139
5/9/2007,3.767
5/10/2007,3.7628
5/11/2007,3.7882
5/14/2007,3.7628
5/15/2007,3.7755
5/16/2007,3.7461
5/17/2007,3.7131
5/18/2007,3.7378
5/21/2007,3.7378
5/22/2007,3.7131
5/23/2007,3.7131
5/25/2007,3.742
5/28/2007,3.7461
5/29/2007,3.742
5/30/2007,3.7503
5/31/2007,3.7213
6/1/2007,3.7882
6/4/2007,3.7713
6/5/2007,3.7009
6/6/2007,3.767
6/7/2007,3.7628
6/8/2007,3.8096
6/11/2007,3.8444
6/12/2007,3.8226
6/13/2007,3.8226
6/14/2007,3.8226
6/15/2007,3.8226
6/18/2007,3.8269
6/20/2007,3.8487
6/21/2007,3.9433
6/22/2007,3.8842
6/25/2007,3.9295
6/26/2007,3.9805
6/27/2007,3.9899
6/28/2007,3.9711
6/29/2007,3.8977
7/3/2007,3.8753
7/4/2007,3.8576
7/5/2007,3.9113
7/6/2007,3.9479
7/9/2007,3.9113
7/10/2007,3.9525
7/11/2007,3.9618
7/12/2007,3.8887
7/13/2007,3.8531
7/16/2007,3.8664
7/17/2007,3.8531
7/18/2007,3.8977
7/19/2007,3.9525
7/20/2007,3.9994
7/23/2007,4.0185
7/24/2007,3.9711
7/25/2007,3.9994
7/26/2007,4.0281
7/27/2007,4.062
7/30/2007,4.1016
7/31/2007,4.1166
8/1/2007,4.1016
8/2/2007,4.1116
8/3/2007,4.0867
8/6/2007,4.1317
8/7/2007,4.1116
8/8/2007,4.0572
8/9/2007,4.0817
8/10/2007,4.0966
8/13/2007,4.1368
8/14/2007,4.0867
8/15/2007,4.1623
8/16/2007,4.328
8/17/2007,4.4245
8/20/2007,4.4014
8/21/2007,4.39
8/22/2007,4.2949
8/23/2007,4.2731
8/24/2007,4.2677
8/27/2007,4.2196
8/28/2007,4.2894
8/29/2007,4.3503
8/30/2007,4.3843
8/31/2007,4.3335
9/3/2007,4.2569
9/4/2007,4.2144
9/5/2007,4.1267
9/6/2007,4.1368
9/7/2007,4.1623
9/10/2007,4.2039
9/11/2007,4.1778
9/12/2007,4.0817
9/13/2007,3.9665
9/14/2007,3.9758
9/17/2007,3.9899
9/18/2007,4.0185
9/19/2007,3.9994
9/20/2007,3.9758
9/21/2007,4.0281
9/24/2007,4.0329
9/25/2007,3.9899
9/27/2007,3.9525
9/28/2007,4.1363
10/2/2007,4.1314
10/3/2007,4.1606
10/4/2007,4.2151
10/5/2007,4.1753
10/8/2007,4.2252
10/9/2007,4.2252
10/10/2007,4.2252
10/11/2007,4.1508
10/12/2007,4.0463
10/15/2007,4.0463
10/16/2007,4.0556
10/17/2007,4.0649
10/18/2007,4.0603
10/22/2007,4.1314
10/23/2007,4.1122
10/24/2007,4.1266
10/25/2007,4.0743
10/26/2007,4.117
10/29/2007,4.0417
10/30/2007,4.051
10/31/2007,4.0463
11/1/2007,4.0233
11/2/2007,4.079
11/5/2007,4.0696
11/6/2007,4.0649
11/7/2007,4.0932
11/8/2007,4.1411
11/9/2007,4.1122
11/12/2007,4.1314
11/13/2007,4.1314
11/14/2007,4.1314
11/15/2007,4.1557
11/16/2007,4.1411
11/19/2007,4.1218
11/20/2007,4.1027
11/21/2007,4.1606
11/22/2007,4.1363
11/23/2007,4.1803
11/26/2007,4.1314
11/27/2007,4.2404
11/28/2007,4.1655
11/29/2007,4.2252
11/30/2007,4.1803
12/3/2007,4.1852
12/4/2007,4.1606
12/5/2007,4.1027
12/6/2007,4.0649
12/7/2007,4.051
12/10/2007,4.079
12/11/2007,4.0884
12/12/2007,4.1122
12/13/2007,4.0696
12/14/2007,4.0649
12/17/2007,4.0696
12/18/2007,4.1363
12/19/2007,4.1314
12/20/2007,4.146
12/21/2007,4.1655
12/24/2007,4.1606
12/27/2007,4.1606
12/28/2007,4.2353
12/31/2007,4.1902
1/2/2008,4.1753
1/3/2008,4.1951
1/4/2008,4.1655
1/7/2008,4.1606
1/8/2008,4.1753
1/9/2008,4.1122
1/10/2008,4.0932
1/11/2008,3.947
1/14/2008,3.6724
1/15/2008,3.7622
1/16/2008,3.8524
1/17/2008,3.6954
1/18/2008,3.6013
1/21/2008,3.7622
1/22/2008,3.9602
1/23/2008,3.6534
1/24/2008,3.7384
1/25/2008,3.6724
1/28/2008,3.7109
1/29/2008,3.7503
1/30/2008,3.7226
1/31/2008,3.605
2/1/2008,3.7148
2/4/2008,3.5543
2/5/2008,3.6534
2/6/2008,3.6877
2/11/2008,3.7305
2/12/2008,3.7503
2/13/2008,3.7743
2/14/2008,3.7582
2/15/2008,3.7305
2/18/2008,3.7463
2/19/2008,3.6839
2/20/2008,3.6915
2/21/2008,3.7344
2/22/2008,3.7824
2/25/2008,3.7864
2/26/2008,3.7864
2/27/2008,3.8027
2/28/2008,3.7582
2/29/2008,3.6724
3/3/2008,3.7662
3/4/2008,3.7662
3/5/2008,3.7463
3/6/2008,3.7824
3/7/2008,3.8027
3/10/2008,3.7824
3/11/2008,3.7384
3/12/2008,3.8109
3/13/2008,3.8863
3/14/2008,3.8863
3/17/2008,4.0371
3/18/2008,3.9736
3/19/2008,3.9426
3/20/2008,3.947
3/25/2008,3.947
3/26/2008,3.9736
3/27/2008,4.0649
3/28/2008,4.0979
3/31/2008,4.3105
4/1/2008,4.2273
4/2/2008,4.271
4/3/2008,4.1014
4/7/2008,4.0879
4/8/2008,4.0567
4/9/2008,4.0834
4/10/2008,4.0129
4/11/2008,3.9574
4/14/2008,4.0303
4/15/2008,3.9282
4/16/2008,3.9407
4/17/2008,4
4/18/2008,3.9871
4/21/2008,3.9871
4/22/2008,3.9365
4/23/2008,3.9617
4/24/2008,3.9659
4/25/2008,3.9914
4/28/2008,3.9449
4/29/2008,3.9574
4/30/2008,3.9786
5/2/2008,3.9407
5/5/2008,3.9199
5/6/2008,3.9241
5/7/2008,3.9199
5/8/2008,3.9407
5/9/2008,3.9365
5/13/2008,3.9701
5/14/2008,3.9365
5/15/2008,3.9449
5/16/2008,3.9407
5/19/2008,3.9158
5/20/2008,3.9117
5/21/2008,3.8953
5/22/2008,3.8912
5/23/2008,3.875
5/26/2008,3.9158
5/27/2008,3.9282
5/28/2008,3.8509
5/29/2008,3.8509
5/30/2008,3.8037
6/2/2008,3.7843
6/3/2008,3.8469
6/4/2008,3.8076
6/5/2008,3.8154
6/6/2008,3.8351
6/10/2008,3.8549
6/11/2008,3.8912
6/12/2008,3.8994
6/13/2008,3.9117
6/16/2008,3.9365
6/17/2008,3.8953
6/18/2008,3.9659
6/19/2008,4.0216
6/20/2008,4.0216
6/23/2008,4.0435
6/24/2008,4.07
6/25/2008,4.0834
6/26/2008,4.1333
6/27/2008,4.2759
6/30/2008,4.1892
7/2/2008,4.1657
7/3/2008,4.1611
7/4/2008,4.1472
7/7/2008,4.0879
7/8/2008,4.1105
7/9/2008,4.1333
7/10/2008,4.1657
7/11/2008,4.2273
7/14/2008,4.271
7/15/2008,4.3509
7/16/2008,4.3509
7/17/2008,4.3458
7/18/2008,4.3256
7/21/2008,4.2907
7/22/2008,4.2907
7/23/2008,4.3206
7/24/2008,4.3306
7/25/2008,4.3509
7/28/2008,4.356
7/29/2008,4.271
7/30/2008,4.2514
7/31/2008,4.2514
8/1/2008,4.2857
8/4/2008,4.3006
8/5/2008,4.3056
8/7/2008,4.2759
8/8/2008,4.2417
8/11/2008,4.2466
8/12/2008,4.2177
8/13/2008,4.1892
8/14/2008,4.2273
8/15/2008,4.2177
8/18/2008,4.1798
8/19/2008,4.2034
8/20/2008,4.1564
8/21/2008,4.2081
8/25/2008,4.1242
8/26/2008,4.0656
8/27/2008,4.0656
8/28/2008,4.1105
8/29/2008,4.0391
9/1/2008,4.0523
9/2/2008,4.0567
9/3/2008,4.1379
9/4/2008,4.1798
9/5/2008,4.2225
9/8/2008,4.1105
9/9/2008,4.1472
9/10/2008,4.1986
9/11/2008,4.1986
9/12/2008,4.1564
9/16/2008,4.3256
9/17/2008,4.4024
9/18/2008,4.5091
9/19/2008,4.4551
9/22/2008,4.3868
9/23/2008,4.4819
9/24/2008,4.4181
9/25/2008,4.4286
9/26/2008,4.5255
9/29/2008,4.5421
9/30/2008,4.9407
10/2/2008,4.978
10/3/2008,5.0737
10/6/2008,5.2417
10/8/2008,5.863
10/9/2008,5.7438
10/10/2008,6.7882
10/13/2008,6.4141
10/14/2008,6.1167
10/15/2008,5.9781
10/16/2008,5.9067
10/17/2008,6.1167
10/20/2008,6.0144
10/21/2008,6.042
10/22/2008,6.1836
10/23/2008,6.3118
10/24/2008,6.3831
10/27/2008,6.6625
10/28/2008,6.3625
10/29/2008,6.3523
10/30/2008,6.042
10/31/2008,5.9067
11/3/2008,5.535
11/4/2008,5.2696
11/5/2008,5.4813
11/6/2008,5.4586
11/7/2008,5.377
11/10/2008,5.5427
11/11/2008,5.8199
11/12/2008,5.7024
11/13/2008,5.6942
11/14/2008,5.6536
11/17/2008,5.5427
11/18/2008,5.7355
11/19/2008,5.6942
11/20/2008,5.9511
11/21/2008,6.0053
11/24/2008,5.7774
11/25/2008,5.1065
11/26/2008,5.7272
11/27/2008,5.5897
11/28/2008,5.3697
12/1/2008,5.6135
12/2/2008,5.7522
12/3/2008,5.7107
12/4/2008,5.6214
12/5/2008,5.3917
12/8/2008,5.4064
12/9/2008,5.7774
12/10/2008,5.6135
12/11/2008,5.5897
12/12/2008,5.8028
12/15/2008,5.7024
12/16/2008,5.7606
12/17/2008,5.7774
12/18/2008,5.9691
12/19/2008,6.1836
12/22/2008,6.2323
12/23/2008,6.2323
12/24/2008,6.1739
12/29/2008,6.1073
12/30/2008,6.1836
12/31/2008,6.1836
1/2/2009,6.1167
1/5/2009,5.9962
1/6/2009,5.9333
1/7/2009,5.8717
1/8/2009,5.9511
1/9/2009,5.7189
1/12/2009,5.6294
1/13/2009,5.5427
1/14/2009,5.5739
1/15/2009,5.6536
1/16/2009,5.6942
1/19/2009,5.7024
1/20/2009,5.7024
1/21/2009,5.6135
1/22/2009,5.6294
1/23/2009,5.6536
1/29/2009,5.3844
1/30/2009,5.3844
2/2/2009,5.4965
2/3/2009,5.535
2/4/2009,5.4889
2/5/2009,5.4737
2/6/2009,5.377
2/9/2009,5.4361
2/10/2009,5.4662
2/11/2009,5.4586
2/12/2009,5.4212
2/13/2009,5.348
2/16/2009,5.2696
2/17/2009,5.2141
2/18/2009,5.2141
2/19/2009,5.2004
2/20/2009,5.2072
2/23/2009,5.2417
2/24/2009,5.2767
2/25/2009,5.2767
2/26/2009,5.2908
2/27/2009,5.3264
3/2/2009,5.4138
3/3/2009,5.3844
3/4/2009,5.3121
3/5/2009,5.2837
3/6/2009,5.3264
3/9/2009,5.3336
3/10/2009,5.348
3/11/2009,5.2556
3/12/2009,5.3336
3/13/2009,5.2767
3/16/2009,5.221
3/17/2009,5.2696
3/18/2009,5.2767
3/19/2009,5.2767
3/20/2009,5.2556
3/23/2009,4.9968
3/24/2009,4.8618
3/25/2009,5.1597
3/26/2009,5.0478
3/27/2009,4.8262
3/30/2009,5.035
3/31/2009,5.4824
4/1/2009,5.289
4/2/2009,5.3429
4/3/2009,5.4967
4/6/2009,5.4539
4/7/2009,5.4117
4/8/2009,5.4398
4/9/2009,5.5549
4/14/2009,5.6068
4/15/2009,5.6673
4/16/2009,5.8817
4/17/2009,5.8165
4/20/2009,5.6521
4/21/2009,5.5696
4/22/2009,5.6445
4/23/2009,5.4967
4/24/2009,5.4539
4/27/2009,5.577
4/28/2009,5.6068
4/29/2009,5.5993
4/30/2009,5.5549
5/4/2009,5.4539
5/5/2009,5.4327
5/6/2009,5.4187
5/7/2009,5.3565
5/8/2009,5.2691
5/11/2009,5.4117
5/12/2009,5.4681
5/13/2009,5.3702
5/14/2009,5.4967
5/15/2009,5.4824
5/18/2009,5.384
5/19/2009,5.3497
5/20/2009,5.5039
5/21/2009,5.5476
5/22/2009,5.5039
5/25/2009,5.4327
5/26/2009,5.4398
5/27/2009,5.5039
5/29/2009,5.5184
6/1/2009,5.4327
6/2/2009,5.3226
6/3/2009,5.1591
6/4/2009,5.191
6/5/2009,5.0233
6/8/2009,5.0293
6/9/2009,5.0841
6/10/2009,5.1276
6/11/2009,5.2103
6/12/2009,5.1401
6/15/2009,5.1089
6/16/2009,4.9816
6/17/2009,4.827
6/18/2009,4.8718
6/19/2009,4.9174
6/22/2009,4.9406
6/23/2009,4.9935
6/24/2009,4.9464
6/25/2009,4.9348
6/26/2009,4.8104
6/29/2009,4.9464
6/30/2009,5.078
7/2/2009,4.9698
7/3/2009,4.8945
7/6/2009,4.8437
7/7/2009,4.9935
7/8/2009,4.9875
7/9/2009,4.929
7/10/2009,4.8662
7/13/2009,4.9002
7/14/2009,4.8831
7/15/2009,4.6869
7/16/2009,4.7506
7/17/2009,4.6352
7/20/2009,4.7027
7/21/2009,4.7452
7/22/2009,4.708
7/23/2009,4.708
7/24/2009,4.7398
7/27/2009,4.7667
7/28/2009,4.7452
7/29/2009,4.783
7/30/2009,4.7885
7/31/2009,4.7722
8/3/2009,4.783
8/4/2009,4.8549
8/5/2009,4.8662
8/6/2009,4.7559
8/7/2009,4.7885
8/10/2009,4.7506
8/11/2009,4.7506
8/12/2009,4.7292
8/13/2009,4.8326
8/14/2009,4.8549
8/17/2009,4.8605
8/18/2009,4.9348
8/19/2009,4.9348
8/20/2009,4.7939
8/21/2009,4.7559
8/24/2009,4.8945
8/25/2009,4.8888
8/26/2009,4.8326
8/27/2009,4.8831
8/28/2009,4.8381
8/31/2009,4.9174
9/1/2009,4.8945
9/2/2009,4.9174
9/3/2009,4.8493
9/4/2009,4.8775
9/7/2009,4.8381
9/8/2009,4.8549
9/9/2009,4.929
9/10/2009,4.9464
9/11/2009,4.9464
9/14/2009,4.9464
9/15/2009,4.9464
9/16/2009,4.9875
9/17/2009,5.0596
9/18/2009,5.0475
9/21/2009,5.0113
9/22/2009,5.0903
9/23/2009,5.1151
9/24/2009,5.078
9/25/2009,5.0233
9/28/2009,4.9639
9/29/2009,4.906
9/30/2009,5.3623
10/2/2009,5.3875
10/5/2009,5.3749
10/6/2009,5.2454
10/7/2009,5.3372
10/8/2009,5.2879
10/9/2009,5.1918
10/12/2009,5.2575
10/13/2009,5.1393
10/14/2009,5.1163
10/15/2009,5.0822
10/16/2009,4.9934
10/19/2009,5.0486
10/20/2009,5.0154
10/21/2009,5.1336
10/22/2009,5.1509
10/23/2009,5.1221
10/27/2009,5.1509
10/28/2009,5.2096
10/29/2009,5.3001
10/30/2009,5.1801
11/2/2009,5.2575
11/3/2009,5.356
11/4/2009,5.2696
11/5/2009,5.3435
11/6/2009,5.3124
11/9/2009,5.2818
11/10/2009,5.2394
11/11/2009,5.1859
11/12/2009,5.2215
11/13/2009,5.294
11/16/2009,5.3001
11/17/2009,5.3812
11/18/2009,5.4066
11/19/2009,5.2096
11/20/2009,4.892
11/23/2009,4.7252
11/24/2009,4.7745
11/25/2009,4.8147
11/26/2009,4.7696
11/27/2009,4.866
11/30/2009,4.6865
12/1/2009,4.6484
12/2/2009,4.7058
12/3/2009,4.7596
12/4/2009,4.7203
12/7/2009,4.7795
12/8/2009,4.7745
12/9/2009,4.7547
12/10/2009,4.735
12/11/2009,4.7646
12/14/2009,4.8505
12/15/2009,4.83
12/16/2009,4.8815
12/17/2009,4.9449
12/18/2009,4.9556
12/21/2009,4.8147
12/22/2009,4.7203
12/23/2009,4.6296
12/24/2009,4.6202
12/28/2009,4.6626
12/29/2009,4.597
12/30/2009,4.6202
12/31/2009,4.6155
1/4/2010,4.6626
1/5/2010,4.7058
1/6/2010,4.7399
1/7/2010,4.735
1/8/2010,4.7399
1/11/2010,4.7448
1/12/2010,4.8046
1/13/2010,4.8097
1/14/2010,4.7646
1/15/2010,4.7795
1/18/2010,4.8097
1/19/2010,4.7596
1/20/2010,4.7895
1/21/2010,4.7596
1/22/2010,4.8505
1/25/2010,4.8402
1/26/2010,4.8453
1/27/2010,4.9502
1/28/2010,4.9934
1/29/2010,4.8868
2/1/2010,4.8198
2/2/2010,4.8763
2/3/2010,4.8147
2/4/2010,4.8147
2/5/2010,4.8556
2/8/2010,4.892
2/9/2010,4.8351
2/10/2010,4.7895
2/11/2010,4.83
2/12/2010,4.8147
2/17/2010,4.8711
2/18/2010,4.8556
2/19/2010,4.7945
2/22/2010,4.7945
2/23/2010,4.7996
2/24/2010,4.7399
2/25/2010,4.7106
2/26/2010,4.6865
3/1/2010,4.6769
3/2/2010,4.7155
3/3/2010,4.7895
3/4/2010,4.7646
3/5/2010,4.7745
3/8/2010,4.7252
3/9/2010,4.7696
3/10/2010,4.7845
3/11/2010,4.7646
3/12/2010,4.8972
3/15/2010,4.9183
3/16/2010,4.9236
3/17/2010,4.7996
3/18/2010,4.8453
3/19/2010,4.7448
3/22/2010,4.7945
3/23/2010,4.8351
3/24/2010,4.7845
3/25/2010,4.8097
3/26/2010,4.7596
3/29/2010,4.7547
3/30/2010,4.7696
3/31/2010,5.0873
4/1/2010,5.0451
4/7/2010,5.0036
4/8/2010,5.114
4/9/2010,5.1193
4/12/2010,5.1032
4/13/2010,5.0979
4/14/2010,5.1032
4/15/2010,5.1086
4/16/2010,5.1032
4/19/2010,5.1247
4/20/2010,5.0191
4/21/2010,5.0139
4/22/2010,5.0294
4/23/2010,5.0556
4/26/2010,5.0139
4/27/2010,5.0451
4/28/2010,5.0873
4/29/2010,5.0661
4/30/2010,5.0873
5/3/2010,5.0346
5/4/2010,4.9577
5/5/2010,4.9326
5/6/2010,5.0346
5/7/2010,5.1247
5/10/2010,5.1519
5/11/2010,5.1573
5/12/2010,5.114
5/13/2010,5.0608
5/14/2010,5.0399
5/17/2010,5.0873
5/18/2010,5.1032
5/19/2010,5.1032
5/20/2010,5.1086
5/24/2010,5.1086
5/25/2010,5.207
5/26/2010,5.2125
5/27/2010,5.1683
5/28/2010,5.2293
5/31/2010,5.1903
6/1/2010,5.1793
6/2/2010,5.1032
6/3/2010,5.0608
6/4/2010,4.9679
6/7/2010,4.9226
6/8/2010,4.9477
6/9/2010,4.9426
6/10/2010,4.9177
6/11/2010,4.8203
6/14/2010,4.7382
6/15/2010,4.9028
6/17/2010,4.8203
6/18/2010,4.9477
6/21/2010,5.0346
6/22/2010,4.9577
6/23/2010,4.9933
6/24/2010,4.9882
6/25/2010,4.893
6/28/2010,4.8881
6/29/2010,4.9326
6/30/2010,5.0191
7/2/2010,4.8443
7/5/2010,4.9177
7/6/2010,4.9028
7/7/2010,4.8734
7/8/2010,4.8783
7/9/2010,4.8734
7/12/2010,4.9028
7/13/2010,4.9177
7/14/2010,4.9028
7/15/2010,4.9177
7/16/2010,4.893
7/19/2010,4.8979
7/20/2010,4.8443
7/21/2010,4.8734
7/22/2010,4.8564
7/23/2010,4.8564
7/26/2010,4.8564
7/27/2010,4.7966
7/28/2010,4.7848
7/29/2010,4.8084
7/30/2010,4.8203
8/2/2010,4.8323
8/3/2010,4.7267
8/4/2010,4.6257
8/5/2010,4.6812
8/6/2010,4.5821
8/9/2010,4.6147
8/10/2010,4.5821
8/11/2010,4.5714
8/12/2010,4.5821
8/13/2010,4.5929
8/16/2010,4.5288
8/17/2010,4.4871
8/18/2010,4.4975
8/19/2010,4.5183
8/20/2010,4.5714
8/23/2010,4.5079
8/24/2010,4.4665
8/25/2010,4.4159
8/26/2010,4.436
8/27/2010,4.4259
8/30/2010,4.318
8/31/2010,4.2894
9/1/2010,4.2613
9/2/2010,4.318
9/3/2010,4.2613
9/6/2010,4.2427
9/7/2010,4.2335
9/8/2010,4.2613
9/9/2010,4.1522
9/10/2010,4.1522
9/13/2010,4.2243
9/14/2010,4.2335
9/15/2010,4.188
9/16/2010,4.2335
9/17/2010,4.2335
9/20/2010,4.252
9/21/2010,4.206
9/22/2010,4.2427
9/24/2010,4.2613
9/27/2010,4.2894
9/28/2010,4.28
9/29/2010,4.2894
9/30/2010,4.4296
10/4/2010,4.42
10/5/2010,4.3261
10/6/2010,4.2987
10/7/2010,4.245
10/8/2010,4.245
10/11/2010,4.1331
10/12/2010,4.011
10/13/2010,4.0269
10/14/2010,4.0671
10/15/2010,4.1584
10/18/2010,4.1926
10/19/2010,4.2099
10/20/2010,4.1926
10/21/2010,4.1669
10/22/2010,4.1584
10/25/2010,4.2274
10/26/2010,4.2362
10/27/2010,4.245
10/28/2010,4.2099
10/29/2010,4.2628
11/1/2010,4.2274
11/2/2010,4.2012
11/3/2010,4.1926
11/4/2010,4.1669
11/5/2010,4.0834
11/8/2010,4.0916
11/9/2010,4.0834
11/10/2010,4.0349
11/11/2010,4.1081
11/12/2010,4.0916
11/15/2010,4.0916
11/16/2010,4.1081
11/17/2010,4.1331
11/18/2010,4.184
11/19/2010,4.245
11/22/2010,4.2012
11/23/2010,4.2717
11/24/2010,4.2628
11/25/2010,4.2099
11/26/2010,4.2012
11/29/2010,4.184
11/30/2010,4.184
12/1/2010,4.2897
12/2/2010,4.2539
12/3/2010,4.2362
12/6/2010,4.2099
12/7/2010,4.2012
12/8/2010,4.1499
12/9/2010,4.1669
12/10/2010,4.1669
12/13/2010,4.1926
12/14/2010,4.1584
12/15/2010,4.2274
12/16/2010,4.1926
12/17/2010,4.2186
12/20/2010,4.2012
12/21/2010,4.184
12/22/2010,4.1754
12/23/2010,4.1926
12/24/2010,4.1926
12/28/2010,4.1926
12/29/2010,4.1926
12/30/2010,4.184
12/31/2010,4.2186
1/3/2011,4.1926
1/4/2011,4.1331
1/5/2011,4.1081
1/6/2011,4.0671
1/7/2011,4.0752
1/10/2011,4.0834
1/11/2011,4.0834
1/12/2011,4.0998
1/13/2011,4.0834
1/14/2011,4.1584
1/17/2011,4.1926
1/18/2011,4.1754
1/19/2011,4.184
1/20/2011,4.184
1/21/2011,4.2099
1/24/2011,4.184
1/25/2011,4.2012
1/26/2011,4.2012
1/27/2011,4.184
1/28/2011,4.1584
1/31/2011,4.1669
2/1/2011,4.1584
2/2/2011,4.1584
2/7/2011,4.1669
2/8/2011,4.1081
2/9/2011,4.0998
2/10/2011,4.1164
2/11/2011,4.184
2/14/2011,4.1499
2/15/2011,4.1081
2/16/2011,4.0998
2/17/2011,4.0998
2/18/2011,4.1164
2/21/2011,4.1164
2/22/2011,4.1415
2/23/2011,4.2186
2/24/2011,4.1926
2/25/2011,4.2099
2/28/2011,4.2539
3/1/2011,4.2099
3/2/2011,4.2099
3/3/2011,4.1926
3/4/2011,4.1754
3/7/2011,4.1754
3/8/2011,4.1669
3/9/2011,4.1669
3/10/2011,4.1584
3/11/2011,4.1584
3/14/2011,4.1754
3/15/2011,4.245
3/16/2011,4.2628
3/17/2011,4.3446
3/18/2011,4.3538
3/21/2011,4.2987
3/22/2011,4.2628
3/23/2011,4.2539
3/24/2011,4.245
3/25/2011,4.2717
3/28/2011,4.245
3/29/2011,4.2362
3/30/2011,4.2274
3/31/2011,4.5511
4/1/2011,4.5417
4/4/2011,4.5888
4/6/2011,4.6078
4/7/2011,4.6078
4/8/2011,4.5511
4/11/2011,4.5604
4/12/2011,4.5604
4/13/2011,4.5888
4/14/2011,4.5888
4/15/2011,4.5793
4/18/2011,4.5888
4/19/2011,4.5793
4/20/2011,4.5888
4/21/2011,4.5511
4/26/2011,4.5325
4/27/2011,4.5325
4/28/2011,4.5325
4/29/2011,4.5325
5/3/2011,4.514
5/4/2011,4.5698
5/5/2011,4.5888
5/6/2011,4.5888
5/9/2011,4.5604
5/11/2011,4.5604
5/12/2011,4.5604
5/13/2011,4.5325
5/16/2011,4.4957
5/17/2011,4.5048
5/18/2011,4.5048
5/19/2011,4.4685
5/20/2011,4.4505
5/23/2011,4.4685
5/24/2011,4.4505
5/25/2011,4.3889
5/26/2011,4.3036
5/27/2011,4.2217
5/30/2011,4.2541
5/31/2011,4.1897
6/1/2011,4.3036
6/2/2011,4.1977
6/3/2011,4.1044
6/7/2011,4.135
6/8/2011,4.0742
6/9/2011,4.0742
6/10/2011,4.0817
6/13/2011,4.112
6/14/2011,4.0892
6/15/2011,4.1977
6/16/2011,4.1044
6/17/2011,4.1818
6/20/2011,4.1818
6/21/2011,4.2378
6/22/2011,4.1897
6/23/2011,4.1583
6/24/2011,4.1505
6/27/2011,4.1897
6/28/2011,4.1428
6/29/2011,4.174
6/30/2011,4.174
7/4/2011,4.1273
7/5/2011,4.1583
7/6/2011,4.112
7/7/2011,4.0593
7/8/2011,3.9367
7/11/2011,3.9863
7/12/2011,4.0298
7/13/2011,4.0298
7/14/2011,4.0371
7/15/2011,4.0667
7/18/2011,3.9935
7/19/2011,4.0371
7/20/2011,4.0298
7/21/2011,4.0225
7/22/2011,4.0519
7/25/2011,4.0445
7/26/2011,4.0007
7/27/2011,4.0079
7/28/2011,4.0593
7/29/2011,4.0667
8/1/2011,4.0667
8/2/2011,4.0225
8/3/2011,4.0298
8/4/2011,4.0667
8/5/2011,4.1583
8/8/2011,4.2378
8/9/2011,4.3544
8/10/2011,4.2378
8/11/2011,4.1044
8/12/2011,4.0371
8/15/2011,4.0152
8/16/2011,4.0593
8/17/2011,4.0968
8/18/2011,4.0445
8/19/2011,4.0667
8/22/2011,4.135
8/23/2011,4.0968
8/24/2011,4.112
8/25/2011,4.135
8/26/2011,4.112
8/29/2011,4.1044
8/30/2011,4.0892
8/31/2011,4.0817
9/1/2011,4.0593
9/2/2011,4.0445
9/5/2011,4.0445
9/6/2011,4.0892
9/7/2011,4.0519
9/8/2011,3.9935
9/9/2011,4.0593
9/12/2011,4.0817
9/14/2011,4.1583
9/15/2011,4.0445
9/16/2011,4.135
9/19/2011,4.1977
9/20/2011,4.1505
9/21/2011,4.112
9/22/2011,4.1428
9/23/2011,4.2136
9/26/2011,4.4239
9/27/2011,4.3629
9/28/2011,4.3373
9/30/2011,4.9016
10/3/2011,5.0869
10/4/2011,5.13
10/6/2011,4.9618
10/7/2011,4.8427
10/10/2011,4.7571
10/11/2011,4.6034
10/12/2011,4.4347
10/13/2011,4.6121
10/14/2011,4.6121
10/17/2011,4.4923
10/18/2011,4.5859
10/19/2011,4.5175
10/20/2011,4.6386
10/21/2011,4.5686
10/24/2011,4.5773
10/25/2011,4.5175
10/26/2011,4.4592
10/27/2011,4.5344
10/28/2011,4.4757
10/31/2011,4.5091
11/1/2011,4.4025
11/2/2011,4.4266
11/3/2011,4.3945
11/4/2011,4.4675
11/7/2011,4.4511
11/8/2011,4.4347
11/9/2011,4.2856
11/10/2011,4.3239
11/11/2011,4.263
11/14/2011,4.3707
11/15/2011,4.3008
11/16/2011,4.3239
11/17/2011,4.3316
11/18/2011,4.2932
11/21/2011,4.3085
11/22/2011,4.3008
11/23/2011,4.3394
11/24/2011,4.3162
11/25/2011,4.3865
11/28/2011,4.3865
11/29/2011,4.3945
11/30/2011,4.3945
12/1/2011,4.4347
12/2/2011,4.4923
12/5/2011,4.4757
12/6/2011,4.484
12/7/2011,4.3865
12/8/2011,4.3162
12/9/2011,4.3239
12/12/2011,4.2705
12/13/2011,4.2332
12/14/2011,4.2332
12/15/2011,4.1965
12/16/2011,4.2406
12/19/2011,4.248
12/20/2011,4.3394
12/21/2011,4.3394
12/22/2011,4.3239
12/23/2011,4.3008
12/28/2011,4.2258
12/29/2011,4.2555
12/30/2011,4.2332
1/3/2012,4.2856
1/4/2012,4.3008
1/5/2012,4.2856
1/6/2012,4.2932
1/9/2012,4.278
1/10/2012,4.2932
1/11/2012,4.3085
1/12/2012,4.3239
1/13/2012,4.2555
1/16/2012,4.2406
1/17/2012,4.2258
1/18/2012,4.2555
1/19/2012,4.1391
1/20/2012,4.2038
1/26/2012,4.2184
1/27/2012,4.263
1/30/2012,4.3239
1/31/2012,4.2856
2/1/2012,4.2932
2/2/2012,4.3316
2/3/2012,4.3162
2/6/2012,4.3472
2/7/2012,4.3085
2/8/2012,4.278
2/9/2012,4.2258
2/10/2012,4.1748
2/13/2012,4.1462
2/14/2012,4.104
2/15/2012,4.0902
2/16/2012,4.182
2/17/2012,4.248
2/20/2012,4.3162
2/21/2012,4.248
2/22/2012,4.263
2/23/2012,4.2038
2/24/2012,4.2111
2/27/2012,4.2258
2/28/2012,4.2332
2/29/2012,4.1604
3/1/2012,4.2258
3/2/2012,4.1748
3/5/2012,4.1462
3/6/2012,4.248
3/7/2012,4.2184
3/8/2012,4.1533
3/9/2012,4.182
3/12/2012,4.182
3/13/2012,4.1676
3/14/2012,4.1965
3/15/2012,4.2184
3/16/2012,4.2406
3/19/2012,4.2406
3/20/2012,4.2111
3/21/2012,4.2258
3/22/2012,4.2184
3/23/2012,4.248
3/26/2012,4.248
3/27/2012,4.263
3/28/2012,4.2555
3/29/2012,4.2332
3/30/2012,4.4817
4/2/2012,4.4356
4/3/2012,4.4432
4/5/2012,4.4509
4/10/2012,4.398
4/11/2012,4.4129
4/12/2012,4.4054
4/13/2012,4.4129
4/16/2012,4.3609
4/17/2012,4.3609
4/18/2012,4.2746
4/19/2012,4.2605
4/20/2012,4.1646
4/23/2012,4.1579
4/24/2012,4.1781
4/25/2012,4.0987
4/26/2012,4.1579
4/27/2012,4.1446
4/30/2012,4.0099
5/2/2012,4.0538
5/3/2012,4.0349
5/4/2012,4.0987
5/7/2012,4.1052
5/8/2012,4.0412
5/9/2012,4.0538
5/10/2012,4.1117
5/11/2012,4.1513
5/14/2012,4.1713
5/15/2012,4.1646
5/16/2012,4.2189
5/17/2012,4.4129
5/18/2012,4.4972
5/21/2012,4.428
5/22/2012,4.4585
5/23/2012,4.3757
5/24/2012,4.3318
5/25/2012,4.3101
5/28/2012,4.3318
5/29/2012,4.3245
5/30/2012,4.3318
5/31/2012,4.3463
6/1/2012,4.3536
6/4/2012,4.3609
6/5/2012,4.3757
6/6/2012,4.1984
6/7/2012,4.0794
6/8/2012,4.1248
6/11/2012,4.1646
6/12/2012,4.0858
6/13/2012,4.073
6/14/2012,4.0224
6/15/2012,4.1314
6/18/2012,4.0923
6/19/2012,4.1579
6/20/2012,4.138
6/21/2012,4.1848
6/22/2012,4.1579
6/25/2012,4.1314
6/26/2012,4.1314
6/27/2012,4.0538
6/28/2012,4.1183
6/29/2012,4.0923
7/3/2012,4.0349
7/4/2012,3.973
7/5/2012,3.9852
7/6/2012,3.9669
7/9/2012,3.9428
7/10/2012,3.849
7/11/2012,3.8663
7/12/2012,3.9189
7/13/2012,3.9914
7/16/2012,3.9368
7/17/2012,3.9609
7/18/2012,3.9975
7/19/2012,3.9488
7/20/2012,3.9488
7/23/2012,3.9488
7/24/2012,3.9548
7/25/2012,3.8953
7/26/2012,3.8663
7/27/2012,3.8663
7/30/2012,3.8605
7/31/2012,3.8094
8/1/2012,3.849
8/2/2012,3.8206
8/3/2012,3.849
8/6/2012,3.849
8/7/2012,3.8094
8/8/2012,3.7816
8/9/2012,3.815
8/10/2012,3.849
8/13/2012,3.815
8/14/2012,3.8094
8/15/2012,3.8663
8/16/2012,3.872
8/17/2012,3.832
8/20/2012,3.8548
8/21/2012,3.872
8/22/2012,3.8663
8/23/2012,3.832
8/24/2012,3.8376
8/27/2012,3.815
8/28/2012,3.8094
8/29/2012,3.7927
8/30/2012,3.7488
8/31/2012,3.7434
9/3/2012,3.7165
9/4/2012,3.7059
9/5/2012,3.6743
9/6/2012,3.69
9/7/2012,3.6743
9/10/2012,3.7218
9/11/2012,3.6795
9/12/2012,3.6639
9/13/2012,3.6588
9/14/2012,3.6485
9/17/2012,3.5878
9/18/2012,3.5582
9/19/2012,3.5779
9/20/2012,3.5978
9/21/2012,3.628
9/24/2012,3.6331
9/25/2012,3.6128
9/26/2012,3.6078
9/27/2012,3.5928
9/28/2012,3.7412
10/3/2012,3.726
10/4/2012,3.696
10/5/2012,3.7009
10/8/2012,3.721
10/9/2012,3.7463
10/10/2012,3.7159
10/11/2012,3.7311
10/12/2012,3.7514
10/15/2012,3.7668
10/16/2012,3.7159
10/17/2012,3.7009
10/18/2012,3.7361
10/19/2012,3.726
10/22/2012,3.7059
10/24/2012,3.6861
10/25/2012,3.6762
10/26/2012,3.6087
10/29/2012,3.5573
10/30/2012,3.5619
10/31/2012,3.5665
11/1/2012,3.5299
11/2/2012,3.5344
11/5/2012,3.5481
11/6/2012,3.5481
11/7/2012,3.472
11/8/2012,3.472
11/9/2012,3.4676
11/12/2012,3.3906
11/13/2012,3.433
11/14/2012,3.4074
11/15/2012,3.3823
11/16/2012,3.4032
11/19/2012,3.305
11/20/2012,3.4373
11/21/2012,3.3823
11/22/2012,3.2932
11/23/2012,3.2012
11/26/2012,3.2389
11/27/2012,3.2581
11/28/2012,3.2581
11/29/2012,3.2658
11/30/2012,3.2697
12/3/2012,3.2351
12/4/2012,3.2275
12/5/2012,3.2853
12/6/2012,3.3371
12/7/2012,3.313
12/10/2012,3.321
12/11/2012,3.309
12/12/2012,3.3781
12/13/2012,3.433
12/14/2012,3.3948
12/17/2012,3.4244
12/18/2012,3.4632
12/19/2012,3.5344
12/20/2012,3.472
12/21/2012,3.5119
12/24/2012,3.472
12/27/2012,3.5119
12/28/2012,3.5481
12/31/2012,3.5527
1/2/2013,3.5344
1/3/2013,3.5712
1/4/2013,3.5074
1/7/2013,3.5436
1/8/2013,3.5527
1/9/2013,3.5029
1/10/2013,3.4985
1/11/2013,3.5029
1/14/2013,3.4985
1/15/2013,3.3906
1/16/2013,3.4244
1/17/2013,3.4502
1/18/2013,3.4287
1/21/2013,3.4373
1/22/2013,3.433
1/23/2013,3.4373
1/24/2013,3.4589
1/25/2013,3.4632
1/28/2013,3.4852
1/29/2013,3.4764
1/30/2013,3.4244
1/31/2013,3.4117
2/1/2013,3.3823
2/4/2013,3.3948
2/5/2013,3.3865
2/6/2013,3.313
2/7/2013,3.309
2/8/2013,3.313
2/14/2013,3.2736
2/15/2013,3.2086
2/18/2013,3.2049
2/19/2013,3.2161
2/20/2013,3.1974
2/21/2013,3.2581
2/22/2013,3.2351
2/25/2013,3.3011
2/26/2013,3.3823
2/27/2013,3.3371
2/28/2013,3.317
3/1/2013,3.3011
3/4/2013,3.3291
3/5/2013,3.317
3/6/2013,3.2932
3/7/2013,3.2814
3/8/2013,3.2736
3/11/2013,3.2504
3/12/2013,3.2199
3/13/2013,3.2504
3/14/2013,3.2161
3/15/2013,3.2012
3/18/2013,3.2465
3/19/2013,3.2351
3/20/2013,3.2814
3/21/2013,3.2736
3/22/2013,3.2814
3/25/2013,3.3011
3/26/2013,3.2814
3/27/2013,3.2581
3/28/2013,3.4624
4/2/2013,3.418
4/3/2013,3.3785
4/5/2013,3.406
4/8/2013,3.43
4/9/2013,3.4021
4/10/2013,3.3747
4/11/2013,3.3903
4/12/2013,3.3173
4/15/2013,3.3286
4/16/2013,3.363
4/17/2013,3.2802
4/18/2013,3.3098
4/19/2013,3.3136
4/22/2013,3.3211
4/23/2013,3.3477
4/24/2013,3.3477
4/25/2013,3.3708
4/26/2013,3.3747
4/29/2013,3.3592
4/30/2013,3.3324
5/2/2013,3.2912
5/3/2013,3.2912
5/6/2013,3.2949
5/7/2013,3.2949
5/8/2013,3.2656
5/9/2013,3.2475
5/10/2013,3.2295
5/13/2013,3.1943
5/14/2013,3.2403
5/15/2013,3.1633
5/16/2013,3.2048
5/20/2013,3.2224
5/21/2013,3.2986
5/22/2013,3.34
5/23/2013,3.434
5/24/2013,3.3942
5/27/2013,3.3824
5/28/2013,3.3903
5/29/2013,3.5377
5/30/2013,3.6892
5/31/2013,3.6478
6/3/2013,3.6615
6/4/2013,3.6074
6/5/2013,3.6985
6/6/2013,3.7747
6/7/2013,3.7845
6/10/2013,3.8042
6/11/2013,3.9584
6/13/2013,3.8644
6/14/2013,3.7458
6/17/2013,3.7554
6/18/2013,3.7602
6/19/2013,3.7699
6/20/2013,3.9371
6/21/2013,3.9004
6/24/2013,3.9371
6/25/2013,3.9799
6/26/2013,3.824
6/27/2013,3.8746
6/28/2013,3.8391
7/2/2013,3.8141
7/3/2013,3.8542
7/4/2013,3.834
7/5/2013,3.829
7/8/2013,3.8542
7/9/2013,3.819
7/10/2013,3.819
7/11/2013,3.7458
7/12/2013,3.741
7/15/2013,3.7943
7/16/2013,3.7992
7/17/2013,3.7992
7/18/2013,3.824
7/19/2013,3.8695
7/22/2013,3.8952
7/23/2013,3.7796
7/24/2013,3.824
7/25/2013,3.824
7/26/2013,3.834
7/29/2013,3.8391
7/30/2013,3.8542
7/31/2013,3.8593
8/1/2013,3.824
8/2/2013,3.8091
8/5/2013,3.8042
8/6/2013,3.829
8/7/2013,3.834
8/8/2013,3.8695
8/9/2013,3.89
8/12/2013,3.89
8/13/2013,3.8593
8/15/2013,3.8849
8/16/2013,3.9584
8/19/2013,3.9853
8/20/2013,4.0571
8/21/2013,4.0797
8/22/2013,4.149
8/23/2013,4.1083
8/26/2013,4.0403
8/27/2013,4.0515
8/28/2013,4.114
8/29/2013,4.1373
8/30/2013,4.1198
9/2/2013,4.0683
9/3/2013,4.0459
9/4/2013,4.149
9/5/2013,4.1667
9/6/2013,4.2514
9/9/2013,4.2391
9/10/2013,4.314
9/11/2013,4.2207
9/12/2013,4.2391
9/13/2013,4.1667
9/16/2013,4.0571
9/17/2013,4.0181
9/18/2013,4.0403
9/19/2013,3.8695
9/23/2013,3.9213
9/24/2013,3.9477
9/25/2013,3.9213
9/26/2013,3.9004
9/27/2013,3.8644
9/30/2013,4.0894
10/2/2013,4.1438
10/3/2013,4.2054
10/4/2013,4.1438
10/7/2013,4.166
10/8/2013,4.1438
10/9/2013,4.1884
10/10/2013,4.1164
10/11/2013,4.0786
10/15/2013,4.1055
10/16/2013,4.084
10/17/2013,4.0521
10/18/2013,4.0207
10/21/2013,3.9949
10/22/2013,4.0103
10/23/2013,4
10/24/2013,4.0416
10/25/2013,4.0207
10/28/2013,3.9949
10/29/2013,4.0051
10/30/2013,3.9949
10/31/2013,3.9795
11/1/2013,3.9897
11/4/2013,4.0207
11/5/2013,4.0051
11/6/2013,4.0416
11/7/2013,4.0468
11/8/2013,4.1001
11/11/2013,4.0574
11/12/2013,4.0259
11/13/2013,4.0311
11/14/2013,3.9694
11/15/2013,3.9343
11/18/2013,3.8949
11/19/2013,4.0103
11/20/2013,3.9694
11/21/2013,3.9846
11/22/2013,4.0103
11/25/2013,3.9694
11/26/2013,4.0733
11/27/2013,4.0786
11/28/2013,4.1164
11/29/2013,4.0947
12/2/2013,4.0947
12/3/2013,4.1328
12/4/2013,4.0733
12/5/2013,4.0947
12/6/2013,4.1273
12/9/2013,4.0786
12/10/2013,4.0894
12/11/2013,4.1828
12/12/2013,4.1383
12/13/2013,4.111
12/16/2013,4.1383
12/17/2013,4.1493
12/18/2013,4.1328
12/19/2013,4.1164
12/20/2013,4.1493
12/23/2013,4.1164
12/24/2013,4.1219
12/27/2013,4.1997
12/30/2013,4.1604
12/31/2013,4.1383
1/2/2014,4.166
1/3/2014,4.1941
1/6/2014,4.2054
1/7/2014,4.2283
1/8/2014,4.2054
1/9/2014,4.2865
1/10/2014,4.3524
1/13/2014,4.4079
1/14/2014,4.4142
1/15/2014,4.4267
1/16/2014,4.3893
1/17/2014,4.3343
1/20/2014,4.4205
1/21/2014,4.3955
1/22/2014,4.3524
1/23/2014,4.3343
1/24/2014,4.3831
1/27/2014,4.4267
1/28/2014,4.4017
1/29/2014,4.4142
1/30/2014,4.433
2/4/2014,4.5036
2/5/2014,4.4906
2/6/2014,4.4841
2/7/2014,4.4394
2/10/2014,4.4017
2/11/2014,4.3955
2/12/2014,4.3708
2/13/2014,4.4079
2/14/2014,4.4142
2/17/2014,4.4142
2/18/2014,4.3524
2/19/2014,4.263
2/20/2014,4.2924
2/21/2014,4.3162
2/24/2014,4.3585
2/25/2014,4.4079
2/26/2014,4.3831
2/27/2014,4.3524
2/28/2014,4.3162
3/3/2014,4.2983
3/4/2014,4.3102
3/5/2014,4.3831
3/6/2014,4.3769
3/7/2014,4.3162
3/10/2014,4.3043
3/11/2014,4.2572
3/12/2014,4.263
3/13/2014,4.263
3/14/2014,4.3043
3/17/2014,4.2747
3/18/2014,4.2398
3/19/2014,4.2111
3/20/2014,4.3647
3/21/2014,4.3464
3/24/2014,4.2168
3/25/2014,4.2456
3/26/2014,4.2572
3/27/2014,4.1716
3/28/2014,4.1328
3/31/2014,4.3444
4/1/2014,4.3444
4/2/2014,4.3789
4/3/2014,4.3847
4/4/2014,4.3616
4/7/2014,4.3847
4/8/2014,4.3905
4/9/2014,4.3731
4/10/2014,4.4021
4/11/2014,4.3789
4/14/2014,4.3387
4/15/2014,4.3558
4/16/2014,4.3558
4/17/2014,4.3331
4/22/2014,4.3049
4/23/2014,4.3049
4/24/2014,4.2882
4/25/2014,4.3731
4/28/2014,4.3731
4/29/2014,4.3558
4/30/2014,4.2994
5/2/2014,4.3331
5/5/2014,4.2882
5/7/2014,4.3387
5/8/2014,4.3731
5/9/2014,4.3274
5/12/2014,4.2552
5/13/2014,4.2335
5/14/2014,4.2281
5/15/2014,4.1854
5/16/2014,4.1748
5/19/2014,4.1435
5/20/2014,4.1487
5/21/2014,4.0474
5/22/2014,4.0375
5/23/2014,4.0082
5/26/2014,4.0623
5/27/2014,4.0623
5/28/2014,4.0375
5/29/2014,4.0228
5/30/2014,4.0131
6/3/2014,3.9228
6/4/2014,3.9136
6/5/2014,3.9603
6/6/2014,3.9603
6/9/2014,3.9556
6/10/2014,3.9321
6/11/2014,3.9462
6/12/2014,3.9368
6/13/2014,3.9415
6/16/2014,3.9509
6/17/2014,4.0131
6/18/2014,4.0277
6/19/2014,4.0623
6/20/2014,4.1025
6/23/2014,4.0873
6/24/2014,4.0923
6/25/2014,4.0326
6/26/2014,3.9841
6/27/2014,3.9509
6/30/2014,3.9746
7/2/2014,3.9698
7/3/2014,3.9368
7/4/2014,3.9889
7/7/2014,3.9937
7/8/2014,4.0326
7/9/2014,3.9603
7/10/2014,3.9462
7/11/2014,3.9228
7/14/2014,3.9368
7/15/2014,3.9228
7/16/2014,3.8906
7/17/2014,3.8815
7/18/2014,3.8679
7/21/2014,3.8724
7/22/2014,3.8815
7/23/2014,3.8544
7/24/2014,3.797
7/25/2014,3.7754
7/28/2014,3.7754
7/29/2014,3.784
7/30/2014,3.7927
7/31/2014,3.7711
8/1/2014,3.8906
8/4/2014,3.7927
8/5/2014,3.841
8/6/2014,3.8455
8/7/2014,3.8589
8/8/2014,3.8499
8/11/2014,3.8679
8/12/2014,3.8544
8/13/2014,3.8233
8/14/2014,3.8366
8/15/2014,3.8057
8/18/2014,3.679
8/19/2014,3.5605
8/20/2014,3.603
8/21/2014,3.6628
8/22/2014,3.6547
8/25/2014,3.6628
8/26/2014,3.6466
8/27/2014,3.6188
8/28/2014,3.6426
8/29/2014,3.603
9/1/2014,3.5643
9/2/2014,3.5913
9/3/2014,3.5952
9/4/2014,3.5452
9/5/2014,3.5339
9/8/2014,3.5339
9/10/2014,3.5797
9/11/2014,3.5874
9/12/2014,3.5758
9/15/2014,3.6668
9/16/2014,3.6709
9/17/2014,3.6668
9/18/2014,3.6831
9/19/2014,3.7329
9/22/2014,3.6996
9/23/2014,3.6872
9/24/2014,3.7203
9/25/2014,3.7413
9/26/2014,3.7245
9/29/2014,3.7927
9/30/2014,3.9124
10/3/2014,3.9836
10/6/2014,3.9432
10/7/2014,3.8521
10/8/2014,3.8863
10/9/2014,3.8353
10/10/2014,3.8102
10/13/2014,3.7896
10/14/2014,3.7855
10/15/2014,3.8144
10/16/2014,3.8185
10/17/2014,3.8185
10/20/2014,3.8061
10/21/2014,3.8061
10/22/2014,3.8102
10/23/2014,3.7733
10/24/2014,3.7093
10/27/2014,3.7692
10/28/2014,3.7773
10/29/2014,3.7773
10/30/2014,3.8185
10/31/2014,3.8437
11/3/2014,3.7814
11/4/2014,3.8061
11/5/2014,3.8395
11/6/2014,3.8185
11/7/2014,3.802
11/10/2014,3.7054
11/11/2014,3.7251
11/12/2014,3.733
11/13/2014,3.6324
11/14/2014,3.5914
11/17/2014,3.537
11/18/2014,3.6099
11/19/2014,3.6475
11/20/2014,3.5877
11/21/2014,3.6099
11/24/2014,3.5914
11/25/2014,3.6551
11/26/2014,3.5767
11/27/2014,3.5951
11/28/2014,3.5441
12/1/2014,3.5585
12/2/2014,3.5405
12/3/2014,3.5263
12/4/2014,3.5192
12/5/2014,3.4195
12/8/2014,3.5804
12/9/2014,3.6025
12/10/2014,3.5731
12/11/2014,3.5585
12/12/2014,3.5951
12/15/2014,3.5951
12/16/2014,3.6361
12/17/2014,3.6399
12/18/2014,3.6361
12/19/2014,3.6475
12/22/2014,3.584
12/23/2014,3.6062
12/24/2014,3.5877
12/29/2014,3.6099
12/30/2014,3.6136
12/31/2014,3.6062
1/2/2015,3.5622
1/5/2015,3.5877
1/6/2015,3.6136
1/7/2015,3.6025
1/8/2015,3.6324
1/9/2015,3.6174
1/12/2015,3.584
1/13/2015,3.5086
1/14/2015,3.4842
1/15/2015,3.4363
1/16/2015,3.4262
1/19/2015,3.354
1/20/2015,3.3444
1/21/2015,3.3128
1/22/2015,3.3702
1/23/2015,3.291
1/26/2015,3.3034
1/27/2015,3.291
1/28/2015,3.291
1/29/2015,3.3096
1/30/2015,3.3349
2/2/2015,3.3222
2/3/2015,3.3702
2/4/2015,3.3317
2/5/2015,3.3003
2/6/2015,3.3222
2/9/2015,3.3605
2/10/2015,3.3897
2/11/2015,3.4533
2/12/2015,3.4911
2/13/2015,3.4704
2/16/2015,3.4842
2/17/2015,3.5227
2/18/2015,3.4911
2/23/2015,3.5405
2/24/2015,3.5334
2/25/2015,3.4911
2/26/2015,3.5298
2/27/2015,3.537
3/2/2015,3.5298
3/3/2015,3.5016
3/4/2015,3.5622
3/5/2015,3.6136
3/6/2015,3.5988
3/9/2015,3.6551
3/10/2015,3.7291
3/11/2015,3.6628
3/12/2015,3.682
3/13/2015,3.6976
3/16/2015,3.7251
3/17/2015,3.7251
3/18/2015,3.7571
3/19/2015,3.5731
3/20/2015,3.6666
3/23/2015,3.7015
3/24/2015,3.7015
3/25/2015,3.6475
3/26/2015,3.6248
3/27/2015,3.5988
3/30/2015,3.6475
3/31/2015,3.8251
4/1/2015,3.7738
4/2/2015,3.7583
4/8/2015,3.72
4/9/2015,3.7276
4/10/2015,3.6789
4/13/2015,3.8251
4/14/2015,3.8574
4/15/2015,3.8533
4/16/2015,3.8574
4/17/2015,3.8861
4/20/2015,3.9068
4/21/2015,3.8902
4/22/2015,3.8902
4/23/2015,3.9194
4/24/2015,3.8778
4/27/2015,3.8861
4/28/2015,3.8778
4/29/2015,3.8985
4/30/2015,3.7973
5/4/2015,3.7506
5/5/2015,3.8052
5/6/2015,3.8171
5/7/2015,3.9194
5/8/2015,3.882
5/11/2015,3.8861
5/12/2015,3.9619
5/13/2015,3.9705
5/14/2015,3.9965
5/15/2015,3.8861
5/18/2015,3.8778
5/19/2015,3.8861
5/20/2015,3.9152
5/21/2015,3.932
5/22/2015,3.9619
5/26/2015,3.9878
5/27/2015,3.9834
5/28/2015,4.0813
5/29/2015,4.0631
6/1/2015,4.0273
6/2/2015,4.0141
6/3/2015,4.0009
6/4/2015,3.9705
6/5/2015,3.9965
6/8/2015,4.0631
6/9/2015,4.0273
6/10/2015,4.0496
6/11/2015,3.9834
6/12/2015,3.9533
6/15/2015,3.9834
6/16/2015,3.9405
6/17/2015,3.9152
6/18/2015,3.8452
6/19/2015,3.7934
6/22/2015,3.7699
6/23/2015,3.9405
6/24/2015,3.9152
6/25/2015,3.9405
6/26/2015,3.9533
6/29/2015,4.0185
6/30/2015,4.0273
7/2/2015,4.0362
7/3/2015,3.9921
7/6/2015,4.0141
7/7/2015,3.9834
7/8/2015,4.0541
7/9/2015,4.132
7/10/2015,4.0904
7/13/2015,4.0451
7/14/2015,4.0541
7/15/2015,4.0273
7/16/2015,4.0053
7/17/2015,3.9533
7/20/2015,3.9834
7/21/2015,3.9878
7/22/2015,3.9662
7/23/2015,3.9834
7/24/2015,4.0229
7/27/2015,4.0767
7/28/2015,4.0053
7/29/2015,4.0229
7/30/2015,4.0676
7/31/2015,4.0096
8/3/2015,4.0767
8/4/2015,4.0767
8/5/2015,4.0496
8/6/2015,4.0813
8/7/2015,4.0767
8/10/2015,4.132
8/11/2015,4.1367
8/12/2015,4.1273
8/13/2015,4.1507
8/14/2015,4.2178
8/17/2015,4.262
8/18/2015,4.272
8/19/2015,4.2971
8/20/2015,4.3847
8/21/2015,4.277
8/24/2015,4.3533
8/25/2015,4.343
8/26/2015,4.4164
8/27/2015,4.3327
8/28/2015,4.3847
8/31/2015,4.4487
9/1/2015,4.4325
9/2/2015,4.4218
9/4/2015,4.4541
9/7/2015,4.4979
9/8/2015,4.3378
9/9/2015,4.287
9/10/2015,4.4111
9/11/2015,4.4325
9/14/2015,4.3899
9/15/2015,4.3794
9/16/2015,4.3533
9/17/2015,4.3794
9/18/2015,4.3123
9/21/2015,4.267
9/22/2015,4.2226
9/23/2015,4.2971
9/24/2015,4.3637
9/25/2015,4.3225
9/29/2015,4.4164
9/30/2015,4.524
10/2/2015,4.5187
10/5/2015,4.4404
10/6/2015,4.4559
10/7/2015,4.3797
10/8/2015,4.3698
10/9/2015,4.3698
10/12/2015,4.311
10/13/2015,4.3013
10/14/2015,4.2632
10/15/2015,4.2072
10/16/2015,4.1889
10/19/2015,4.1843
10/20/2015,4.1843
10/22/2015,4.1527
10/23/2015,4.0822
10/26/2015,4.1039
10/27/2015,4.0996
10/28/2015,4.1127
10/29/2015,4.1348
10/30/2015,4.1393
11/2/2015,4.0909
11/3/2015,4.1039
11/4/2015,4.0435
11/5/2015,4.0822
11/6/2015,4.1348
11/9/2015,4.2397
11/10/2015,4.287
11/11/2015,4.2444
11/12/2015,4.0606
11/13/2015,4.0996
11/16/2015,4.1171
11/17/2015,4.0735
11/18/2015,4.0778
11/19/2015,4.0015
11/20/2015,3.948
11/23/2015,3.9602
11/24/2015,4.0521
11/25/2015,4.0692
11/26/2015,4.0996
11/27/2015,4.0778
11/30/2015,4.0778
12/1/2015,4.0563
12/2/2015,4.0521
12/3/2015,4.0909
12/4/2015,4.1171
12/7/2015,4.0778
12/8/2015,4.1215
12/9/2015,4.1527
12/10/2015,4.1438
12/11/2015,4.1438
12/14/2015,4.1662
12/15/2015,4.1798
12/16/2015,4.1889
12/17/2015,4.198
12/18/2015,4.2118
12/21/2015,4.1935
12/22/2015,4.1889
12/23/2015,4.1393
12/24/2015,4.1527
12/28/2015,4.1798
12/29/2015,4.1617
12/30/2015,4.1393
12/31/2015,4.1438
1/4/2016,4.2118
1/5/2016,4.2632
1/6/2016,4.2491
1/7/2016,4.2822
1/8/2016,4.311
1/11/2016,4.3648
1/12/2016,4.3451
1/13/2016,4.2491
1/14/2016,4.287
1/15/2016,4.287
1/18/2016,4.3648
1/19/2016,4.2727
1/20/2016,4.4714
1/21/2016,4.5134
1/22/2016,4.3947
1/25/2016,4.3847
1/26/2016,4.3698
1/27/2016,4.4048
1/28/2016,4.4353
1/29/2016,4.3353
2/1/2016,4.3947
2/2/2016,4.35
2/3/2016,4.4455
2/4/2016,4.4714
2/5/2016,4.4714
2/11/2016,4.5134
2/12/2016,4.4766
2/15/2016,4.3998
2/16/2016,4.4714
2/17/2016,4.4714
2/18/2016,4.4149
2/19/2016,4.4404
2/22/2016,4.4714
2/23/2016,4.5028
2/24/2016,4.4714
2/25/2016,4.4766
2/26/2016,4.4251
2/29/2016,4.3847
3/1/2016,4.3255
3/2/2016,4.3207
3/3/2016,4.35
3/4/2016,4.3353
3/7/2016,4.35
3/8/2016,4.3599
3/9/2016,4.3353
3/10/2016,4.3353
3/11/2016,4.3747
3/14/2016,4.3013
3/15/2016,4.287
3/16/2016,4.2304
3/17/2016,4.1127
3/18/2016,4.1127
3/21/2016,4.1083
3/22/2016,4.1527
3/23/2016,4.2257
3/24/2016,4.287
3/29/2016,4.2118
3/30/2016,4.1438
3/31/2016,4.4822
4/1/2016,4.5165
4/5/2016,4.5314
4/6/2016,4.5017
4/7/2016,4.5265
4/8/2016,4.4773
4/11/2016,4.4292
4/12/2016,4.4103
4/13/2016,4.3406
4/14/2016,4.3868
4/15/2016,4.359
4/18/2016,4.3682
4/19/2016,4.3134
4/20/2016,4.3224
4/21/2016,4.2732
4/22/2016,4.2776
4/25/2016,4.2776
4/26/2016,4.2293
4/27/2016,4.2954
4/28/2016,4.2865
4/29/2016,4.3729
5/3/2016,4.4197
5/4/2016,4.415
5/5/2016,4.3821
5/6/2016,4.4725
5/9/2016,4.3821
5/10/2016,4.3682
5/11/2016,4.4435
5/12/2016,4.359
5/13/2016,4.4056
5/16/2016,4.4056
5/17/2016,4.3915
5/18/2016,4.4292
5/19/2016,4.5017
5/20/2016,4.3821
5/23/2016,4.4435
5/24/2016,4.4388
5/25/2016,4.3636
5/26/2016,4.3682
5/27/2016,4.4009
5/30/2016,4.3729
5/31/2016,4.3179
6/1/2016,4.3775
6/2/2016,4.4056
6/3/2016,4.2865
6/6/2016,4.2511
6/7/2016,4.1864
6/8/2016,4.1527
6/10/2016,4.0627
6/13/2016,4.0388
6/14/2016,4.1319
6/15/2016,4.0547
6/16/2016,4.0868
6/17/2016,4.0507
6/20/2016,4.0507
6/21/2016,4.0787
6/22/2016,4.1569
6/23/2016,4.1653
6/24/2016,4.1485
6/27/2016,3.9919
6/28/2016,3.9347
6/29/2016,3.8217
6/30/2016,3.9049
7/4/2016,3.8252
7/5/2016,3.8647
7/6/2016,3.916
7/7/2016,3.861
7/8/2016,3.8395
7/11/2016,3.8041
7/12/2016,3.6785
7/13/2016,3.715
7/14/2016,3.7049
7/15/2016,3.7049
7/18/2016,3.6818
7/19/2016,3.6785
7/20/2016,3.6299
7/21/2016,3.6077
7/22/2016,3.6172
7/25/2016,3.6045
7/26/2016,3.6014
7/27/2016,3.6014
7/28/2016,3.5365
7/29/2016,3.561
8/1/2016,3.6299
8/3/2016,3.7318
8/4/2016,3.7727
8/5/2016,3.6299
8/8/2016,3.6172
8/9/2016,3.7049
8/10/2016,3.672
8/11/2016,3.715
8/12/2016,3.7556
8/15/2016,3.7658
8/16/2016,3.6818
8/17/2016,3.695
8/18/2016,3.6752
8/19/2016,3.6492
8/22/2016,3.6492
8/23/2016,3.6014
8/24/2016,3.672
8/25/2016,3.6204
8/26/2016,3.6492
8/29/2016,3.7016
8/30/2016,3.7016
8/31/2016,3.6557
9/1/2016,3.6395
9/2/2016,3.6524
9/5/2016,3.6014
9/6/2016,3.6363
9/7/2016,3.6014
9/8/2016,3.5764
9/9/2016,3.592
9/12/2016,3.6818
9/13/2016,3.6983
9/14/2016,3.7419
9/15/2016,3.695
9/19/2016,3.695
9/20/2016,3.6622
9/21/2016,3.725
9/22/2016,3.6267
9/23/2016,3.6267
9/26/2016,3.6622
9/27/2016,3.6045
9/28/2016,3.5857
9/29/2016,3.614
9/30/2016,3.8411
10/3/2016,3.7813
10/4/2016,3.7748
10/5/2016,3.858
10/6/2016,3.8785
10/7/2016,3.8888
10/11/2016,3.9807
10/12/2016,4.0209
10/13/2016,3.9591
10/14/2016,3.9096
10/17/2016,3.9307
10/18/2016,3.8716
10/19/2016,3.9062
10/20/2016,3.9307
10/24/2016,3.8716
10/25/2016,3.875
10/26/2016,3.8957
10/27/2016,3.9062
10/28/2016,3.9807
10/31/2016,3.9591
11/1/2016,3.9413
11/2/2016,3.9989
11/3/2016,3.9663
11/4/2016,4.0136
11/7/2016,3.9989
11/8/2016,3.9953
11/9/2016,3.9916
11/10/2016,3.9916
11/11/2016,4.1232
11/14/2016,4.2266
11/15/2016,4.1983
11/16/2016,4.2678
11/17/2016,4.1663
11/18/2016,4.1427
11/21/2016,4.1427
11/22/2016,4.2063
11/23/2016,4.2023
11/24/2016,4.1743
11/25/2016,4.1943
11/28/2016,4.1584
11/29/2016,4.1388
11/30/2016,4.1
12/1/2016,4.1466
12/2/2016,4.1584
12/5/2016,4.1584
12/6/2016,4.1427
12/7/2016,4.0733
12/8/2016,4.062
12/9/2016,4.0395
12/12/2016,4.0847
12/13/2016,4.1584
12/14/2016,4.1703
12/15/2016,4.344
12/16/2016,4.3614
12/19/2016,4.3657
12/20/2016,4.3657
12/21/2016,4.3788
12/22/2016,4.423
12/23/2016,4.45
12/28/2016,4.4682
12/29/2016,4.3964
12/30/2016,4.344
1/3/2017,4.3014
1/4/2017,4.2887
1/5/2017,4.1703
1/6/2017,4.1348
1/9/2017,4.1624
1/10/2017,4.1077
1/11/2017,4.1154
1/12/2017,4.1743
1/13/2017,4.1822
1/16/2017,4.2063
1/17/2017,4.1943
1/18/2017,4.1862
1/19/2017,4.2185
1/20/2017,4.2266
1/23/2017,4.2185
1/24/2017,4.1983
1/25/2017,4.2063
1/26/2017,4.1309
1/27/2017,4.1193
2/1/2017,4.1193
2/2/2017,4.1388
2/3/2017,4.1388
2/6/2017,4.1232
2/7/2017,4.1193
2/8/2017,4.0358
2/9/2017,4.0657
2/10/2017,4.0507
2/13/2017,4.0962
2/14/2017,4.1077
2/15/2017,4.1309
2/16/2017,4.127
2/17/2017,4.127
2/20/2017,4.1388
2/21/2017,4.1038
2/22/2017,4.0923
2/23/2017,4.1115
2/24/2017,4.0544
2/27/2017,4.0358
2/28/2017,4.0885
3/1/2017,4.0847
3/2/2017,4.1309
3/3/2017,4.1822
3/6/2017,4.1862
3/7/2017,4.2144
3/8/2017,4.1983
3/9/2017,4.2637
3/10/2017,4.2678
3/13/2017,4.2804
3/14/2017,4.272
3/15/2017,4.2972
3/16/2017,4.1782
3/17/2017,4.1822
3/20/2017,4.1466
3/21/2017,4.1545
3/22/2017,4.1427
3/23/2017,4.1309
3/24/2017,4.1348
3/27/2017,4.1193
3/28/2017,4.062
3/29/2017,4.047
3/30/2017,4.0358
3/31/2017,4.1949
4/3/2017,4.1529
4/5/2017,4.0715
4/6/2017,4.1007
4/7/2017,4.0715
4/10/2017,4.1304
4/11/2017,4.1081
4/12/2017,4.0427
4/13/2017,4.0934
4/18/2017,4.1529
4/19/2017,4.1155
4/20/2017,4.0787
4/21/2017,4.0897
4/24/2017,4.086
4/25/2017,4.0606
4/26/2017,4.0534
4/27/2017,4.0824
4/28/2017,4.0824
5/2/2017,4.0897
5/4/2017,4.0715
5/5/2017,4.1007
5/8/2017,4.057
5/9/2017,4.0355
5/10/2017,4.0642
5/11/2017,3.9827
5/12/2017,3.9313
5/15/2017,3.9313
5/16/2017,3.9246
5/17/2017,3.8615
5/18/2017,3.9246
5/19/2017,3.9111
5/22/2017,3.9178
5/23/2017,3.9313
5/24/2017,3.8714
5/25/2017,3.81
5/26/2017,3.7973
5/29/2017,3.714
5/31/2017,3.714
6/1/2017,3.6989
6/2/2017,3.684
6/5/2017,3.687
6/6/2017,3.7049
6/7/2017,3.7049
6/8/2017,3.6487
6/9/2017,3.6112
6/12/2017,3.6604
6/13/2017,3.6055
6/14/2017,3.5914
6/15/2017,3.6284
6/16/2017,3.64
6/19/2017,3.6141
6/20/2017,3.7629
6/21/2017,3.72
6/22/2017,3.7352
6/23/2017,3.7785
6/26/2017,3.7629
6/27/2017,3.791
6/28/2017,3.8292
6/29/2017,3.8132
6/30/2017,3.8453
7/3/2017,3.8714
7/4/2017,3.8812
7/5/2017,3.8746
7/6/2017,3.8518
7/7/2017,3.8779
7/10/2017,3.7537
7/11/2017,3.7879
7/12/2017,3.791
7/13/2017,3.7785
7/14/2017,3.7475
7/17/2017,3.7322
7/18/2017,3.7049
7/19/2017,3.711
7/20/2017,3.7352
7/21/2017,3.7291
7/24/2017,3.69
7/25/2017,3.714
7/26/2017,3.7444
7/27/2017,3.64
7/28/2017,3.5745
7/31/2017,3.597
8/1/2017,3.5914
8/2/2017,3.5829
8/3/2017,3.5914
8/4/2017,3.5745
8/7/2017,3.5885
8/8/2017,3.5998
8/9/2017,3.6112
8/10/2017,3.6284
8/11/2017,3.6546
8/14/2017,3.6169
8/15/2017,3.6198
8/16/2017,3.597
8/17/2017,3.6084
8/18/2017,3.6198
8/21/2017,3.6256
8/22/2017,3.5998
8/24/2017,3.597
8/25/2017,3.5857
8/28/2017,3.6027
8/29/2017,3.5914
8/30/2017,3.5745
8/31/2017,3.5358
9/1/2017,3.533
9/4/2017,3.5633
9/5/2017,3.5358
9/6/2017,3.5412
9/7/2017,3.5633
9/8/2017,3.5303
9/11/2017,3.5303
9/12/2017,3.5221
9/13/2017,3.5248
9/14/2017,3.5661
9/15/2017,3.5303
9/18/2017,3.5059
9/19/2017,3.5412
9/20/2017,3.5773
9/21/2017,3.5885
9/22/2017,3.6055
9/25/2017,3.6516
9/26/2017,3.6634
9/27/2017,3.6256
9/28/2017,3.6371
9/29/2017,3.7624
10/3/2017,3.7447
10/4/2017,3.7068
10/6/2017,3.7476
10/9/2017,3.7271
10/10/2017,3.7358
10/11/2017,3.7358
10/12/2017,3.7506
10/13/2017,3.7417
10/16/2017,3.73
10/17/2017,3.7068
10/18/2017,3.6924
10/19/2017,3.6895
10/20/2017,3.5867
10/23/2017,3.576
10/24/2017,3.6085
10/25/2017,3.6222
10/26/2017,3.5894
10/27/2017,3.5787
10/30/2017,3.6195
10/31/2017,3.6333
11/1/2017,3.701
11/2/2017,3.7213
11/3/2017,3.6584
11/6/2017,3.6838
11/7/2017,3.5867
11/8/2017,3.5867
11/9/2017,3.4466
11/10/2017,3.4591
11/13/2017,3.4717
11/14/2017,3.4641
11/15/2017,3.4667
11/16/2017,3.4819
11/17/2017,3.4416
11/20/2017,3.4317
11/21/2017,3.4743
11/22/2017,3.4946
11/23/2017,3.4591
11/24/2017,3.4169
11/27/2017,3.4268
11/28/2017,3.4023
11/29/2017,3.3854
11/30/2017,3.4194
12/1/2017,3.4023
12/4/2017,3.4218
12/5/2017,3.4342
12/6/2017,3.4342
12/7/2017,3.4466
12/8/2017,3.412
12/11/2017,3.4072
12/12/2017,3.3356
12/13/2017,3.4096
12/14/2017,3.4268
12/15/2017,3.4218
12/18/2017,3.395
12/19/2017,3.352
12/20/2017,3.3356
12/21/2017,3.3734
12/22/2017,3.3356
12/27/2017,3.3078
12/28/2017,3.2669
12/29/2017,3.2872
1/2/2018,3.2536
1/3/2018,3.2337
1/4/2018,3.2403
1/5/2018,3.2184
1/8/2018,3.2447
1/9/2018,3.2075
1/10/2018,3.3055
1/11/2018,3.3426
1/12/2018,3.3806
1/15/2018,3.3734
1/16/2018,3.3782
1/17/2018,3.3662
1/18/2018,3.3734
1/19/2018,3.3638
1/22/2018,3.3782
1/23/2018,3.3263
1/24/2018,3.3544
1/25/2018,3.3806
1/26/2018,3.3782
1/29/2018,3.4047
1/30/2018,3.4391
1/31/2018,3.4416
2/1/2018,3.4491
2/2/2018,3.5024
2/5/2018,3.5467
2/6/2018,3.6003
2/7/2018,3.5976
2/8/2018,3.603
2/9/2018,3.6584
2/12/2018,3.6085
2/13/2018,3.636
2/14/2018,3.6388
2/15/2018,3.681
2/20/2018,3.664
2/21/2018,3.6333
2/22/2018,3.664
2/23/2018,3.6528
2/26/2018,3.5414
2/27/2018,3.5283
2/28/2018,3.5599
3/1/2018,3.4692
3/2/2018,3.4616
3/5/2018,3.552
3/6/2018,3.5679
3/7/2018,3.5894
3/8/2018,3.5024
3/9/2018,3.5309
3/12/2018,3.4998
3/13/2018,3.4768
3/14/2018,3.4768
3/15/2018,3.4616
3/16/2018,3.4667
3/19/2018,3.4416
3/20/2018,3.4921
3/21/2018,3.4972
3/22/2018,3.4895
3/23/2018,3.5127
3/26/2018,3.5335
3/27/2018,3.5127
3/28/2018,3.5388
3/29/2018,3.7281
4/3/2018,3.7448
4/4/2018,3.796
4/6/2018,3.7392
4/9/2018,3.6652
4/10/2018,3.6625
4/11/2018,3.6759
4/12/2018,3.6571
4/13/2018,3.6678
4/16/2018,3.6895
4/17/2018,3.6358
4/18/2018,3.6332
4/19/2018,3.5991
4/20/2018,3.6544
4/23/2018,3.7004
4/24/2018,3.7059
4/25/2018,3.7308
4/26/2018,3.7505
4/27/2018,3.7004
4/30/2018,3.5888
5/2/2018,3.6491
5/3/2018,3.7059
5/4/2018,3.7281
5/7/2018,3.7561
5/8/2018,3.7533
5/9/2018,3.7281
5/10/2018,3.7308
5/11/2018,3.6922
5/14/2018,3.6385
5/15/2018,3.6571
5/16/2018,3.6868
5/17/2018,3.7087
5/18/2018,3.7087
5/21/2018,3.6305
5/23/2018,3.6017
5/24/2018,3.5632
5/25/2018,3.5811
5/28/2018,3.5683
5/29/2018,3.594
5/30/2018,3.6226
5/31/2018,3.5991
6/1/2018,3.548
6/4/2018,3.45
6/5/2018,3.4263
6/6/2018,3.45
6/7/2018,3.3914
6/8/2018,3.4076
6/11/2018,3.3984
6/12/2018,3.4216
6/13/2018,3.5156
6/14/2018,3.4983
6/15/2018,3.491
6/19/2018,3.5205
6/20/2018,3.5305
6/21/2018,3.5965
6/22/2018,3.5683
6/25/2018,3.5405
6/26/2018,3.5057
6/27/2018,3.543
6/28/2018,3.518
6/29/2018,3.4861
7/3/2018,3.462
7/4/2018,3.4668
7/5/2018,3.45
7/6/2018,3.3754
7/9/2018,3.3083
7/10/2018,3.3663
7/11/2018,3.3914
7/12/2018,3.3326
7/13/2018,3.3105
7/16/2018,3.355
7/17/2018,3.3573
7/18/2018,3.3984
7/19/2018,3.3891
7/20/2018,3.3215
7/23/2018,3.2376
7/24/2018,3.2545
7/25/2018,3.2844
7/26/2018,3.2587
7/27/2018,3.2355
7/30/2018,3.2126
7/31/2018,3.2105
8/1/2018,3.2003
8/2/2018,3.2866
8/3/2018,3.3282
8/6/2018,3.2866
8/7/2018,3.2439
8/8/2018,3.2085
8/9/2018,3.2355
8/10/2018,3.2566
8/13/2018,3.2566
8/14/2018,3.2481
8/15/2018,3.2355
8/16/2018,3.2355
8/17/2018,3.2439
8/20/2018,3.2105
8/21/2018,3.2271
8/22/2018,3.2758
8/23/2018,3.2866
8/24/2018,3.2566
8/27/2018,3.2209
8/28/2018,3.2003
8/29/2018,3.2023
8/30/2018,3.2044
8/31/2018,3.1941
9/3/2018,3.1962
9/4/2018,3.1839
9/5/2018,3.2887
9/6/2018,3.3018
9/7/2018,3.3018
9/10/2018,3.3438
9/11/2018,3.2672
9/12/2018,3.246
9/13/2018,3.2376
9/14/2018,3.2481
9/17/2018,3.2953
9/18/2018,3.2672
9/19/2018,3.278
9/20/2018,3.3018
9/21/2018,3.3709
9/24/2018,3.3891
9/26/2018,3.2587
9/27/2018,3.2608
9/28/2018,3.3602
10/2/2018,3.4752
10/3/2018,3.4566
10/4/2018,3.5417
10/5/2018,3.649
10/8/2018,3.7065
10/9/2018,3.6671
10/10/2018,3.576
10/11/2018,3.6184
10/12/2018,3.5983
10/15/2018,3.5859
10/16/2018,3.621
10/18/2018,3.5081
10/19/2018,3.5393
10/22/2018,3.5034
10/23/2018,3.5809
10/24/2018,3.5539
10/25/2018,3.5735
10/26/2018,3.5514
10/29/2018,3.5393
10/30/2018,3.5908
10/31/2018,3.7252
11/1/2018,3.6594
11/2/2018,3.5809
11/5/2018,3.6568
11/6/2018,3.5958
11/7/2018,3.5637
11/8/2018,3.5686
11/9/2018,3.5958
11/12/2018,3.5735
11/13/2018,3.5809
11/14/2018,3.5153
11/15/2018,3.4869
11/16/2018,3.5321
11/19/2018,3.5297
11/20/2018,3.5539
11/21/2018,3.5272
11/22/2018,3.4705
11/23/2018,3.4845
11/26/2018,3.4337
11/27/2018,3.5466
11/28/2018,3.4682
11/29/2018,3.4314
11/30/2018,3.4752
12/3/2018,3.4223
12/4/2018,3.3777
12/5/2018,3.3623
12/6/2018,3.3515
12/7/2018,3.2628
12/10/2018,3.3755
12/11/2018,3.3558
12/12/2018,3.3235
12/13/2018,3.2793
12/14/2018,3.2834
12/17/2018,3.271
12/18/2018,3.2648
12/19/2018,3.296
12/20/2018,3.3086
12/21/2018,3.3342
12/24/2018,3.2855
12/27/2018,3.2814
12/28/2018,3.2814
12/31/2018,3.2648
1/2/2019,3.3107
1/3/2019,3.3129
1/4/2019,3.1983
1/7/2019,3.1845
1/8/2019,3.2201
1/9/2019,3.2403
1/10/2019,3.2648
1/11/2019,3.2464
1/14/2019,3.2403
1/15/2019,3.2201
1/16/2019,3.2342
1/17/2019,3.2566
1/18/2019,3.2628
1/21/2019,3.2897
1/22/2019,3.2322
1/23/2019,3.1963
1/24/2019,3.1709
1/25/2019,3.1155
1/28/2019,3.0675
1/29/2019,3.0298
1/30/2019,3.0423
1/31/2019,3.0105
2/1/2019,3.0405
2/4/2019,2.9862
2/8/2019,2.981
2/11/2019,2.9896
2/12/2019,2.9983
2/13/2019,3.0105
2/14/2019,2.9879
2/15/2019,2.9896
2/18/2019,2.969
2/19/2019,2.9155
2/20/2019,2.8751
2/21/2019,2.8895
2/22/2019,2.9057
2/25/2019,2.9172
2/26/2019,2.9287
2/27/2019,2.9057
2/28/2019,2.9172
3/1/2019,2.8735
3/4/2019,2.8735
3/5/2019,2.8879
3/6/2019,2.8895
3/7/2019,2.8992
3/8/2019,2.9572
3/11/2019,2.942
3/12/2019,2.9155
3/13/2019,2.9304
3/14/2019,2.9639
3/15/2019,2.9879
3/18/2019,2.9656
3/19/2019,2.9387
3/20/2019,2.9673
3/21/2019,2.9656
3/22/2019,2.9404
3/25/2019,2.9287
3/26/2019,2.9254
3/27/2019,2.9271
3/28/2019,2.8357
3/29/2019,2.9539
4/1/2019,2.93
4/2/2019,2.9316
4/3/2019,2.9142
4/4/2019,2.9443
4/8/2019,2.9427
4/9/2019,2.9127
4/10/2019,2.9095
4/11/2019,2.9475
4/12/2019,2.9363
4/15/2019,2.9766
4/16/2019,2.9636
4/17/2019,2.9914
4/18/2019,2.9799
4/23/2019,2.9997
4/24/2019,3.0063
4/25/2019,2.9685
4/26/2019,2.9268
4/29/2019,2.894
4/30/2019,2.9636
5/2/2019,2.8544
5/3/2019,2.8262
5/6/2019,2.8499
5/7/2019,2.8635
5/8/2019,2.8787
5/9/2019,2.93
5/10/2019,2.908
5/14/2019,2.8013
5/15/2019,2.841
5/16/2019,2.8144
5/17/2019,2.8589
5/20/2019,2.7812
5/21/2019,2.7841
5/22/2019,2.7985
5/23/2019,2.7869
5/24/2019,2.7855
5/27/2019,2.7999
5/28/2019,2.8232
5/29/2019,2.7999
5/30/2019,2.8454
5/31/2019,2.8909
6/3/2019,2.8291
6/4/2019,2.8262
6/5/2019,2.841
6/6/2019,2.7985
6/10/2019,2.7586
6/11/2019,2.7322
6/12/2019,2.8217
6/13/2019,2.8276
6/14/2019,2.8291
6/17/2019,2.8217
6/18/2019,2.7884
6/19/2019,2.7956
6/20/2019,2.7913
6/21/2019,2.8217
6/24/2019,2.7884
6/25/2019,2.7755
6/26/2019,2.777
6/27/2019,2.7784
6/28/2019,2.8247
7/2/2019,2.8247
7/3/2019,2.7699
7/4/2019,2.767
7/5/2019,2.7336
7/8/2019,2.7628
7/9/2019,2.7855
7/10/2019,2.7869
7/11/2019,2.7784
7/12/2019,2.7656
7/15/2019,2.7784
7/16/2019,2.7699
7/17/2019,2.7956
7/18/2019,2.8013
7/19/2019,2.7898
7/22/2019,2.8247
7/23/2019,2.8291
7/24/2019,2.841
7/25/2019,2.8439
7/26/2019,2.8544
7/29/2019,2.9363
7/30/2019,2.9395
7/31/2019,2.9668
8/1/2019,2.998
8/2/2019,2.9443
8/5/2019,2.9914
8/6/2019,2.9475
8/7/2019,2.962
8/8/2019,2.9363
8/9/2019,2.9799
8/12/2019,3.0434
8/13/2019,3.1331
8/14/2019,3.1223
8/15/2019,2.998
8/16/2019,2.9284
8/19/2019,2.8817
8/20/2019,2.8909
8/21/2019,2.8756
8/22/2019,2.9221
8/23/2019,2.9459
8/26/2019,3.0197
8/27/2019,3.0281
8/28/2019,3.0164
8/29/2019,3.0315
8/30/2019,3.0815
9/2/2019,3.1476
9/3/2019,3.1367
9/4/2019,2.962
9/5/2019,3.0332
9/6/2019,3.0349
9/9/2019,3.0572
9/10/2019,3.0572
9/11/2019,3.013
9/12/2019,3.0434
9/13/2019,3.0231
9/16/2019,3.0503
9/17/2019,3.0417
9/18/2019,3.071
9/19/2019,3.0815
9/20/2019,3.0903
9/23/2019,3.1115
9/24/2019,3.144
9/25/2019,3.179
9/26/2019,3.1642
9/27/2019,3.1679
9/30/2019,3.2622
10/2/2019,3.2453
10/3/2019,3.2453
10/4/2019,3.2249
10/8/2019,3.3043
10/9/2019,3.3978
10/10/2019,3.5034
10/11/2019,3.4019
10/14/2019,3.4102
10/15/2019,3.4393
10/16/2019,3.3434
10/17/2019,3.312
10/18/2019,3.3836
10/21/2019,3.3775
10/22/2019,3.3574
10/23/2019,3.3614
10/24/2019,3.3043
10/25/2019,3.3179
10/28/2019,3.314
10/29/2019,3.3159
10/30/2019,3.2889
10/31/2019,3.3004
11/1/2019,3.2603
11/4/2019,3.2889
11/5/2019,3.314
11/6/2019,3.2946
11/7/2019,3.2793
11/8/2019,3.314
11/11/2019,3.3978
11/12/2019,3.4267
11/13/2019,3.4774
11/14/2019,3.5363
11/15/2019,3.5363
11/18/2019,3.5077
11/19/2019,3.4561
11/20/2019,3.4582
11/21/2019,3.5187
11/22/2019,3.5012
11/25/2019,3.4184
11/26/2019,3.4753
11/27/2019,3.4753
11/28/2019,3.4817
11/29/2019,3.5253
12/2/2019,3.5208
12/3/2019,3.5586
12/4/2019,3.5858
12/5/2019,3.5407
12/6/2019,3.5034
12/9/2019,3.4925
12/10/2019,3.5385
12/11/2019,3.5497
12/12/2019,3.5407
12/13/2019,3.5034
12/16/2019,3.5519
12/17/2019,3.5654
12/18/2019,3.5744
12/19/2019,3.5744
12/20/2019,3.4774
12/23/2019,3.4817
12/24/2019,3.4817
12/27/2019,3.4519
12/30/2019,3.4309
12/31/2019,3.4184
1/2/2020,3.4267
1/3/2020,3.4498
1/6/2020,3.4753
1/7/2020,3.4817
1/8/2020,3.4947
1/9/2020,3.4646
1/10/2020,3.4519
1/13/2020,3.404
1/14/2020,3.3876
1/15/2020,3.3775
1/16/2020,3.3277
1/17/2020,3.2698
1/20/2020,3.2966
1/21/2020,3.3775
1/22/2020,3.4102
1/23/2020,3.4372
1/24/2020,3.4561
1/29/2020,3.5253
1/30/2020,3.5564
1/31/2020,3.5699
2/3/2020,3.6087
2/4/2020,3.6064
2/5/2020,3.6249
2/6/2020,3.5099
2/7/2020,3.4968
2/10/2020,3.5631
2/11/2020,3.5789
2/12/2020,3.5654
2/13/2020,3.5812
2/14/2020,3.5835
2/17/2020,3.5676
2/18/2020,3.6133
2/19/2020,3.6133
2/20/2020,3.6203
2/21/2020,3.6889
2/24/2020,3.7553
2/25/2020,3.7603
2/26/2020,3.8059
2/27/2020,3.8085
2/28/2020,3.9061
3/2/2020,3.9499
3/3/2020,3.9361
3/4/2020,3.8162
3/5/2020,3.783
3/6/2020,3.8188
3/9/2020,3.8214
3/10/2020,3.7108
3/11/2020,3.6626
3/12/2020,3.7329
3/13/2020,3.8475
3/16/2020,3.9637
3/17/2020,3.8659
3/18/2020,3.9918
3/19/2020,4.2282
3/20/2020,4.225
3/23/2020,4.4238
3/24/2020,4.3792
3/25/2020,4.2155
3/26/2020,4.2795
3/27/2020,4.2409
3/30/2020,4.3724
3/31/2020,4.3712
4/1/2020,4.3613
4/2/2020,4.4526
4/3/2020,4.5262
4/6/2020,4.4115
4/7/2020,4.2864
4/8/2020,4.3057
4/9/2020,4.2547
4/14/2020,4.1622
4/15/2020,4.1743
4/16/2020,4.1622
4/17/2020,4.0794
4/20/2020,4.1263
4/21/2020,4.2705
4/22/2020,4.2705
4/23/2020,4.2421
4/24/2020,4.3186
4/27/2020,4.2864
4/28/2020,4.2048
4/29/2020,4.1263
5/4/2020,4.2673
5/5/2020,4.2358
5/6/2020,4.1773
5/7/2020,4.1987
5/8/2020,4.1956
5/11/2020,4.1652
5/12/2020,4.2515
5/13/2020,4.2673
5/14/2020,4.3284
5/15/2020,4.3415
5/18/2020,4.3089
5/19/2020,4.1562
5/20/2020,4.1712
5/21/2020,4.2327
5/22/2020,4.7119
5/25/2020,4.8512
5/26/2020,4.7509
5/27/2020,4.8842
5/28/2020,5.0384
5/29/2020,4.9558
6/1/2020,4.685
6/2/2020,4.4014
6/3/2020,4.358
6/4/2020,4.4115
6/5/2020,4.3349
6/8/2020,4.3415
6/9/2020,4.1895
6/10/2020,4.1442
6/11/2020,4.2079
6/12/2020,4.28
6/15/2020,4.4115
6/16/2020,4.3646
6/17/2020,4.3284
6/18/2020,4.3514
6/19/2020,4.3712
6/22/2020,4.4251
6/23/2020,4.4873
6/24/2020,4.4909
6/26/2020,4.5014
6/29/2020,4.512
6/30/2020,4.5334
7/2/2020,4.4422
7/3/2020,4.4319
7/6/2020,4.3186
7/7/2020,4.3712
7/8/2020,4.4081
7/9/2020,4.5262
7/10/2020,4.5406
7/13/2020,4.5695
7/14/2020,4.5767
7/15/2020,4.6209
7/16/2020,4.6926
7/17/2020,4.708
7/20/2020,4.7587
7/21/2020,4.708
7/22/2020,4.8227
7/23/2020,4.8635
7/24/2020,4.8759
7/27/2020,4.905
7/28/2020,4.9345
7/29/2020,4.8471
7/30/2020,4.7627
7/31/2020,4.7746
8/3/2020,4.7352
8/4/2020,4.6736
8/5/2020,4.6812
8/6/2020,4.7119
8/7/2020,4.6774
8/10/2020,4.7158
8/11/2020,4.6433
8/12/2020,4.555
8/13/2020,4.555
8/14/2020,4.584
8/17/2020,4.5334
8/18/2020,4.6024
8/19/2020,4.6622
8/20/2020,4.7627
8/21/2020,4.6736
8/24/2020,4.5695
8/25/2020,4.5914
8/26/2020,4.6321
8/27/2020,4.7235
8/28/2020,4.6736
8/31/2020,4.6546
9/1/2020,4.7003
9/2/2020,4.4838
9/3/2020,4.4664
9/4/2020,4.5586
9/7/2020,4.5658
9/8/2020,4.5804
9/9/2020,4.5586
9/10/2020,4.5658
9/11/2020,4.5695
9/14/2020,4.5156
9/15/2020,4.4664
9/16/2020,4.4081
9/17/2020,4.4319
9/18/2020,4.4081
9/21/2020,4.4909
9/22/2020,4.537
9/23/2020,4.5477
9/24/2020,4.5731
9/25/2020,4.5622
9/28/2020,4.5914
9/29/2020,4.6135
9/30/2020,4.5614
10/5/2020,4.5434
10/6/2020,4.5979
10/7/2020,4.547
10/8/2020,4.5979
10/9/2020,4.6727
10/12/2020,4.6538
10/14/2020,4.6841
10/15/2020,4.6956
10/16/2020,4.746
10/19/2020,4.6841
10/20/2020,4.7033
10/21/2020,4.6994
10/22/2020,4.6956
10/23/2020,4.6387
10/27/2020,4.7265
10/28/2020,4.7895
10/29/2020,4.7776
10/30/2020,4.8666
11/2/2020,4.8624
11/3/2020,4.7855
11/4/2020,4.746
11/5/2020,4.6803
11/6/2020,4.5833
11/9/2020,4.5614
11/10/2020,4.2605
11/11/2020,4.1348
11/12/2020,4.2013
11/13/2020,4.2075
11/16/2020,4.1438
11/17/2020,4.0107
11/18/2020,4.0532
11/19/2020,4.1468
11/20/2020,4.226
11/23/2020,4.3116
11/24/2020,4.2323
11/25/2020,4.2044
11/26/2020,4.1769
11/27/2020,4.1952
11/30/2020,4.226
12/1/2020,4.2668
12/2/2020,4.2891
12/3/2020,4.0589
12/4/2020,4.0589
12/7/2020,4.1378
12/8/2020,4.1648
12/9/2020,4.1408
12/10/2020,4.1348
12/11/2020,4.1259
12/14/2020,4.1527
12/15/2020,4.183
12/16/2020,4.1289
12/17/2020,4.1141
12/18/2020,4.1708
12/21/2020,4.1739
12/22/2020,4.2105
12/23/2020,4.1648
12/24/2020,4.1708
12/28/2020,4.1053
12/29/2020,4.0532
12/30/2020,4.0024
12/31/2020,4.0704
1/4/2021,4.0052
1/5/2021,3.9312
1/6/2021,3.9501
1/7/2021,4.022
1/8/2021,4.0675
1/11/2021,4.1112
1/12/2021,4.0965
1/13/2021,4.0704
1/14/2021,4.0791
1/15/2021,4.1378
1/18/2021,4.1527
1/19/2021,4.1318
1/20/2021,4.1648
1/21/2021,4.1588
1/22/2021,4.1799
1/25/2021,4.2075
1/26/2021,4.2105
1/27/2021,4.2167
1/28/2021,4.2167
1/29/2021,4.2448
2/1/2021,4.2291
2/2/2021,4.2732
2/3/2021,4.2573
2/4/2021,4.2385
2/5/2021,4.2416
2/8/2021,4.2732
2/9/2021,4.3084
2/10/2021,4.3084
2/11/2021,4.27
2/16/2021,4.1739
2/17/2021,4.1799
2/18/2021,4.1289
2/19/2021,4.0965
2/22/2021,4.117
2/23/2021,3.9996
2/24/2021,3.9637
2/25/2021,3.8703
2/26/2021,3.9258
3/1/2021,4.0276
3/2/2021,4.0333
3/3/2021,4.056
3/4/2021,4.0733
3/5/2021,4.0675
3/8/2021,4.0361
3/9/2021,3.9665
3/10/2021,3.9583
3/11/2021,3.9996
3/12/2021,3.9996
3/15/2021,4.0024
3/16/2021,4.0333
3/17/2021,4.0304
3/18/2021,4.0762
3/19/2021,4.1082
3/22/2021,4.1024
3/23/2021,4.1053
3/24/2021,4.1141
3/25/2021,4.1112
3/26/2021,4.12
3/29/2021,4.0762
3/30/2021,3.9583
3/31/2021,4.0959
4/1/2021,4.1221
4/7/2021,4.1192
4/8/2021,4.1075
4/9/2021,4.1133
4/12/2021,4.1163
4/13/2021,4.0332
4/14/2021,3.9241
4/15/2021,3.8873
4/16/2021,3.8563
4/19/2021,3.903
4/20/2021,3.8873
4/21/2021,3.9135
4/22/2021,3.8873
4/23/2021,3.8717
4/26/2021,3.9056
4/27/2021,3.9589
4/28/2021,3.9834
4/29/2021,3.9562
4/30/2021,3.9481
5/3/2021,3.9725
5/4/2021,3.9834
5/5/2021,4.0054
5/6/2021,3.9401
5/7/2021,3.9135
5/10/2021,3.8588
5/11/2021,3.8899
5/12/2021,3.9321
5/13/2021,3.9779
5/14/2021,3.9616
5/17/2021,4.0082
5/18/2021,3.9003
5/20/2021,3.9161
5/21/2021,3.9347
5/24/2021,3.9161
5/25/2021,3.8821
5/26/2021,3.8511
5/27/2021,3.8743
5/28/2021,3.8743
5/31/2021,3.9241
6/1/2021,3.903
6/2/2021,3.8795
6/3/2021,3.8977
6/4/2021,3.9135
6/7/2021,3.9003
6/8/2021,3.8283
6/9/2021,3.8283
6/10/2021,3.7735
6/11/2021,3.7735
6/15/2021,3.8106
6/16/2021,3.8056
6/17/2021,3.8384
6/18/2021,3.7083
6/21/2021,3.7274
6/22/2021,3.7515
6/23/2021,3.7083
6/24/2021,3.7059
6/25/2021,3.7178
6/28/2021,3.725
6/29/2021,3.8182
6/30/2021,3.8537
7/2/2021,3.8847
7/5/2021,3.7907
7/6/2021,3.8031
7/7/2021,3.8384
7/8/2021,3.8795
7/9/2021,3.9109
7/12/2021,3.8665
7/13/2021,3.8486
7/14/2021,3.8977
7/15/2021,3.8614
7/16/2021,3.8358
7/19/2021,3.8899
7/20/2021,3.8873
7/21/2021,3.8691
7/22/2021,3.8257
7/23/2021,3.8511
7/26/2021,3.864
7/27/2021,3.846
7/28/2021,3.8257
7/29/2021,3.8665
7/30/2021,3.903
8/2/2021,3.8665
8/3/2021,3.8873
8/4/2021,3.9056
8/5/2021,3.9214
8/6/2021,3.9294
8/9/2021,3.9508
8/10/2021,3.9944
8/11/2021,3.9999
8/12/2021,3.9944
8/13/2021,3.9752
8/16/2021,3.9562
8/17/2021,3.9589
8/18/2021,3.9401
8/19/2021,3.9779
8/20/2021,3.9188
8/23/2021,3.9562
8/24/2021,3.9834
8/25/2021,4.0304
8/26/2021,4.0501
8/27/2021,4.0558
8/30/2021,4.0304
8/31/2021,4.053
9/1/2021,4.0672
9/2/2021,4.0417
9/3/2021,4.0758
9/6/2021,4.0872
9/7/2021,4.1104
9/8/2021,4.1427
9/9/2021,4.1486
9/10/2021,4.1398
9/13/2021,4.1846
9/14/2021,4.1967
9/15/2021,4.2646
9/16/2021,4.3314
9/17/2021,4.3509
9/20/2021,4.4855
9/21/2021,4.4786
9/23/2021,4.3871
9/24/2021,4.4443
9/27/2021,4.4925
9/28/2021,4.5205
9/29/2021,4.4443
9/30/2021,4.6132
10/4/2021,4.6833
10/5/2021,4.6798
10/6/2021,4.7265
10/7/2021,4.6727
10/8/2021,4.6305
10/11/2021,4.6166
10/12/2021,4.5789
10/15/2021,4.5019
10/18/2021,4.5151
10/19/2021,4.5019
10/20/2021,4.5217
10/21/2021,4.5351
10/22/2021,4.5019
10/25/2021,4.492
10/26/2021,4.5184
10/27/2021,4.5019
10/28/2021,4.4306
10/29/2021,4.4628
11/1/2021,4.4855
11/2/2021,4.4888
11/3/2021,4.5351
11/4/2021,4.479
11/5/2021,4.4822
11/8/2021,4.4148
11/9/2021,4.4306
11/10/2021,4.374
11/11/2021,4.2798
11/12/2021,4.3067
11/15/2021,4.3067
11/16/2021,4.2857
11/17/2021,4.3309
11/18/2021,4.3249
11/19/2021,4.3097
11/22/2021,4.4148
11/23/2021,4.4084
11/24/2021,4.3524
11/25/2021,4.334
11/26/2021,4.4434
11/29/2021,4.4822
11/30/2021,4.5552
12/1/2021,4.6305
12/2/2021,4.596
12/3/2021,4.6236
12/6/2021,4.5857
12/7/2021,4.6028
12/8/2021,4.5857
12/9/2021,4.5251
12/10/2021,4.5518
12/13/2021,4.5721
12/14/2021,4.5755
12/15/2021,4.5721
12/16/2021,4.5518
12/17/2021,4.6132
12/20/2021,4.6656
12/21/2021,4.6515
12/22/2021,4.634
12/23/2021,4.6132
12/24/2021,4.5384
12/28/2021,4.5351
12/29/2021,4.5317
12/30/2021,4.4888
12/31/2021,4.4855
1/3/2022,4.4855
1/4/2022,4.4402
1/5/2022,4.4888
1/6/2022,4.5284
1/7/2022,4.5351
1/10/2022,4.5351
1/11/2022,4.5721
1/12/2022,4.5891
1/13/2022,4.6028
1/14/2022,4.5857
1/17/2022,4.5925
1/18/2022,4.5994
1/19/2022,4.596
1/20/2022,4.5184
1/21/2022,4.4725
1/24/2022,4.479
1/25/2022,4.5284
1/26/2022,4.5251
1/27/2022,4.5552
1/28/2022,4.6132
1/31/2022,4.6132
2/4/2022,4.5925
2/7/2022,4.5823
2/8/2022,4.5484
2/9/2022,4.5085
2/10/2022,4.5284
2/11/2022,4.6097
2/14/2022,4.6305
2/15/2022,4.6305
2/16/2022,4.627
2/17/2022,4.6905
2/18/2022,4.6691
2/21/2022,4.7048
2/22/2022,4.7557
2/23/2022,4.7374
2/24/2022,4.8265
2/25/2022,4.8493
2/28/2022,4.88
3/1/2022,4.9427
3/2/2022,4.9867
3/3/2022,4.9746
3/4/2022,5.0439
3/7/2022,5.0814
3/8/2022,4.9348
3/9/2022,4.8685
3/10/2022,4.8341
3/11/2022,4.7852
3/14/2022,4.8039
3/15/2022,4.9112
3/16/2022,4.9073
3/17/2022,4.6976
3/18/2022,4.6905
3/21/2022,4.6236
3/22/2022,4.5857
3/23/2022,4.641
3/24/2022,4.627
3/25/2022,4.5721
3/28/2022,4.5789
3/29/2022,4.5755
3/30/2022,4.5518
3/31/2022,4.5622
4/1/2022,4.5184
4/4/2022,4.5217
4/6/2022,4.5051
4/7/2022,4.4951
4/8/2022,4.4397
4/11/2022,4.4885
4/12/2022,4.5318
4/13/2022,4.5419
4/14/2022,4.5217
4/19/2022,4.4204
4/20/2022,4.4985
4/21/2022,4.4951
4/22/2022,4.4985
4/25/2022,4.4951
4/26/2022,4.5018
4/27/2022,4.5487
4/28/2022,4.5051
4/29/2022,4.4885
5/3/2022,4.5453
5/4/2022,4.5117
5/5/2022,4.5554
5/6/2022,4.5622
5/10/2022,4.6035
5/11/2022,4.5965
5/12/2022,4.5931
5/13/2022,4.4721
5/16/2022,4.4689
5/17/2022,4.4461
5/18/2022,4.4526
5/19/2022,4.4397
5/20/2022,4.3481
5/23/2022,4.3761
5/24/2022,4.3887
5/25/2022,4.3824
5/26/2022,4.3698
5/27/2022,4.345
5/30/2022,4.2871
5/31/2022,4.3022
6/1/2022,4.2931
6/2/2022,4.2871
6/6/2022,4.2454
6/7/2022,4.3113
6/8/2022,4.3481
6/9/2022,4.3824
6/10/2022,4.4236
6/13/2022,4.4429
6/14/2022,4.4689
6/15/2022,4.4853
6/16/2022,4.6882
6/17/2022,4.8366
6/20/2022,4.8213
6/21/2022,4.7391
6/22/2022,4.8251
6/23/2022,4.8213
6/24/2022,4.7948
6/27/2022,4.7171
6/28/2022,4.6846
6/29/2022,4.699
6/30/2022,4.7761
7/4/2022,4.8061
7/5/2022,4.8024
7/6/2022,4.7464
7/7/2022,4.7208
7/8/2022,4.7135
7/11/2022,4.7649
7/12/2022,4.7836
7/13/2022,4.7171
7/14/2022,4.7538
7/15/2022,4.7761
7/18/2022,4.7135
7/19/2022,4.7501
7/20/2022,4.7538
7/21/2022,4.8289
7/22/2022,4.7873
7/25/2022,4.7464
7/26/2022,4.7171
7/27/2022,4.7208
7/28/2022,4.6918
7/29/2022,4.6525
8/1/2022,4.6139
8/2/2022,4.7062
8/3/2022,4.7317
8/4/2022,4.6596
8/5/2022,4.6244
8/8/2022,4.6244
8/9/2022,4.6632
8/10/2022,4.699
8/11/2022,4.6209
8/12/2022,4.6035
8/15/2022,4.649
8/16/2022,4.7099
8/17/2022,4.7099
8/18/2022,4.7724
8/19/2022,4.8404
8/22/2022,4.8558
8/23/2022,4.9541
8/24/2022,5.011
8/25/2022,4.9662
8/26/2022,4.9501
8/29/2022,4.9622
8/30/2022,4.9783
8/31/2022,5.0233
9/1/2022,5.0275
9/2/2022,4.9381
9/5/2022,4.9421
9/6/2022,4.9541
9/7/2022,4.9262
9/8/2022,4.9143
9/9/2022,4.9064
9/13/2022,4.8635
9/14/2022,4.9783
9/15/2022,5.0028
9/16/2022,4.9582
9/19/2022,4.9104
9/20/2022,4.8558
9/21/2022,4.9262
9/22/2022,4.9824
9/23/2022,5.0151
9/26/2022,5.1677
9/27/2022,5.3958
9/28/2022,5.6035
9/29/2022,5.6345
9/30/2022,5.4934
10/3/2022,5.5085
10/5/2022,5.3855
10/6/2022,5.4884
10/7/2022,5.4985
10/10/2022,5.6743
10/11/2022,5.6583
10/12/2022,5.7721
10/13/2022,5.7942
10/14/2022,5.8561
10/17/2022,5.811
10/18/2022,5.7337
10/19/2022,5.8448
10/20/2022,5.9135
10/21/2022,6.2056
10/24/2022,6.3094
10/25/2022,6.3964
10/26/2022,6.2701
10/27/2022,6.2962
10/28/2022,6.2248
10/31/2022,6.4998
11/1/2022,6.2962
11/2/2022,6.1174
11/3/2022,6.1801
11/4/2022,6.056
11/7/2022,5.8278
11/8/2022,5.8166
11/9/2022,6.056
11/10/2022,5.9193
11/11/2022,5.5388
11/14/2022,5.4835
11/15/2022,5.3379
11/16/2022,5.3759
11/17/2022,5.4097
11/18/2022,5.4735
11/21/2022,5.6583
11/22/2022,5.6743
11/23/2022,5.9544
11/24/2022,5.8448
11/25/2022,5.8166
11/28/2022,5.9193
11/29/2022,5.7337
11/30/2022,5.7446
12/1/2022,5.6583
12/2/2022,5.7998
12/5/2022,5.7337
12/6/2022,5.6743
12/7/2022,5.7446
12/8/2022,5.5439
12/9/2022,5.4341
12/12/2022,5.4439
12/13/2022,5.2405
12/14/2022,5.3004
12/15/2022,5.4097
12/16/2022,5.4194
12/19/2022,5.4488
12/20/2022,5.4835
12/21/2022,5.4685
12/22/2022,5.3521
12/23/2022,5.3616
12/28/2022,5.3284
12/29/2022,5.3097
12/30/2022,5.2634
1/3/2023,5.182
1/4/2023,5.0265
1/5/2023,4.9563
1/6/2023,5.1074
1/9/2023,5.0944
1/10/2023,5.0307
1/11/2023,5.073
1/12/2023,4.9279
1/13/2023,4.9079
1/16/2023,4.7796
1/17/2023,4.8024
1/18/2023,4.8216
1/19/2023,4.7569
1/20/2023,4.7457
1/26/2023,4.7271
1/27/2023,4.716
1/30/2023,4.6904
1/31/2023,4.81
2/1/2023,4.7948
2/2/2023,4.6904
2/3/2023,4.665
2/6/2023,4.7948
2/7/2023,4.8177
2/8/2023,4.7494
2/9/2023,4.8024
2/10/2023,4.8024
2/13/2023,5.5085
2/14/2023,5.585
2/15/2023,5.6058
2/16/2023,5.611
2/17/2023,5.685
2/20/2023,5.761
2/21/2023,5.7173
2/22/2023,5.669
2/23/2023,5.669
2/24/2023,5.85
2/27/2023,5.7637
2/28/2023,5.68
3/1/2023,5.658
3/2/2023,5.7299
3/3/2023,5.7808
3/6/2023,5.7581
3/7/2023,5.8617
3/8/2023,6.0059
3/9/2023,6.106
3/10/2023,6.1702
3/13/2023,6.0182
3/14/2023,6.0244
3/15/2023,6.043
3/16/2023,5.8971
3/17/2023,5.85
3/20/2023,5.9031
3/21/2023,5.9329
3/22/2023,5.8617
3/23/2023,5.85
3/24/2023,5.85
3/27/2023,5.821
3/28/2023,5.8559
3/29/2023,5.8794
3/30/2023,5.8152
3/31/2023,5.3451
4/3/2023,5.3135
4/4/2023,5.3292
4/6/2023,5.3031
4/11/2023,5.2875
4/12/2023,5.2311
4/13/2023,5.2362
4/14/2023,5.2464
4/17/2023,5.2362
4/18/2023,5.221
4/19/2023,5.2566
4/20/2023,5.3292
4/21/2023,5.3398
4/24/2023,5.3557
4/25/2023,5.3985
4/26/2023,5.3398
4/27/2023,5.2927
4/28/2023,5.272
5/2/2023,5.3135
5/3/2023,5.3187
5/4/2023,5.2668
5/5/2023,5.2362
5/8/2023,5.1859
5/9/2023,5.3292
5/10/2023,5.3716
5/11/2023,5.3985
5/12/2023,5.4475
5/15/2023,5.3451
5/16/2023,5.324
5/17/2023,5.3931
5/18/2023,5.4256
5/19/2023,5.4311
5/22/2023,5.4641
5/23/2023,5.4752
5/24/2023,5.4863
5/25/2023,5.5597
5/29/2023,5.6588
5/30/2023,5.7067
5/31/2023,5.9324
6/1/2023,5.8936
6/2/2023,5.7248
6/5/2023,5.6118
6/6/2023,5.6648
6/7/2023,5.7067
6/8/2023,5.7676
6/9/2023,5.7067
6/12/2023,5.6946
6/13/2023,5.7188
6/14/2023,5.7738
6/15/2023,5.952
6/16/2023,5.8362
6/19/2023,5.8174
6/20/2023,5.8616
6/21/2023,5.9652
6/23/2023,6.1208
6/26/2023,6.1909
6/27/2023,6.1208
6/28/2023,6.1069
6/29/2023,6.1839
6/30/2023,6.2052
7/3/2023,6.1208
7/4/2023,6.0863
7/5/2023,6.1839
7/6/2023,6.241
7/7/2023,6.4345
7/10/2023,6.4268
7/11/2023,6.3812
7/12/2023,6.3587
7/13/2023,6.1839
7/14/2023,6.1697
7/18/2023,6.2555
7/19/2023,6.2555
7/20/2023,6.1486
7/21/2023,6.1138
7/24/2023,6.2483
7/25/2023,6.1697
7/26/2023,6.1277
7/27/2023,6.0184
7/28/2023,6.1208
7/31/2023,6.1839
8/1/2023,6.2483
8/2/2023,6.3512
8/3/2023,6.3812
8/4/2023,6.4268
8/7/2023,6.3737
8/8/2023,6.4575
8/9/2023,6.5357
8/10/2023,6.6648
8/11/2023,6.7991
8/14/2023,7.0385
8/15/2023,6.9838
8/16/2023,6.9035
8/17/2023,6.8771
8/18/2023,7.0477
8/21/2023,7.122
8/22/2023,7.1693
8/23/2023,7.2173
8/24/2023,6.9658
8/25/2023,7.011
8/28/2023,7.0754
8/29/2023,6.9838
8/30/2023,6.8249
8/31/2023,6.939
9/4/2023,6.8077
9/5/2023,6.939
9/6/2023,6.9658
9/7/2023,7.002
9/11/2023,7.1503
9/12/2023,7.1789
9/13/2023,7.0847
9/14/2023,7.2366
9/15/2023,7.1315
9/18/2023,7.2076
9/19/2023,7.1789
9/20/2023,7.1409
9/21/2023,7.3349
9/22/2023,7.1033
9/25/2023,7.2366
9/26/2023,7.3349
9/27/2023,7.3649
9/28/2023,7.3052
9/29/2023,6.4812
10/3/2023,6.8846
10/4/2023,6.8093
10/5/2023,6.7907
10/6/2023,6.6903
10/9/2023,6.7447
10/10/2023,6.6368
10/11/2023,6.6016
10/12/2023,6.5067
10/13/2023,6.7084
10/16/2023,6.7539
10/17/2023,6.6545
10/18/2023,6.7265
10/19/2023,6.9229
10/20/2023,7.0206
10/24/2023,6.991
10/25/2023,6.9326
10/26/2023,6.991
10/27/2023,6.8942
10/30/2023,6.8374
10/31/2023,6.9326
11/1/2023,6.9423
11/2/2023,6.5067
11/3/2023,6.269
11/6/2023,6.3008
11/7/2023,6.5668
11/8/2023,6.4812
11/9/2023,6.3008
11/10/2023,6.456
11/13/2023,6.5237
11/14/2023,6.4227
11/15/2023,6.0777
11/16/2023,6.168
11/17/2023,6.2454
11/20/2023,6.4144
11/21/2023,6.269
11/22/2023,6.222
11/23/2023,6.1757
11/24/2023,6.2533
11/27/2023,6.3328
11/28/2023,6.4062
11/29/2023,6.3979
11/30/2023,6.4477
12/1/2023,6.4644
12/4/2023,6.4477
12/5/2023,6.5928
12/6/2023,6.5152
12/7/2023,6.5928
12/8/2023,6.5668
12/11/2023,6.5067
12/12/2023,6.4728
12/13/2023,6.4644
12/14/2023,6.1757
12/15/2023,5.9257
12/18/2023,5.947
12/19/2023,5.8491
12/20/2023,5.8491
12/21/2023,5.7346
12/22/2023,5.7611
12/27/2023,5.7148
12/28/2023,5.6757
12/29/2023,5.6757
1/2/2024,5.6887
1/3/2024,5.7214
1/4/2024,5.8014
1/5/2024,5.7545
1/8/2024,5.8491
1/9/2024,5.8218
1/10/2024,5.856
1/11/2024,5.8491
1/12/2024,5.8354
1/15/2024,5.8423
1/16/2024,5.8837
1/17/2024,6.168
1/18/2024,6.1075
1/19/2024,6.1528
1/22/2024,6.3979
1/23/2024,6.3571
1/24/2024,6.2848
1/25/2024,6.349
1/26/2024,6.3168
1/29/2024,6.3734
1/30/2024,6.3168
1/31/2024,6.349
2/1/2024,6.2928
2/2/2024,6.2533
2/5/2024,6.3328
2/6/2024,6.3168
2/7/2024,6.3008
2/8/2024,6.4812
2/9/2024,6.4982
2/14/2024,6.6635
2/15/2024,6.5495
2/16/2024,6.4477
2/19/2024,6.5841
2/20/2024,6.5495
2/21/2024,6.5067
2/22/2024,6.4812
2/23/2024,6.4644
2/26/2024,6.431
2/27/2024,6.5067
2/28/2024,6.3815
2/29/2024,6.3897
3/1/2024,6.5409
3/4/2024,6.5928
3/5/2024,6.7907
3/6/2024,6.8
3/7/2024,6.8
3/8/2024,6.7815
3/11/2024,6.7356
3/12/2024,6.628
3/13/2024,6.7447
3/14/2024,6.6993
3/15/2024,6.8093
3/18/2024,6.8751
3/19/2024,6.9617
3/20/2024,7.0305
3/21/2024,6.9326
3/22/2024,7.1723
3/25/2024,7.2349
3/26/2024,7.3524
3/27/2024,7.256
3/28/2024,7.8053
4/2/2024,7.8638
4/3/2024,7.7364
4/5/2024,7.7364
4/8/2024,7.602
4/9/2024,7.6352
4/10/2024,7.6352
4/11/2024,7.8756
4/12/2024,8.1568
4/15/2024,8.1442
4/16/2024,8.4048
4/17/2024,8.4589
4/18/2024,8.4863
4/19/2024,8.5138
4/22/2024,8.2986
4/23/2024,7.9712
4/24/2024,7.7592
4/25/2024,7.7478
4/26/2024,7.7478
4/29/2024,7.7707
4/30/2024,7.7592
5/2/2024,7.7137
5/3/2024,7.6798
5/6/2024,7.591
5/7/2024,7.5366
5/8/2024,7.5801
5/9/2024,7.5474
5/10/2024,7.4195
5/13/2024,7.2555
5/14/2024,7.2756
5/16/2024,7.2058
5/17/2024,7.2058
5/20/2024,7.0227
5/21/2024,7.2256
5/22/2024,7.5583
5/23/2024,7.8403
5/24/2024,7.9111
5/27/2024,7.8874
5/28/2024,7.852
5/29/2024,7.5692
5/30/2024,7.7364
5/31/2024,8.0076
6/3/2024,7.7592
6/4/2024,7.7364
6/5/2024,7.725
6/6/2024,7.7023
6/7/2024,7.7478
6/11/2024,8.1065
6/12/2024,8.1442
6/13/2024,8.0444
6/14/2024,8.0567
6/17/2024,8.094
6/18/2024,8.1568
6/19/2024,8.0321
6/20/2024,8.119
6/21/2024,8.2465
6/24/2024,8.2855
6/25/2024,8.3249
6/26/2024,8.2207
6/27/2024,8.755
6/28/2024,8.654
7/2/2024,8.7843
7/3/2024,8.6398
7/4/2024,8.5693
7/5/2024,8.6115
7/8/2024,8.7259
7/9/2024,8.7259
7/10/2024,8.7404
7/11/2024,8.4453
7/12/2024,7.935
7/15/2024,7.9591
7/16/2024,8.0815
7/17/2024,8.0198
7/18/2024,8.0321
7/19/2024,8.1695
7/22/2024,8.1442
7/23/2024,8.1822
7/24/2024,8.1695
7/25/2024,8.0815
7/26/2024,8.0815
7/29/2024,7.947
7/30/2024,8.0198
7/31/2024,7.9591
8/1/2024,7.7023
8/2/2024,7.8286
8/5/2024,7.6574
8/6/2024,7.602
8/7/2024,7.5583
8/8/2024,7.5258
8/9/2024,7.4936
8/12/2024,7.5366
8/13/2024,7.5258
8/14/2024,7.5043
8/15/2024,7.4936
8/16/2024,7.5583
8/19/2024,7.5366
8/20/2024,7.5474
8/21/2024,7.5692
8/22/2024,7.5043
8/23/2024,7.4936
8/26/2024,7.2058
8/27/2024,7.1664
8/28/2024,7.1959
8/29/2024,7.1372
8/30/2024,7.1179
9/2/2024,7.1469
9/3/2024,7.2256
9/4/2024,7.3162
9/5/2024,7.0605
9/9/2024,7.051
9/10/2024,7.051
9/11/2024,7.0605
9/12/2024,7.004
9/13/2024,6.9484
9/16/2024,6.8757
9/17/2024,6.7693
9/19/2024,6.7606
9/20/2024,6.6832
9/23/2024,6.7346
9/24/2024,6.8398
9/25/2024,6.7606
9/26/2024,6.7606
9/27/2024,6.591
9/30/2024,6.8143
10/2/2024,6.6285
10/3/2024,6.8317
10/4/2024,6.7797
10/7/2024,6.8317
10/8/2024,7.085
10/9/2024,7.0944
10/10/2024,6.9651
10/14/2024,6.956
10/15/2024,7.085
10/16/2024,7.0384
10/17/2024,7.057
10/18/2024,6.9924
10/21/2024,7.0107
10/22/2024,7.1228
10/23/2024,7.1898
10/24/2024,7.2977
10/25/2024,7.2581
10/28/2024,7.2679
10/29/2024,7.2482
10/30/2024,7.3077
10/31/2024,7.3782
11/1/2024,7.3478
11/4/2024,7.3077
11/5/2024,7.1995
11/6/2024,7.0292
11/7/2024,7.3377
11/8/2024,7.3478
11/11/2024,7.3478
11/12/2024,7.3579
11/13/2024,7.4294
11/14/2024,7.5341
11/15/2024,7.6091
11/18/2024,7.9365
11/19/2024,7.9958
11/20/2024,7.913
11/21/2024,7.9839
11/22/2024,8.1171
11/25/2024,8.0198
11/26/2024,7.9365
11/27/2024,7.8781
11/28/2024,7.9601
11/29/2024,7.9013
12/2/2024,7.8091
12/3/2024,7.7977
12/4/2024,7.7863
12/5/2024,7.8434
12/6/2024,7.8434
12/9/2024,7.7525
12/10/2024,7.8091
12/11/2024,7.8897
12/12/2024,7.9365
12/13/2024,7.9483
12/16/2024,7.9365
12/17/2024,8.0682
12/18/2024,8.0318
12/19/2024,8.2295
12/20/2024,8.3191
12/23/2024,8.2043
12/24/2024,8.1419
12/27/2024,8.1295
12/30/2024,8.1667
12/31/2024,8.1419
1/2/2025,8.1543
1/3/2025,8.0804
1/6/2025,8.0926
1/7/2025,8.1543
1/8/2025,8.2677
1/9/2025,8.3062
1/10/2025,8.3321
1/13/2025,8.5178
1/14/2025,8.4908
1/15/2025,8.545
1/16/2025,8.3581
1/17/2025,8.2422
1/20/2025,8.1295
1/21/2025,8.1543
1/22/2025,8.2805
1/23/2025,8.3843
1/24/2025,8.3581
1/27/2025,8.3581
1/28/2025,8.3321
2/3/2025,8.3321
2/4/2025,8.2933
2/5/2025,8.3581
2/6/2025,7.9839
2/7/2025,7.8434
2/10/2025,7.8319
2/11/2025,7.9601
2/12/2025,7.8434
2/13/2025,7.8781
2/14/2025,7.7525
2/17/2025,7.7078
2/18/2025,7.7078
2/19/2025,7.6746
2/20/2025,7.7078
2/21/2025,7.5983
2/24/2025,7.5875
2/25/2025,7.5554
2/26/2025,7.5024
2/27/2025,7.4709
2/28/2025,7.5875
3/3/2025,7.6417
3/4/2025,7.6417
3/5/2025,7.3377
3/6/2025,7.3579
3/7/2025,7.4089
3/10/2025,7.4501
3/11/2025,7.3077
3/12/2025,7.2581
3/13/2025,7.2092
3/14/2025,7.2581
3/17/2025,7.2778
3/18/2025,7.1898
3/19/2025,7.1323
3/20/2025,7.1513
3/21/2025,7.2092
3/24/2025,7.1801
3/25/2025,7.1039
3/26/2025,7.2581
3/27/2025,7.2877
3/28/2025,7.3176
3/31/2025,7.4819
4/1/2025,7.3705
4/2/2025,7.3605
4/3/2025,7.3705
4/7/2025,7.9632
4/8/2025,8.0574
4/9/2025,8.1907
4/10/2025,8.0813
4/11/2025,8.1784
4/14/2025,7.9982
4/15/2025,8.01
4/16/2025,7.9284
4/17/2025,7.7923
4/22/2025,7.8034
4/23/2025,7.6179
4/24/2025,7.65
4/25/2025,7.6286
4/28/2025,7.6073
4/29/2025,7.5755
4/30/2025,7.4922
5/2/2025,7.3805
5/6/2025,7.2721
5/7/2025,6.817
5/8/2025,6.8773
5/9/2025,6.7244
5/12/2025,6.6182
5/13/2025,6.6424
5/14/2025,6.7328
5/15/2025,6.8427
5/16/2025,6.8341
5/19/2025,6.7746
5/20/2025,6.6505
5/21/2025,6.6505
5/22/2025,6.8085
5/23/2025,6.7915
5/26/2025,6.6668
5/27/2025,6.6587
5/28/2025,6.6102
5/29/2025,6.6102
5/30/2025,6.5388
6/2/2025,6.6182
6/3/2025,6.5703
6/4/2025,6.6587
6/5/2025,6.5942
6/6/2025,6.5231
6/9/2025,6.4998
6/10/2025,6.4998
6/11/2025,6.4843
6/12/2025,6.4843
6/13/2025,6.4766
6/16/2025,6.4766
6/17/2025,6.4536
6/18/2025,6.6182
6/19/2025,6.6343
6/20/2025,6.5545
6/23/2025,6.3631
6/24/2025,6.3483
6/25/2025,6.2392
6/26/2025,6.4005
6/27/2025,6.408
6/30/2025,6.4998
7/2/2025,6.4536
7/3/2025,6.3188
7/4/2025,6.3557
7/7/2025,6.393
7/8/2025,6.4231
7/9/2025,6.408
7/10/2025,6.4231
7/11/2025,6.4612
7/14/2025,6.4536
7/15/2025,6.408
7/16/2025,6.4689
7/17/2025,6.4459
7/18/2025,6.4383
7/21/2025,6.4005
7/22/2025,6.2824
7/23/2025,6.3115
7/24/2025,6.2392
7/25/2025,6.2392
7/28/2025,6.1338
7/29/2025,6.12
7/30/2025,6.1338
7/31/2025,6.2036
8/1/2025,6.3483
8/4/2025,6.2867
8/5/2025,6.2463
8/6/2025,6.232
8/7/2025,6.1643
8/8/2025,6.1895
8/11/2025,6.1532
8/12/2025,6.2008
8/13/2025,6.1063
8/14/2025,6.3661
8/15/2025,6.4658
8/18/2025,6.6134
8/19/2025,6.5719
8/20/2025,6.5029
8/21/2025,6.475
8/22/2025,6.4413
8/25/2025,6.4171
8/26/2025,6.5278
8/27/2025,6.6006
8/28/2025,6.5529
8/29/2025,6.5719
9/1/2025,6.5435
9/2/2025,6.5974
9/3/2025,6.6263
9/4/2025,6.6522
9/5/2025,6.5624
9/8/2025,6.5309
9/9/2025,6.5091
9/10/2025,6.4905
9/11/2025,6.5029
9/12/2025,6.4322
9/15/2025,6.4812
9/16/2025,6.5153
9/17/2025,6.5561
9/18/2025,6.5974
9/19/2025,6.675
9/22/2025,6.7444
9/23/2025,6.7746
9/24/2025,6.7983
9/25/2025,6.8773
9/26/2025,6.853
9/29/2025,6.778
9/30/2025,6.6083
10/2/2025,6.5656
10/3/2025,6.5106
10/6/2025,6.5267
10/8/2025,6.5364
10/9/2025,6.4787
10/10/2025,6.4692
10/13/2025,6.5042
10/14/2025,6.5493
10/15/2025,6.4787
10/16/2025,6.5042
10/17/2025,6.6016
10/20/2025,6.466
10/21/2025,6.485
10/22/2025,6.5364
10/23/2025,6.5202
10/24/2025,6.485
10/27/2025,6.4946
10/28/2025,6.3971
10/30/2025,6.4471
10/31/2025,6.5299
11/3/2025,6.4314
11/4/2025,6.4408
11/5/2025,6.4283
11/6/2025,6.4033
11/7/2025,6.391
11/10/2025,6.3725
11/11/2025,6.3541
11/12/2025,6.2846
11/13/2025,6.2519
11/14/2025,6.2519
11/17/2025,6.2876
11/18/2025,6.3207
11/19/2025,6.3755
11/20/2025,6.8126
11/21/2025,7.363
11/24/2025,7.2221
11/25/2025,7.1868
11/26/2025,7.1441
11/27/2025,7.2025
11/28/2025,7.1673
12/1/2025,7.1286
12/2/2025,7.4042
12/3/2025,7.5265
12/4/2025,7.4923
12/5/2025,7.5523
12/8/2025,7.7019
12/9/2025,7.6352
12/10/2025,7.7199
12/11/2025,7.6795
12/12/2025,7.6001
12/15/2025,7.6617
12/16/2025,7.7289
12/17/2025,7.7154
12/18/2025,7.644
12/19/2025,7.5566
12/22/2025,7.622
12/23/2025,7.6132
12/24/2025,7.548
12/29/2025,7.6001
12/30/2025,7.5957
12/31/2025,7.6088
1/2/2026,7.5094
1/5/2026,7.6617
1/6/2026,7.7289
1/7/2026,7.644
1/8/2026,7.693
1/9/2026,7.6352
1/12/2026,7.622
1/13/2026,7.6001
1/14/2026,7.6044
1/15/2026,7.5566
1/16/2026,7.5179
1/19/2026,7.5009
1/20/2026,7.4585
1/21/2026,7.5394
1/22/2026,7.4669
