Effective date ,S&P GSCI Gold 12 Month Forward
10/30/2015,83.26
11/2/2015,82.86
11/3/2015,81.28
11/4/2015,80.71
11/5/2015,80.58
11/6/2015,79.43
11/9/2015,79.48
11/10/2015,79.52
11/11/2015,79.24
11/12/2015,78.97
11/13/2015,78.97
11/16/2015,79.17
11/17/2015,78.06
11/18/2015,78.06
11/19/2015,78.72
11/20/2015,78.59
11/23/2015,77.89
11/24/2015,78.39
11/25/2015,78.14
11/27/2015,77.15
11/30/2015,77.84
12/1/2015,77.7
12/2/2015,76.99
12/3/2015,77.55
12/4/2015,79.2
12/7/2015,78.55
12/8/2015,78.56
12/9/2015,78.64
12/10/2015,78.3
12/11/2015,78.56
12/14/2015,77.66
12/15/2015,77.54
12/16/2015,78.66
12/17/2015,76.69
12/18/2015,77.81
12/21/2015,78.96
12/22/2015,78.48
12/23/2015,78.05
12/24/2015,78.61
12/28/2015,78.04
12/29/2015,78.03
12/30/2015,77.42
12/31/2015,77.44
1/4/2016,78.52
1/5/2016,78.74
1/6/2016,79.73
1/7/2016,80.87
1/8/2016,80.15
1/11/2016,79.99
1/12/2016,79.18
1/13/2016,79.34
1/14/2016,78.33
1/15/2016,79.54
1/19/2016,79.41
1/20/2016,80.63
1/21/2016,80.03
1/22/2016,79.94
1/25/2016,80.65
1/26/2016,81.73
1/27/2016,81.45
1/28/2016,81.42
1/29/2016,81.39
2/1/2016,82.23
2/2/2016,82.16
2/3/2016,83.18
2/4/2016,84.39
2/5/2016,84.4
2/8/2016,87.32
2/9/2016,87.35
2/10/2016,87.06
2/11/2016,90.89
2/12/2016,90.25
2/16/2016,87.98
2/17/2016,88.25
2/18/2016,89.36
2/19/2016,89.69
2/22/2016,88.18
2/23/2016,89.1
2/24/2016,90.32
2/25/2016,90.31
2/26/2016,88.99
2/29/2016,90.03
3/1/2016,89.78
3/2/2016,90.59
3/3/2016,91.83
3/4/2016,92.76
3/7/2016,92.31
3/8/2016,92.25
3/9/2016,91.86
3/10/2016,93.02
3/11/2016,92.09
3/14/2016,91.06
3/15/2016,90.03
3/16/2016,89.96
3/17/2016,92.49
3/18/2016,91.69
3/21/2016,91.01
3/22/2016,91.4
3/23/2016,89.6
3/24/2016,89.48
3/28/2016,89.37
3/29/2016,90.51
3/30/2016,89.85
3/31/2016,90.35
4/1/2016,89.47
4/4/2016,89.16
4/5/2016,89.9
4/6/2016,89.47
4/7/2016,90.48
4/8/2016,90.96
4/11/2016,92.04
4/12/2016,92.28
4/13/2016,91.37
4/14/2016,89.77
4/15/2016,90.36
4/18/2016,90.4
4/19/2016,91.83
4/20/2016,91.86
4/21/2016,91.58
4/22/2016,90.09
4/25/2016,90.83
4/26/2016,91.07
4/27/2016,91.6
4/28/2016,92.77
4/29/2016,94.56
5/2/2016,94.99
5/3/2016,94.66
5/4/2016,93.38
5/5/2016,93.23
5/6/2016,94.88
5/9/2016,92.92
5/10/2016,92.83
5/11/2016,93.67
5/12/2016,93.34
5/13/2016,93.46
5/16/2016,93.59
5/17/2016,93.81
5/18/2016,93.7
5/19/2016,92.31
5/20/2016,92.26
5/23/2016,92.18
5/24/2016,90.52
5/25/2016,90.12
5/26/2016,89.85
5/27/2016,89.41
5/31/2016,89.52
6/1/2016,89.33
6/2/2016,89.16
6/3/2016,91.33
6/6/2016,91.68
6/7/2016,91.63
6/8/2016,92.77
6/9/2016,93.55
6/10/2016,93.82
6/13/2016,94.63
6/14/2016,94.71
6/15/2016,94.74
6/16/2016,95.51
6/17/2016,95.29
6/20/2016,95.11
6/21/2016,93.67
6/22/2016,93.49
6/23/2016,92.98
6/24/2016,97.28
6/27/2016,97.44
6/28/2016,96.98
6/29/2016,97.63
6/30/2016,97.17
7/1/2016,98.55
7/5/2016,100
7/6/2016,100.63
7/7/2016,100.26
7/8/2016,100.08
7/11/2016,100.06
7/12/2016,98.6
7/13/2016,99.28
7/14/2016,98.53
7/15/2016,98.2
7/18/2016,98.34
7/19/2016,98.56
7/20/2016,97.63
7/21/2016,98.51
7/22/2016,98
7/25/2016,97.69
7/26/2016,97.77
7/27/2016,98.26
7/28/2016,98.75
7/29/2016,99.97
8/1/2016,100.11
8/2/2016,101.08
8/3/2016,100.62
8/4/2016,100.87
8/5/2016,99.25
8/8/2016,99.04
8/9/2016,99.43
8/10/2016,99.79
8/11/2016,99.63
8/12/2016,99.11
8/15/2016,99.38
8/16/2016,99.99
8/17/2016,99.38
8/18/2016,100
8/19/2016,99.2
8/22/2016,98.99
8/23/2016,99.18
8/24/2016,97.92
8/25/2016,97.45
8/26/2016,97.42
8/29/2016,97.51
8/30/2016,96.8
8/31/2016,96.42
9/1/2016,96.81
9/2/2016,97.47
9/6/2016,99.45
9/7/2016,99.16
9/8/2016,98.64
9/9/2016,98.12
9/12/2016,97.49
9/13/2016,97.39
9/14/2016,97.58
9/15/2016,96.98
9/16/2016,96.41
9/19/2016,96.94
9/20/2016,96.99
9/21/2016,97.97
9/22/2016,98.95
9/23/2016,98.73
9/26/2016,98.96
9/27/2016,97.96
9/28/2016,97.48
9/29/2016,97.66
9/30/2016,97.02
10/3/2016,96.7
10/4/2016,93.51
10/5/2016,93.46
10/6/2016,92.29
10/7/2016,92.21
10/10/2016,92.88
10/11/2016,92.56
10/12/2016,92.43
10/13/2016,92.76
10/14/2016,92.62
10/17/2016,92.72
10/18/2016,93.22
10/19/2016,93.72
10/20/2016,93.56
10/21/2016,93.53
10/24/2016,93.11
10/25/2016,93.86
10/26/2016,93.35
10/27/2016,93.59
10/28/2016,94.1
10/31/2016,93.86
11/1/2016,94.97
11/2/2016,96.42
11/3/2016,96.11
11/4/2016,96.25
11/7/2016,94.44
11/8/2016,94.1
11/9/2016,94.07
11/10/2016,93.46
11/11/2016,90.31
11/14/2016,90.12
11/15/2016,90.39
11/16/2016,90.35
11/17/2016,89.79
11/18/2016,89.23
11/21/2016,89.31
11/22/2016,89.4
11/23/2016,87.87
11/25/2016,87.04
11/28/2016,87.99
11/29/2016,87.77
11/30/2016,86.53
12/1/2016,86.18
12/2/2016,86.81
12/5/2016,86.71
12/6/2016,86.23
12/7/2016,86.77
12/8/2016,86.47
12/9/2016,85.68
12/12/2016,85.97
12/13/2016,85.46
12/14/2016,85.8
12/15/2016,83.36
12/16/2016,83.92
12/19/2016,84.29
12/20/2016,83.65
12/21/2016,83.61
12/22/2016,83.42
12/23/2016,83.63
12/27/2016,84
12/28/2016,84.16
12/29/2016,85.41
12/30/2016,84.92
1/3/2017,85.66
1/4/2017,85.86
1/5/2017,86.99
1/6/2017,86.46
1/9/2017,87.37
1/10/2017,87.48
1/11/2017,88.39
1/12/2017,88.69
1/13/2017,88.46
1/17/2017,89.68
1/18/2017,89.58
1/19/2017,88.81
1/20/2017,89.08
1/23/2017,89.87
1/24/2017,89.54
1/25/2017,88.6
1/26/2017,88
1/27/2017,87.91
1/30/2017,88.28
1/31/2017,89.39
2/1/2017,89.16
2/2/2017,89.97
2/3/2017,90.09
2/6/2017,90.91
2/7/2017,91.19
2/8/2017,91.41
2/9/2017,91.22
2/10/2017,91.15
2/13/2017,90.43
2/14/2017,90.42
2/15/2017,91.01
2/16/2017,91.63
2/17/2017,91.41
2/21/2017,91.4
2/22/2017,90.97
2/23/2017,92.27
2/24/2017,92.77
2/27/2017,92.82
2/28/2017,92.46
3/1/2017,92.21
3/2/2017,90.96
3/3/2017,90.52
3/6/2017,90.44
3/7/2017,89.81
3/8/2017,89.4
3/9/2017,89
3/10/2017,88.93
3/13/2017,89.13
3/14/2017,89.09
3/15/2017,88.94
3/16/2017,90.86
3/17/2017,91.07
3/20/2017,91.36
3/21/2017,92.25
3/22/2017,92.47
3/23/2017,92.26
3/24/2017,92.4
3/27/2017,92.91
3/28/2017,92.92
3/29/2017,92.77
3/30/2017,92.13
3/31/2017,92.36
4/3/2017,92.57
4/4/2017,92.87
4/5/2017,92.16
4/6/2017,92.51
4/7/2017,92.82
4/10/2017,92.57
4/11/2017,94.04
4/12/2017,94.32
4/13/2017,95.05
4/17/2017,95.29
4/18/2017,95.42
4/19/2017,94.66
4/20/2017,94.71
4/21/2017,95.1
4/24/2017,94.27
4/25/2017,93.56
4/26/2017,93.34
4/27/2017,93.46
4/28/2017,93.64
5/1/2017,92.71
5/2/2017,92.82
5/3/2017,92.2
5/4/2017,90.73
5/5/2017,90.68
5/8/2017,90.74
5/9/2017,90
5/10/2017,90.26
5/11/2017,90.7
5/12/2017,90.91
5/15/2017,91.08
5/16/2017,91.55
5/17/2017,93.14
5/18/2017,92.71
5/19/2017,92.76
5/22/2017,93.35
5/23/2017,92.92
5/24/2017,92.74
5/25/2017,93.01
5/26/2017,93.84
5/30/2017,93.44
5/31/2017,94.14
6/1/2017,93.75
6/2/2017,94.49
6/5/2017,94.68
6/6/2017,95.74
6/7/2017,95.42
6/8/2017,94.43
6/9/2017,93.85
6/12/2017,93.67
6/13/2017,93.65
6/14/2017,94.17
6/15/2017,92.61
6/16/2017,92.75
6/19/2017,92.05
6/20/2017,91.81
6/21/2017,91.98
6/22/2017,92.24
6/23/2017,92.77
6/26/2017,92.05
6/27/2017,92.09
6/28/2017,92.26
6/29/2017,92.04
6/30/2017,91.77
7/3/2017,90.09
7/5/2017,90.3
7/6/2017,90.43
7/7/2017,89.44
7/10/2017,89.81
7/11/2017,90.04
7/12/2017,90.42
7/13/2017,90.33
7/14/2017,91.17
7/17/2017,91.65
7/18/2017,92.24
7/19/2017,92.25
7/20/2017,92.5
7/21/2017,93.14
7/24/2017,93.1
7/25/2017,92.94
7/26/2017,92.73
7/27/2017,93.52
7/28/2017,94.17
7/31/2017,94.03
8/1/2017,94.45
8/2/2017,94.39
8/3/2017,94.11
8/4/2017,93.39
8/7/2017,93.41
8/8/2017,93.3
8/9/2017,94.5
8/10/2017,95.29
8/11/2017,95.55
8/14/2017,95.31
8/15/2017,94.54
8/16/2017,94.78
8/17/2017,95.46
8/18/2017,95.38
8/21/2017,95.77
8/22/2017,95.37
8/23/2017,95.61
8/24/2017,95.4
8/25/2017,95.83
8/28/2017,97.12
8/29/2017,97.39
8/30/2017,97.04
8/31/2017,97.6
9/1/2017,98.22
9/5/2017,99.27
9/6/2017,98.88
9/7/2017,99.76
9/8/2017,99.86
9/11/2017,98.75
9/12/2017,98.51
9/13/2017,98.17
9/14/2017,98.31
9/15/2017,98.01
9/18/2017,96.94
9/19/2017,96.92
9/20/2017,97.33
9/21/2017,95.76
9/22/2017,95.96
9/25/2017,96.98
9/26/2017,96.27
9/27/2017,95.29
9/28/2017,95.34
9/29/2017,95.07
10/2/2017,94.41
10/3/2017,94.32
10/4/2017,94.48
10/5/2017,94.23
10/6/2017,94.35
10/9/2017,95.11
10/10/2017,95.76
10/11/2017,95.4
10/12/2017,95.97
10/13/2017,96.56
10/16/2017,96.47
10/17/2017,95.22
10/18/2017,94.99
10/19/2017,95.47
10/20/2017,94.76
10/23/2017,94.82
10/24/2017,94.62
10/25/2017,94.69
10/26/2017,94.01
10/27/2017,94.15
10/30/2017,94.57
10/31/2017,94.06
11/1/2017,94.56
11/2/2017,94.62
11/3/2017,93.99
11/6/2017,94.91
11/7/2017,94.55
11/8/2017,95.22
11/9/2017,95.59
11/10/2017,94.69
11/13/2017,95.13
11/14/2017,95.41
11/15/2017,95.01
11/16/2017,95.06
11/17/2017,96.41
11/20/2017,94.89
11/21/2017,95.39
11/22/2017,96.16
11/24/2017,95.79
11/27/2017,96.32
11/28/2017,96.34
11/29/2017,95.42
11/30/2017,94.74
12/1/2017,95.14
12/4/2017,94.79
12/5/2017,93.86
12/6/2017,93.94
12/7/2017,92.98
12/8/2017,92.64
12/11/2017,92.54
12/12/2017,92.18
12/13/2017,92.66
12/14/2017,93.29
12/15/2017,93.3
12/18/2017,93.88
12/19/2017,93.81
12/20/2017,94.22
12/21/2017,94.28
12/22/2017,94.89
12/26/2017,95.53
12/27/2017,95.8
12/28/2017,96.27
12/29/2017,97.18
1/2/2018,97.71
1/3/2018,97.92
1/4/2018,98.13
1/5/2018,98.2
1/8/2018,98.15
1/9/2018,97.73
1/10/2018,98.25
1/11/2018,98.56
1/12/2018,99.63
1/16/2018,99.81
1/17/2018,100.01
1/18/2018,99.1
1/19/2018,99.6
1/22/2018,99.57
1/23/2018,99.87
1/24/2018,101.4
1/25/2018,101.87
1/26/2018,101.07
1/29/2018,100.16
1/30/2018,99.79
1/31/2018,100.02
2/1/2018,100.34
2/2/2018,99.58
2/5/2018,99.51
2/6/2018,98.97
2/7/2018,97.9
2/8/2018,98.2
2/9/2018,97.95
2/12/2018,98.71
2/13/2018,98.99
2/14/2018,101.03
2/15/2018,100.91
2/16/2018,101.01
2/20/2018,99.2
2/21/2018,99.3
2/22/2018,99.35
2/23/2018,99.19
2/26/2018,99.44
2/27/2018,98.45
2/28/2018,98.4
3/1/2018,97.44
3/2/2018,98.77
3/5/2018,98.51
3/6/2018,99.61
3/7/2018,99.13
3/8/2018,98.82
3/9/2018,99.09
3/12/2018,98.95
3/13/2018,99.51
3/14/2018,99.4
3/15/2018,98.82
3/16/2018,98.43
3/19/2018,98.82
3/20/2018,98.41
3/21/2018,99.17
3/22/2018,99.57
3/23/2018,101.23
3/26/2018,101.64
3/27/2018,100.68
3/28/2018,99.37
3/29/2018,99.16
4/2/2018,100.6
4/3/2018,99.92
4/4/2018,100.13
4/5/2018,99.28
4/6/2018,99.85
4/9/2018,100.12
4/10/2018,100.55
4/11/2018,101.6
4/12/2018,100.26
4/13/2018,100.72
4/16/2018,100.92
4/17/2018,100.82
4/18/2018,101.13
4/19/2018,100.79
4/20/2018,100.02
4/23/2018,98.98
4/24/2018,99.65
4/25/2018,98.9
4/26/2018,98.55
4/27/2018,98.96
4/30/2018,98.63
5/1/2018,97.71
5/2/2018,97.63
5/3/2018,98.14
5/4/2018,98.31
5/7/2018,98.37
5/8/2018,98.44
5/9/2018,98.47
5/10/2018,99.24
5/11/2018,99.21
5/14/2018,99.01
5/15/2018,96.97
5/16/2018,97.08
5/17/2018,96.92
5/18/2018,97.02
5/21/2018,97
5/22/2018,97.1
5/23/2018,96.91
5/24/2018,97.99
5/25/2018,97.92
5/29/2018,97.48
5/30/2018,97.67
5/31/2018,97.55
6/1/2018,97.18
6/4/2018,97.04
6/5/2018,97.39
6/6/2018,97.32
6/7/2018,97.4
6/8/2018,97.4
6/11/2018,97.48
6/12/2018,97.21
6/13/2018,97.35
6/14/2018,97.86
6/15/2018,95.61
6/18/2018,95.74
6/19/2018,95.61
6/20/2018,95.32
6/21/2018,95
6/22/2018,95.01
6/25/2018,94.88
6/26/2018,94.2
6/27/2018,93.91
6/28/2018,93.51
6/29/2018,93.78
7/2/2018,92.79
7/3/2018,93.67
7/5/2018,94.04
7/6/2018,93.84
7/9/2018,94.33
7/10/2018,94.24
7/11/2018,93.58
7/12/2018,93.92
7/13/2018,93.7
7/16/2018,93.59
7/17/2018,92.65
7/18/2018,92.68
7/19/2018,92.34
7/20/2018,92.81
7/23/2018,92.37
7/24/2018,92.37
7/25/2018,92.8
7/26/2018,92.4
7/27/2018,92.21
7/30/2018,92.12
7/31/2018,92.27
8/1/2018,91.85
8/2/2018,91.28
8/3/2018,91.52
8/6/2018,91.11
8/7/2018,91.15
8/8/2018,91.34
8/9/2018,91.27
8/10/2018,91.18
8/13/2018,89.69
8/14/2018,89.82
8/15/2018,88.65
8/16/2018,88.57
8/17/2018,88.58
8/20/2018,89.33
8/21/2018,89.71
8/22/2018,89.95
8/23/2018,89.24
8/24/2018,90.68
8/27/2018,90.9
8/28/2018,90.78
8/29/2018,90.56
8/30/2018,90.05
8/31/2018,90.16
9/4/2018,89.62
9/5/2018,89.79
9/6/2018,90.02
9/7/2018,89.76
9/10/2018,89.72
9/11/2018,89.91
9/12/2018,90.56
9/13/2018,90.36
9/14/2018,89.84
9/17/2018,90.17
9/18/2018,89.96
9/19/2018,90.38
9/20/2018,90.59
9/21/2018,89.86
9/24/2018,90.09
9/25/2018,90.14
9/26/2018,89.68
9/27/2018,88.81
9/28/2018,89.45
10/1/2018,89.14
10/2/2018,90.28
10/3/2018,89.99
10/4/2018,89.9
10/5/2018,90.24
10/8/2018,88.99
10/9/2018,89.2
10/10/2018,89.31
10/11/2018,91.83
10/12/2018,91.4
10/15/2018,92.04
10/16/2018,92.07
10/17/2018,91.79
10/18/2018,92.02
10/19/2018,91.92
10/22/2018,91.63
10/23/2018,92.52
10/24/2018,92.09
10/25/2018,92.19
10/26/2018,92.43
10/29/2018,91.81
10/30/2018,91.65
10/31/2018,90.87
11/1/2018,92.61
11/2/2018,92.26
11/5/2018,92.19
11/6/2018,91.76
11/7/2018,92.02
11/8/2018,91.86
11/9/2018,90.72
11/12/2018,90.42
11/13/2018,90.35
11/14/2018,90.98
11/15/2018,91.38
11/16/2018,91.91
11/19/2018,92.1
11/20/2018,91.8
11/21/2018,92.32
11/23/2018,91.98
11/26/2018,91.96
11/27/2018,91.28
11/28/2018,92
11/29/2018,92.05
11/30/2018,91.73
12/3/2018,92.73
12/4/2018,93.25
12/5/2018,92.96
12/6/2018,93.03
12/7/2018,93.7
12/10/2018,93.43
12/11/2018,93.3
12/12/2018,93.51
12/13/2018,93.32
12/14/2018,92.87
12/17/2018,93.62
12/18/2018,93.71
12/19/2018,93.91
12/20/2018,94.77
12/21/2018,94.04
12/24/2018,95.05
12/26/2018,95.15
12/27/2018,95.74
12/28/2018,95.88
12/31/2018,95.79
1/2/2019,95.99
1/3/2019,96.78
1/4/2019,96.15
1/7/2019,96.46
1/8/2019,96.24
1/9/2019,96.77
1/10/2019,96.55
1/11/2019,96.77
1/14/2019,97.01
1/15/2019,96.75
1/16/2019,97.16
1/17/2019,97.05
1/18/2019,96.34
1/22/2019,96.36
1/23/2019,96.43
1/24/2019,96.11
1/25/2019,97.44
1/28/2019,97.87
1/29/2019,98.27
1/30/2019,98.31
1/31/2019,98.98
2/1/2019,98.75
2/4/2019,98.55
2/5/2019,98.58
2/6/2019,98.22
2/7/2019,98.21
2/8/2019,98.51
2/11/2019,98.03
2/12/2019,98.18
2/13/2019,98.27
2/14/2019,98.16
2/15/2019,98.74
2/19/2019,100.39
2/20/2019,100.61
2/21/2019,99.14
2/22/2019,99.52
2/25/2019,99.27
2/26/2019,99.2
2/27/2019,98.66
2/28/2019,98.28
3/1/2019,97.04
3/4/2019,96.18
3/5/2019,95.98
3/6/2019,96.19
3/7/2019,96.15
3/8/2019,97.22
3/11/2019,96.69
3/12/2019,97.26
3/13/2019,98.18
3/14/2019,97.12
3/15/2019,97.68
3/18/2019,97.6
3/19/2019,97.98
3/20/2019,97.6
3/21/2019,98
3/22/2019,98.35
3/25/2019,99.09
3/26/2019,98.53
3/27/2019,98.17
3/28/2019,96.62
3/29/2019,96.88
4/1/2019,96.59
4/2/2019,96.67
4/3/2019,96.67
4/4/2019,96.59
4/5/2019,96.7
4/8/2019,97.16
4/9/2019,97.63
4/10/2019,98.03
4/11/2019,96.54
4/12/2019,96.73
4/15/2019,96.44
4/16/2019,95.4
4/17/2019,95.35
4/18/2019,95.3
4/22/2019,95.42
4/23/2019,95.08
4/24/2019,95.53
4/25/2019,95.55
4/26/2019,96.2
4/29/2019,95.65
4/30/2019,95.95
5/1/2019,95.85
5/2/2019,94.97
5/3/2019,95.66
5/6/2019,95.83
5/7/2019,96.04
5/8/2019,95.79
5/9/2019,96.14
5/10/2019,96.37
5/13/2019,97.4
5/14/2019,96.97
5/15/2019,97.05
5/16/2019,96.23
5/17/2019,95.46
5/20/2019,95.58
5/21/2019,95.29
5/22/2019,95.37
5/23/2019,96.14
5/24/2019,96.01
5/28/2019,95.53
5/29/2019,95.76
5/30/2019,96.22
5/31/2019,97.5
6/3/2019,98.63
6/4/2019,98.71
6/5/2019,99
6/6/2019,99.6
6/7/2019,99.85
6/10/2019,98.72
6/11/2019,98.87
6/12/2019,99.22
6/13/2019,99.72
6/14/2019,99.78
6/17/2019,99.64
6/18/2019,100.21
6/19/2019,100.06
6/20/2019,103.4
6/21/2019,103.63
6/24/2019,104.95
6/25/2019,104.98
6/26/2019,104.75
6/27/2019,104.51
6/28/2019,104.67
7/1/2019,102.97
7/2/2019,104.36
7/3/2019,105.32
7/5/2019,103.89
7/8/2019,104.04
7/9/2019,104.2
7/10/2019,105.19
7/11/2019,104.91
7/12/2019,105.41
7/15/2019,105.51
7/16/2019,105.36
7/17/2019,106.25
7/18/2019,106.59
7/19/2019,106.47
7/22/2019,106.5
7/23/2019,106.13
7/24/2019,106.28
7/25/2019,105.66
7/26/2019,106.1
7/29/2019,106.19
7/30/2019,106.82
7/31/2019,106.53
8/1/2019,106.18
8/2/2019,107.91
8/5/2019,109.16
8/6/2019,109.68
8/7/2019,112.21
8/8/2019,111.52
8/9/2019,111.48
8/12/2019,112.1
8/13/2019,111.93
8/14/2019,112.9
8/15/2019,113.09
8/16/2019,112.55
8/19/2019,111.68
8/20/2019,111.97
8/21/2019,111.99
8/22/2019,111.47
8/23/2019,113.59
8/26/2019,113.56
8/27/2019,114.64
8/28/2019,114.44
8/29/2019,113.62
8/30/2019,113.13
9/3/2019,115.02
9/4/2019,115.32
9/5/2019,112.82
9/6/2019,112.12
9/9/2019,111.85
9/10/2019,111.02
9/11/2019,111.33
9/12/2019,111.72
9/13/2019,111.2
9/16/2019,112.05
9/17/2019,112.18
9/18/2019,112.32
9/19/2019,111.62
9/20/2019,112.26
9/23/2019,113.45
9/24/2019,114.07
9/25/2019,112.03
9/26/2019,112.24
9/27/2019,111.6
9/30/2019,109.14
10/1/2019,110.28
10/2/2019,111.65
10/3/2019,111.97
10/4/2019,111.93
10/7/2019,111.33
10/8/2019,111.29
10/9/2019,111.96
10/10/2019,111.13
10/11/2019,110.27
10/14/2019,110.94
10/15/2019,109.93
10/16/2019,110.67
10/17/2019,110.99
10/18/2019,110.64
10/21/2019,110.23
10/22/2019,110.18
10/23/2019,110.78
10/24/2019,111.44
10/25/2019,111.52
10/28/2019,110.85
10/29/2019,110.47
10/30/2019,110.9
10/31/2019,112.17
11/1/2019,111.97
11/4/2019,112
11/5/2019,110.03
11/6/2019,110.71
11/7/2019,108.86
11/8/2019,108.81
11/11/2019,108.27
11/12/2019,108.06
11/13/2019,108.84
11/14/2019,109.56
11/15/2019,109.21
11/18/2019,109.45
11/19/2019,109.61
11/20/2019,109.58
11/21/2019,108.81
11/22/2019,108.84
11/25/2019,108.39
11/26/2019,108.6
11/27/2019,108.15
11/29/2019,109.03
12/2/2019,108.78
12/3/2019,109.91
12/4/2019,109.61
12/5/2019,109.83
12/6/2019,108.56
12/9/2019,108.56
12/10/2019,108.8
12/11/2019,109.3
12/12/2019,109.11
12/13/2019,109.79
12/16/2019,109.79
12/17/2019,109.79
12/18/2019,109.61
12/19/2019,110.02
12/20/2019,109.76
12/23/2019,110.35
12/24/2019,111.52
12/26/2019,112.23
12/27/2019,112.53
12/30/2019,112.61
12/31/2019,112.98
1/2/2020,113.31
1/3/2020,115.09
1/6/2020,116.3
1/7/2020,116.7
1/8/2020,115.68
1/9/2020,115.33
1/10/2020,115.79
1/13/2020,115.15
1/14/2020,114.76
1/15/2020,115.42
1/16/2020,115.16
1/17/2020,115.91
1/21/2020,115.74
1/22/2020,115.64
1/23/2020,116.27
1/24/2020,116.78
1/27/2020,117.18
1/28/2020,116.62
1/29/2020,116.72
1/30/2020,117.63
1/31/2020,117.55
2/3/2020,117.18
2/4/2020,115.28
2/5/2020,115.8
2/6/2020,116.33
2/7/2020,116.57
2/10/2020,116.96
2/11/2020,116.28
2/12/2020,116.35
2/13/2020,116.88
2/14/2020,117.39
2/18/2020,118.62
2/19/2020,119.23
2/20/2020,119.86
2/21/2020,121.91
2/24/2020,123.92
2/25/2020,121.96
2/26/2020,121.38
2/27/2020,121.25
2/28/2020,115.49
3/2/2020,117.31
3/3/2020,120.9
3/4/2020,120.7
3/5/2020,122.42
3/6/2020,122.58
3/9/2020,122.63
3/10/2020,121.57
3/11/2020,120.26
3/12/2020,116.52
3/13/2020,111.14
3/16/2020,108.84
3/17/2020,111.83
3/18/2020,108.44
3/19/2020,108.63
3/20/2020,108.94
3/23/2020,115.25
3/24/2020,121.13
3/25/2020,118.93
3/26/2020,121.06
3/27/2020,120.53
3/30/2020,119.68
3/31/2020,116.3
4/1/2020,115.93
4/2/2020,119.22
4/3/2020,119.76
4/6/2020,123.09
4/7/2020,122.32
4/8/2020,122.36
4/9/2020,127.43
4/13/2020,128.1
4/14/2020,128.75
4/15/2020,126.91
4/16/2020,126.27
4/17/2020,123.82
4/20/2020,124.72
4/21/2020,123.04
4/22/2020,126.79
4/23/2020,127.37
4/24/2020,126.72
4/27/2020,125.99
4/28/2020,125.98
4/29/2020,125.37
4/30/2020,124.13
5/1/2020,124.7
5/4/2020,126.11
5/5/2020,126.25
5/6/2020,124.61
5/7/2020,127.5
5/8/2020,126.87
5/11/2020,125.72
5/12/2020,126.26
5/13/2020,126.93
5/14/2020,128.65
5/15/2020,129.77
5/18/2020,128.44
5/19/2020,129.34
5/20/2020,129.91
5/21/2020,127.6
5/22/2020,128.65
5/26/2020,126.84
5/27/2020,126.9
5/28/2020,127.16
5/29/2020,128.87
6/1/2020,128.86
6/2/2020,127.83
6/3/2020,125.89
6/4/2020,127.81
6/5/2020,124.67
6/8/2020,126.3
6/9/2020,127.5
6/10/2020,127.39
6/11/2020,128.68
6/12/2020,128.45
6/15/2020,127.75
6/16/2020,128.46
6/17/2020,128.4
6/18/2020,128
6/19/2020,129.47
6/22/2020,130.38
6/23/2020,131.47
6/24/2020,131.14
6/25/2020,130.83
6/26/2020,131.55
6/29/2020,131.68
6/30/2020,133.18
7/1/2020,131.84
7/2/2020,132.58
7/6/2020,133.01
7/7/2020,134.53
7/8/2020,136
7/9/2020,134.82
7/10/2020,134.74
7/13/2020,135.77
7/14/2020,135.7
7/15/2020,135.69
7/16/2020,134.58
7/17/2020,135.08
7/20/2020,135.56
7/21/2020,137.84
7/22/2020,139.85
7/23/2020,141.93
7/24/2020,142.69
7/27/2020,144.99
7/28/2020,145.6
7/29/2020,146.42
7/30/2020,145.67
7/31/2020,147.14
8/3/2020,147.21
8/4/2020,149.75
8/5/2020,151.96
8/6/2020,153.55
8/7/2020,150.49
8/10/2020,151.3
8/11/2020,144.27
8/12/2020,144.3
8/13/2020,145.89
8/14/2020,144.3
8/17/2020,147.55
8/18/2020,148.57
8/19/2020,145.36
8/20/2020,143.66
8/21/2020,143.69
8/24/2020,143.16
8/25/2020,141.91
8/26/2020,144.03
8/27/2020,142.46
8/28/2020,145.2
8/31/2020,145.79
9/1/2020,145.78
9/2/2020,143.24
9/3/2020,142.59
9/4/2020,142.31
9/8/2020,142.94
9/9/2020,143.75
9/10/2020,144.53
9/11/2020,143.4
9/14/2020,144.6
9/15/2020,144.78
9/16/2020,145.1
9/17/2020,143.52
9/18/2020,144.41
9/21/2020,140.64
9/22/2020,140.46
9/23/2020,137.5
9/24/2020,138.05
9/25/2020,137.31
9/28/2020,138.49
9/29/2020,140.02
9/30/2020,139.47
10/1/2020,140.96
10/2/2020,140.32
10/5/2020,141.24
10/6/2020,140.46
10/7/2020,139.24
10/8/2020,139.64
10/9/2020,141.88
10/12/2020,142.09
10/13/2020,139.62
10/14/2020,140.58
10/15/2020,140.63
10/16/2020,140.46
10/19/2020,140.81
10/20/2020,141.06
10/21/2020,142.07
10/22/2020,140.29
10/23/2020,140.37
10/26/2020,140.43
10/27/2020,140.87
10/28/2020,138.46
10/29/2020,137.59
10/30/2020,138.42
11/2/2020,139.35
11/3/2020,140.63
11/4/2020,139.64
11/5/2020,143.37
11/6/2020,143.83
11/9/2020,136.73
11/10/2020,138.41
11/11/2020,137.28
11/12/2020,138.24
11/13/2020,139.19
11/16/2020,139.11
11/17/2020,138.83
11/18/2020,137.82
11/19/2020,136.97
11/20/2020,137.76
11/23/2020,135.32
11/24/2020,132.88
11/25/2020,132.77
11/27/2020,131.12
11/30/2020,130.57
12/1/2020,133.28
12/2/2020,134.01
12/3/2020,134.77
12/4/2020,134.81
12/7/2020,136.68
12/8/2020,137.29
12/9/2020,134.63
12/10/2020,134.58
12/11/2020,135.03
12/14/2020,134.25
12/15/2020,135.92
12/16/2020,136.12
12/17/2020,138.39
12/18/2020,138.32
12/21/2020,137.91
12/22/2020,137.05
12/23/2020,137.61
12/24/2020,138.03
12/28/2020,137.89
12/29/2020,138.09
12/30/2020,138.89
12/31/2020,139.05
1/4/2021,142.88
1/5/2021,143.48
1/6/2021,140.15
1/7/2021,140.42
1/8/2021,134.75
1/11/2021,135.9
1/12/2021,135.42
1/13/2021,136.21
1/14/2021,135.99
1/15/2021,134.34
1/19/2021,134.95
1/20/2021,136.81
1/21/2021,136.73
1/22/2021,136.06
1/25/2021,136.01
1/26/2021,135.72
1/27/2021,135.28
1/28/2021,134.68
1/29/2021,135.28
2/1/2021,136.15
2/2/2021,134.09
2/3/2021,134.23
2/4/2021,131.02
2/5/2021,132.63
2/8/2021,134.04
2/9/2021,134.32
2/10/2021,134.7
2/11/2021,133.55
2/12/2021,133.25
2/16/2021,131.51
2/17/2021,129.59
2/18/2021,129.72
2/19/2021,129.89
2/22/2021,132.08
2/23/2021,131.89
2/24/2021,131.35
2/25/2021,129.89
2/26/2021,126.59
3/1/2021,126.13
3/2/2021,126.91
3/3/2021,125.63
3/4/2021,124.54
3/5/2021,124.47
3/8/2021,122.94
3/9/2021,125.76
3/10/2021,126.08
3/11/2021,126.1
3/12/2021,125.81
3/15/2021,126.51
3/16/2021,126.63
3/17/2021,126.32
3/18/2021,126.75
3/19/2021,127.42
3/22/2021,127.19
3/23/2021,126.25
3/24/2021,126.81
3/25/2021,126.22
3/26/2021,126.74
3/29/2021,125.3
3/30/2021,123.23
3/31/2021,125.38
4/1/2021,126.29
4/5/2021,126.35
4/6/2021,127.36
4/7/2021,127.25
4/8/2021,128.49
4/9/2021,127.52
4/12/2021,126.66
4/13/2021,127.75
4/14/2021,126.95
4/15/2021,129.18
4/16/2021,130.14
4/19/2021,129.45
4/20/2021,130.02
4/21/2021,131.11
4/22/2021,130.29
4/23/2021,129.95
4/26/2021,130.14
4/27/2021,130.05
4/28/2021,129.69
4/29/2021,129.26
4/30/2021,129.22
5/3/2021,130.97
5/4/2021,129.88
5/5/2021,130.49
5/6/2021,132.74
5/7/2021,133.9
5/10/2021,134.39
5/11/2021,134.29
5/12/2021,133.35
5/13/2021,133.48
5/14/2021,134.52
5/17/2021,136.58
5/18/2021,136.62
5/19/2021,137.59
5/20/2021,137.61
5/21/2021,137.25
5/24/2021,137.85
5/25/2021,138.88
5/26/2021,139.12
5/27/2021,138.8
5/28/2021,139.25
6/1/2021,139.25
6/2/2021,139.58
6/3/2021,136.92
6/4/2021,138.27
6/7/2021,138.75
6/8/2021,138.43
6/9/2021,138.5
6/10/2021,138.56
6/11/2021,137.31
6/14/2021,136.32
6/15/2021,135.64
6/16/2021,135.99
6/17/2021,129.7
6/18/2021,129.32
6/21/2021,130.32
6/22/2021,129.92
6/23/2021,130.37
6/24/2021,129.89
6/25/2021,129.96
6/28/2021,130.15
6/29/2021,128.9
6/30/2021,129.5
7/1/2021,129.88
7/2/2021,130.35
7/6/2021,131.13
7/7/2021,131.71
7/8/2021,131.61
7/9/2021,132.44
7/12/2021,132.14
7/13/2021,132.5
7/14/2021,133.65
7/15/2021,133.93
7/16/2021,132.92
7/19/2021,132.47
7/20/2021,132.6
7/21/2021,132.02
7/22/2021,132.18
7/23/2021,131.89
7/26/2021,131.72
7/27/2021,131.74
7/28/2021,131.8
7/29/2021,134.07
7/30/2021,132.71
8/2/2021,133.07
8/3/2021,132.52
8/4/2021,132.54
8/5/2021,132.18
8/6/2021,128.9
8/9/2021,126.24
8/10/2021,126.63
8/11/2021,128.22
8/12/2021,128.11
8/13/2021,129.98
8/16/2021,130.86
8/17/2021,130.64
8/18/2021,130.39
8/19/2021,130.27
8/20/2021,130.32
8/23/2021,131.93
8/24/2021,132.08
8/25/2021,130.8
8/26/2021,131.12
8/27/2021,132.89
8/30/2021,132.36
8/31/2021,132.79
9/1/2021,132.63
9/2/2021,132.28
9/3/2021,133.88
9/7/2021,131.33
9/8/2021,130.97
9/9/2021,131.44
9/10/2021,130.88
9/13/2021,131.04
9/14/2021,131.97
9/15/2021,131.07
9/16/2021,128.29
9/17/2021,127.88
9/20/2021,128.8
9/21/2021,129.86
9/22/2021,129.93
9/23/2021,127.8
9/24/2021,127.94
9/27/2021,127.96
9/28/2021,126.9
9/29/2021,125.83
9/30/2021,128.23
10/1/2021,128.36
10/4/2021,129.02
10/5/2021,128.57
10/6/2021,128.62
10/7/2021,128.49
10/8/2021,128.37
10/11/2021,128.26
10/12/2021,128.52
10/13/2021,131.15
10/14/2021,131.35
10/15/2021,129.2
10/18/2021,129.03
10/19/2021,129.39
10/20/2021,130.41
10/21/2021,130.21
10/22/2021,131.27
10/25/2021,132.01
10/26/2021,131.04
10/27/2021,131.44
10/28/2021,131.7
10/29/2021,130.35
11/1/2021,131.2
11/2/2021,130.73
11/3/2021,128.85
11/4/2021,131.02
11/5/2021,132.75
11/8/2021,133.61
11/9/2021,133.84
11/10/2021,135.19
11/11/2021,136.34
11/12/2021,136.67
11/15/2021,136.55
11/16/2021,135.67
11/17/2021,136.83
11/18/2021,136.19
11/19/2021,135.48
11/22/2021,132.23
11/23/2021,130.59
11/24/2021,130.65
11/26/2021,130.68
11/29/2021,130.54
11/30/2021,129.9
12/1/2021,130.51
12/2/2021,128.92
12/3/2021,130.45
12/6/2021,130.14
12/7/2021,130.55
12/8/2021,130.63
12/9/2021,130.02
12/10/2021,130.62
12/13/2021,130.94
12/14/2021,129.81
12/15/2021,129.24
12/16/2021,131.67
12/17/2021,132.14
12/20/2021,131.39
12/21/2021,131.02
12/22/2021,131.98
12/23/2021,132.67
12/27/2021,132.48
12/28/2021,132.63
12/29/2021,132.28
12/30/2021,132.9
12/31/2021,133.96
1/3/2022,131.87
1/4/2022,132.86
1/5/2022,133.59
1/6/2022,130.97
1/7/2022,131.61
1/10/2022,131.78
1/11/2022,133.23
1/12/2022,133.95
1/13/2022,133.58
1/14/2022,133.25
1/18/2022,133.06
1/19/2022,135.32
1/20/2022,135.29
1/21/2022,134.5
1/24/2022,135.24
1/25/2022,136.04
1/26/2022,134.38
1/27/2022,131.86
1/28/2022,131.31
1/31/2022,132.1
2/1/2022,132.46
2/2/2022,133.09
2/3/2022,132.69
2/4/2022,133.1
2/7/2022,134.07
2/8/2022,134.58
2/9/2022,135.22
2/10/2022,135.56
2/11/2022,136.02
2/14/2022,138.06
2/15/2022,137.04
2/16/2022,138.08
2/17/2022,140.23
2/18/2022,140.06
2/22/2022,140.56
2/23/2022,140.76
2/24/2022,141.81
2/25/2022,139.05
2/28/2022,139.91
3/1/2022,142.97
3/2/2022,141.54
3/3/2022,142.62
3/4/2022,144.82
3/7/2022,146.94
3/8/2022,150.45
3/9/2022,146.57
3/10/2022,147.71
3/11/2022,146.69
3/14/2022,144.97
3/15/2022,142.69
3/16/2022,141.24
3/17/2022,143.69
3/18/2022,142.68
3/21/2022,142.84
3/22/2022,142.47
3/23/2022,143.69
3/24/2022,145.8
3/25/2022,145.33
3/28/2022,144.35
3/29/2022,142.34
3/30/2022,143.82
3/31/2022,144.99
4/1/2022,142.83
4/4/2022,143.65
4/5/2022,143.28
4/6/2022,143.02
4/7/2022,144.09
4/8/2022,144.67
4/11/2022,144.91
4/12/2022,146.94
4/13/2022,147.58
4/14/2022,146.89
4/18/2022,147.8
4/19/2022,145.83
4/20/2022,145.6
4/21/2022,145.2
4/22/2022,144.26
4/25/2022,141.35
4/26/2022,141.92
4/27/2022,140.79
4/28/2022,141.02
4/29/2022,142.55
5/2/2022,139.12
5/3/2022,139.66
5/4/2022,139.6
5/5/2022,140.05
5/6/2022,140.7
5/9/2022,139.01
5/10/2022,137.85
5/11/2022,138.98
5/12/2022,137.01
5/13/2022,135.77
5/16/2022,136.18
5/17/2022,136.58
5/18/2022,136.38
5/19/2022,138.19
5/20/2022,138.21
5/23/2022,138.59
5/24/2022,139.84
5/25/2022,138.48
5/26/2022,138.56
5/27/2022,138.84
5/31/2022,138.24
6/1/2022,138.34
6/2/2022,140
6/3/2022,138.49
6/6/2022,138.09
6/7/2022,138.77
6/8/2022,139.07
6/9/2022,138.91
6/10/2022,140.84
6/13/2022,137.84
6/14/2022,136.67
6/15/2022,137.1
6/16/2022,139.37
6/17/2022,138.73
6/21/2022,138.65
6/22/2022,138.49
6/23/2022,137.8
6/24/2022,137.81
6/27/2022,137.51
6/28/2022,137.32
6/29/2022,137.02
6/30/2022,136.2
7/1/2022,135.65
7/5/2022,132.77
7/6/2022,130.73
7/7/2022,131
7/8/2022,131.58
7/11/2022,131.16
7/12/2022,130.94
7/13/2022,132.08
7/14/2022,130.27
7/15/2022,129.97
7/18/2022,130.38
7/19/2022,130.3
7/20/2022,129.49
7/21/2022,130.44
7/22/2022,131.4
7/25/2022,130.81
7/26/2022,130.64
7/27/2022,130.75
7/28/2022,132.98
7/29/2022,133.94
8/1/2022,134.43
8/2/2022,134.72
8/3/2022,133.94
8/4/2022,136.12
8/5/2022,135.11
8/8/2022,136.21
8/9/2022,136.76
8/10/2022,136.78
8/11/2022,136.34
8/12/2022,136.95
8/15/2022,135.69
8/16/2022,135.05
8/17/2022,134.13
8/18/2022,133.75
8/19/2022,133.16
8/22/2022,132.1
8/23/2022,133.07
8/24/2022,133.15
8/25/2022,133.91
8/26/2022,132.33
8/29/2022,132.36
8/30/2022,131.34
8/31/2022,130.6
9/1/2022,129.36
9/2/2022,130.33
9/6/2022,129.66
9/7/2022,130.74
9/8/2022,130.18
9/9/2022,130.84
9/12/2022,131.74
9/13/2022,130.22
9/14/2022,129.84
9/15/2022,127.51
9/16/2022,127.98
9/19/2022,127.62
9/20/2022,127.12
9/21/2022,127.47
9/22/2022,128.04
9/23/2022,126.25
9/26/2022,124.65
9/27/2022,124.81
9/28/2022,127.08
9/29/2022,126.98
9/30/2022,127.17
10/3/2022,129.31
10/4/2022,131.46
10/5/2022,130.8
10/6/2022,130.83
10/7/2022,130.21
10/10/2022,127.85
10/11/2022,128.6
10/12/2022,127.99
10/13/2022,128.06
10/14/2022,126.07
10/17/2022,127.12
10/18/2022,126.53
10/19/2022,124.96
10/20/2022,125.23
10/21/2022,126.62
10/24/2022,126.44
10/25/2022,126.74
10/26/2022,127.52
10/27/2022,127.26
10/28/2022,125.76
10/31/2022,125.5
11/1/2022,126.18
11/2/2022,126.48
11/3/2022,125.08
11/4/2022,128.5
11/7/2022,128.96
11/8/2022,131.71
11/9/2022,131.71
11/10/2022,134.78
11/11/2022,136.19
11/14/2022,136.81
11/15/2022,136.92
11/16/2022,136.86
11/17/2022,135.9
11/18/2022,135.34
11/21/2022,134.31
11/22/2022,134.37
11/23/2022,135.03
11/25/2022,135.45
11/28/2022,134.47
11/29/2022,135.01
11/30/2022,134.78
12/1/2022,138.69
12/2/2022,138.32
12/5/2022,136.28
12/6/2022,136.33
12/7/2022,137.42
12/8/2022,137.63
12/9/2022,138.3
12/12/2022,136.95
12/13/2022,139.33
12/14/2022,138.83
12/15/2022,136.6
12/16/2022,137.5
12/19/2022,137.33
12/20/2022,139.36
12/21/2022,139.37
12/22/2022,137.14
12/23/2022,137.82
12/27/2022,139.29
12/28/2022,138.74
12/29/2022,139.52
12/30/2022,139.55
1/3/2023,141.01
1/4/2023,142.02
1/5/2023,140.75
1/6/2023,142.84
1/9/2023,143.7
1/10/2023,144.05
1/11/2023,144.38
1/12/2023,145.93
1/13/2023,147.95
1/17/2023,147.09
1/18/2023,146.87
1/19/2023,148
1/20/2023,148.28
1/23/2023,148.36
1/24/2023,148.99
1/25/2023,149.51
1/26/2023,148.54
1/27/2023,148.47
1/30/2023,148.02
1/31/2023,148.45
2/1/2023,148.28
2/2/2023,147.4
2/3/2023,143.48
2/6/2023,143.67
2/7/2023,144.09
2/8/2023,144.56
2/9/2023,143.76
2/10/2023,143.47
2/13/2023,142.68
2/14/2023,142.88
2/15/2023,141.43
2/16/2023,141.88
2/17/2023,141.8
2/21/2023,141.3
2/22/2023,141.23
2/23/2023,140.18
2/24/2023,139.52
2/27/2023,140.01
2/28/2023,140.9
3/1/2023,141.66
3/2/2023,141.3
3/3/2023,142.37
3/6/2023,142.28
3/7/2023,140.38
3/8/2023,140.71
3/9/2023,142.18
3/10/2023,144.5
3/13/2023,147.43
3/14/2023,147.17
3/15/2023,147.78
3/16/2023,147.02
3/17/2023,150.89
3/20/2023,151.71
3/21/2023,149.09
3/22/2023,149.76
3/23/2023,152.93
3/24/2023,151.99
3/27/2023,150.12
3/28/2023,151.67
3/29/2023,151.22
3/30/2023,152.43
3/31/2023,151.63
4/3/2023,152.77
4/4/2023,155.37
4/5/2023,155.02
4/6/2023,154.4
4/10/2023,152.82
4/11/2023,154.14
4/12/2023,154.64
4/13/2023,156.87
4/14/2023,154.09
4/17/2023,153.44
4/18/2023,154.37
4/19/2023,153.49
4/20/2023,154.33
4/21/2023,152.25
4/24/2023,152.84
4/25/2023,153.14
4/26/2023,152.37
4/27/2023,152.7
4/28/2023,152.75
5/1/2023,152.37
5/2/2023,154.6
5/3/2023,155.63
5/4/2023,156.85
5/5/2023,154.83
5/8/2023,155.82
5/9/2023,156.74
5/10/2023,156.55
5/11/2023,155.53
5/12/2023,155.45
5/15/2023,155.69
5/16/2023,153.45
5/17/2023,152.86
5/18/2023,151.02
5/19/2023,152.61
5/22/2023,152.32
5/23/2023,152.18
5/24/2023,151.57
5/25/2023,150.12
5/26/2023,150.33
5/30/2023,151.35
5/31/2023,151.69
6/1/2023,152.67
6/2/2023,150.94
6/5/2023,151.4
6/6/2023,151.89
6/7/2023,150.22
6/8/2023,151.61
6/9/2023,151.53
6/12/2023,151.07
6/13/2023,150.25
6/14/2023,150.98
6/15/2023,151.2
6/16/2023,151.29
6/20/2023,149.83
6/21/2023,149.6
6/22/2023,148.12
6/23/2023,148.42
6/26/2023,148.73
6/27/2023,147.98
6/28/2023,147.84
6/29/2023,147.62
6/30/2023,148.45
7/3/2023,148.47
7/5/2023,148.29
7/6/2023,147.46
7/7/2023,148.72
7/10/2023,149.17
7/11/2023,150.1
7/12/2023,152.25
7/13/2023,152.83
7/14/2023,153.32
7/17/2023,152.72
7/18/2023,154.42
7/19/2023,154.51
7/20/2023,153.79
7/21/2023,153.51
7/24/2023,153.19
7/25/2023,153.41
7/26/2023,153.94
7/27/2023,152.23
7/28/2023,153.28
7/31/2023,153.91
8/1/2023,151.76
8/2/2023,151.51
8/3/2023,151.12
8/4/2023,151.68
8/7/2023,151.19
8/8/2023,150.51
8/9/2023,149.82
8/10/2023,149.67
8/11/2023,149.49
8/14/2023,149.24
8/15/2023,148.68
8/16/2023,148.1
8/17/2023,147.14
8/18/2023,147.24
8/21/2023,147.7
8/22/2023,147.94
8/23/2023,149.47
8/24/2023,149.46
8/25/2023,149.02
8/28/2023,149.56
8/29/2023,150.91
8/30/2023,151.43
8/31/2023,150.93
9/1/2023,150.95
9/5/2023,149.97
9/6/2023,149.37
9/7/2023,149.26
9/8/2023,149.29
9/11/2023,149.58
9/12/2023,148.72
9/13/2023,148.55
9/14/2023,148.63
9/15/2023,149.7
9/18/2023,150.22
9/19/2023,150.25
9/20/2023,151.2
9/21/2023,149.25
9/22/2023,149.7
9/25/2023,149.01
9/26/2023,147.76
9/27/2023,145.63
9/28/2023,144.6
9/29/2023,143.63
10/2/2023,142.23
10/3/2023,141.73
10/4/2023,141.16
10/5/2023,140.91
10/6/2023,142.04
10/9/2023,143.36
10/10/2023,144.2
10/11/2023,145.17
10/12/2023,144.91
10/13/2023,149.21
10/16/2023,148.78
10/17/2023,148.96
10/18/2023,151.39
10/19/2023,152.29
10/20/2023,153.31
10/23/2023,152.8
10/24/2023,152.64
10/25/2023,153.3
10/26/2023,153.49
10/27/2023,153.58
10/30/2023,154.14
10/31/2023,153.31
11/1/2023,152.73
11/2/2023,153.14
11/3/2023,153.41
11/6/2023,152.71
11/7/2023,151.82
11/8/2023,150.89
11/9/2023,152.01
11/10/2023,149.96
11/13/2023,151.17
11/14/2023,152.25
11/15/2023,152.16
11/16/2023,153.81
11/17/2023,153.59
11/20/2023,153.25
11/21/2023,154.88
11/22/2023,154.32
11/24/2023,155.06
11/27/2023,155.79
11/28/2023,157.74
11/29/2023,158.12
11/30/2023,157.41
12/1/2023,159.72
12/4/2023,156.2
12/5/2023,155.67
12/6/2023,156.52
12/7/2023,156.44
12/8/2023,154.17
12/11/2023,152.64
12/12/2023,152.52
12/13/2023,152.8
12/14/2023,156
12/15/2023,155.4
12/18/2023,155.73
12/19/2023,156.62
12/20/2023,156.25
12/21/2023,156.47
12/22/2023,157.76
12/26/2023,157.82
12/27/2023,159.53
12/28/2023,158.88
12/29/2023,158.03
1/2/2024,158.16
1/3/2024,155.93
1/4/2024,156.47
1/5/2024,156.46
1/8/2024,155.46
1/9/2024,155.66
1/10/2024,155.46
1/11/2024,155
1/12/2024,157.37
1/16/2024,155.83
1/17/2024,154.2
1/18/2024,155.28
1/19/2024,155.87
1/22/2024,155.36
1/23/2024,155.64
1/24/2024,154.92
1/25/2024,155
1/26/2024,155
1/29/2024,155.62
1/30/2024,156.14
1/31/2024,157.21
2/1/2024,157.5
2/2/2024,156.42
2/5/2024,155.7
2/6/2024,156.29
2/7/2024,156.31
2/8/2024,156.07
2/9/2024,155.44
2/12/2024,155.06
2/13/2024,153.33
2/14/2024,153.13
2/15/2024,153.89
2/16/2024,154.6
2/20/2024,155.71
2/21/2024,155.35
2/22/2024,155.12
2/23/2024,156.5
2/26/2024,155.8
2/27/2024,156.21
2/28/2024,156.12
2/29/2024,156.99
3/1/2024,160.02
3/4/2024,162.38
3/5/2024,163.55
3/6/2024,164.73
3/7/2024,165.48
3/8/2024,167.24
3/11/2024,167.78
3/12/2024,166.47
3/13/2024,167.85
3/14/2024,166.93
3/15/2024,166.57
3/18/2024,166.87
3/19/2024,166.54
3/20/2024,166.58
3/21/2024,168.35
3/22/2024,166.49
3/25/2024,167.73
3/26/2024,167.86
3/27/2024,168.84
3/28/2024,170.85
4/1/2024,172.43
4/2/2024,174.35
4/3/2024,176.83
4/4/2024,176.39
4/5/2024,179.19
4/8/2024,179.67
4/9/2024,180.57
4/10/2024,179.82
4/11/2024,181.61
4/12/2024,181.8
4/15/2024,182.51
4/16/2024,184.33
4/17/2024,182.92
4/18/2024,183.61
4/19/2024,184.78
4/22/2024,179.73
4/23/2024,179.35
4/24/2024,179.14
4/25/2024,179.47
4/26/2024,179.89
4/29/2024,180.69
4/30/2024,176.65
5/1/2024,177.25
5/2/2024,177.15
5/3/2024,176.99
5/6/2024,178.71
5/7/2024,178.46
5/8/2024,178.63
5/9/2024,180.18
5/10/2024,183.13
5/13/2024,181.07
5/14/2024,182.29
5/15/2024,184.84
5/16/2024,184.24
5/17/2024,186.64
5/20/2024,188.31
5/21/2024,187.35
5/22/2024,184.94
5/23/2024,180.83
5/24/2024,180.59
5/28/2024,182.31
5/29/2024,181.19
5/30/2024,181.35
5/31/2024,179.85
6/3/2024,181.5
6/4/2024,179.84
6/5/2024,181.88
6/6/2024,183.05
6/7/2024,178.21
6/10/2024,178.31
6/11/2024,178.28
6/12/2024,180.29
6/13/2024,177.5
6/14/2024,179.76
6/17/2024,178.4
6/18/2024,179.69
6/20/2024,181.35
6/21/2024,178.52
6/24/2024,179.52
6/25/2024,178.54
6/26/2024,177.25
6/27/2024,178.96
6/28/2024,179.21
7/1/2024,179.2
7/2/2024,178.78
7/3/2024,181.49
7/5/2024,183.58
7/8/2024,181.66
7/9/2024,182.48
7/10/2024,183.87
7/11/2024,187.42
7/12/2024,187.83
7/15/2024,188.42
7/16/2024,191.34
7/17/2024,190.86
7/18/2024,190.62
7/19/2024,186.33
7/22/2024,185.85
7/23/2024,186.8
7/24/2024,187.4
7/25/2024,182.59
7/26/2024,184.65
7/29/2024,184.49
7/30/2024,186.47
7/31/2024,188.1
8/1/2024,188.54
8/2/2024,187.09
8/5/2024,184.79
8/6/2024,183.98
8/7/2024,184.09
8/8/2024,186.43
8/9/2024,187.22
8/12/2024,189.66
8/13/2024,189.84
8/14/2024,187.74
8/15/2024,188.83
8/16/2024,192.27
8/19/2024,192.54
8/20/2024,193.18
8/21/2024,192.88
8/22/2024,190.63
8/23/2024,192.76
8/26/2024,193.41
8/27/2024,193.22
8/28/2024,192.13
8/29/2024,193.8
8/30/2024,191.4
9/3/2024,191.03
9/4/2024,191.13
9/5/2024,192.32
9/6/2024,190.81
9/9/2024,191.3
9/10/2024,192.05
9/11/2024,192.03
9/12/2024,194.91
9/13/2024,197.02
9/16/2024,196.76
9/17/2024,195.62
9/18/2024,196.12
9/19/2024,197.26
9/20/2024,199.68
9/23/2024,200.13
9/24/2024,201.93
9/25/2024,202.51
9/26/2024,203.37
9/27/2024,201.31
9/30/2024,200.81
10/1/2024,203.2
10/2/2024,201.76
10/3/2024,202.47
10/4/2024,202.13
10/7/2024,202.14
10/8/2024,199.8
10/9/2024,199.18
10/10/2024,200.24
10/11/2024,202.89
10/14/2024,202.17
10/15/2024,203.1
10/16/2024,204.06
10/17/2024,205.26
10/18/2024,207.01
10/21/2024,207.8
10/22/2024,209.37
10/23/2024,207.17
10/24/2024,208.56
10/25/2024,208.97
10/28/2024,209.22
10/29/2024,211.01
10/30/2024,212.51
10/31/2024,208.8
11/1/2024,208.72
11/4/2024,208.57
11/5/2024,209.06
11/6/2024,203.6
11/7/2024,206.06
11/8/2024,205.53
11/11/2024,200.07
11/12/2024,199.5
11/13/2024,198.17
11/14/2024,197.12
11/15/2024,196.92
11/18/2024,200.32
11/19/2024,201.49
11/20/2024,203.15
11/21/2024,204.94
11/22/2024,207.91
11/25/2024,200.8
11/26/2024,201.06
11/27/2024,202.34
11/29/2024,203.51
12/2/2024,201.91
12/3/2024,202.56
12/4/2024,203.08
12/5/2024,200.98
12/6/2024,201.78
12/9/2024,204.01
12/10/2024,206.37
12/11/2024,208.95
12/12/2024,205.8
12/13/2024,203.43
12/16/2024,203.02
12/17/2024,202.5
12/18/2024,202.07
12/19/2024,199.02
12/20/2024,201.64
12/23/2024,200.51
12/24/2024,201.23
12/26/2024,202.75
12/27/2024,201.33
12/30/2024,200.65
12/31/2024,202.77
1/2/2025,204.42
1/3/2025,203.03
1/6/2025,202.39
1/7/2025,203.77
1/8/2025,204.71
1/9/2025,206.3
1/10/2025,208.41
1/13/2025,205.82
1/14/2025,206.6
1/15/2025,209.2
1/16/2025,211.76
1/17/2025,211.64
1/21/2025,212.51
1/22/2025,213.42
1/23/2025,213.02
1/24/2025,214.17
1/27/2025,211.3
1/28/2025,213.76
1/29/2025,213.31
1/30/2025,217.04
1/31/2025,216.18
2/3/2025,217.58
2/4/2025,219.09
2/5/2025,220.43
2/6/2025,219.5
2/7/2025,220.63
2/10/2025,224.22
2/11/2025,224.33
2/12/2025,224.09
2/13/2025,225.15
2/14/2025,221.68
2/18/2025,225.2
2/19/2025,223.96
2/20/2025,225.45
2/21/2025,225.18
2/24/2025,226.05
2/25/2025,222.78
2/26/2025,223.68
2/27/2025,221.14
2/28/2025,217.58
3/3/2025,221.52
3/4/2025,222.91
3/5/2025,223.27
3/6/2025,223.32
3/7/2025,222.64
3/10/2025,221.74
3/11/2025,223.69
3/12/2025,225.81
3/13/2025,229.43
3/14/2025,230.11
3/17/2025,230.48
3/18/2025,233.24
3/19/2025,233.3
3/20/2025,233.4
3/21/2025,231.45
3/24/2025,231.05
3/25/2025,231.86
3/26/2025,231.6
3/27/2025,234.45
3/28/2025,236.19
3/31/2025,238.9
4/1/2025,238.57
4/2/2025,240.18
4/3/2025,236.83
4/4/2025,230.17
4/7/2025,225.65
4/8/2025,227.06
4/9/2025,234.08
4/10/2025,241.4
4/11/2025,246.8
4/14/2025,245.27
4/15/2025,246.34
4/16/2025,254.37
4/17/2025,253.02
4/21/2025,260.22
4/22/2025,259.87
4/23/2025,250.61
4/24/2025,254.72
4/25/2025,250.96
4/28/2025,254.58
4/29/2025,253.51
4/30/2025,252.27
5/1/2025,245.08
5/2/2025,246.69
5/5/2025,252.67
5/6/2025,260.19
5/7/2025,258.36
5/8/2025,252.31
5/9/2025,255.41
5/12/2025,247.28
5/13/2025,249.19
5/14/2025,244.66
5/15/2025,247.34
5/16/2025,244.36
5/19/2025,247.9
5/20/2025,251.55
5/21/2025,253.87
5/22/2025,252.56
5/23/2025,257.89
5/27/2025,253.23
5/28/2025,252.69
5/29/2025,254
5/30/2025,251.89
6/2/2025,258.04
6/3/2025,256.75
6/4/2025,258.3
6/5/2025,256.45
6/6/2025,254.4
6/9/2025,254.98
6/10/2025,254.15
6/11/2025,254.09
6/12/2025,258.28
6/13/2025,262.08
6/16/2025,259.48
6/17/2025,258.84
6/18/2025,258.83
6/20/2025,257.21
6/23/2025,257.84
6/24/2025,253.38
6/25/2025,254.07
6/26/2025,254.39
6/27/2025,249.88
6/30/2025,251.33
7/1/2025,254.45
7/2/2025,255.27
7/3/2025,254.11
7/7/2025,254.11
7/8/2025,252.97
7/9/2025,253.79
7/10/2025,254.83
7/11/2025,258.15
7/14/2025,258.6
7/15/2025,256.96
7/16/2025,258.49
7/17/2025,257.53
7/18/2025,258.47
7/21/2025,262.2
7/22/2025,265.15
7/23/2025,261.53
7/24/2025,259.84
7/25/2025,256.79
7/28/2025,254.99
7/29/2025,256.04
7/30/2025,253.95
7/31/2025,253.73
8/1/2025,257.15
8/4/2025,259.03
8/5/2025,259.69
8/6/2025,259.53
8/7/2025,260.61
8/8/2025,263.09
8/11/2025,257.94
8/12/2025,257.39
8/13/2025,258.06
8/14/2025,256.14
8/15/2025,255.99
8/18/2025,255.57
8/19/2025,254.14
8/20/2025,256.41
8/21/2025,255.94
8/22/2025,258.6
8/25/2025,258.55
8/26/2025,259.81
8/27/2025,261.2
8/28/2025,262.95
8/29/2025,266.09
9/2/2025,271.73
9/3/2025,274.93
9/4/2025,272.82
9/5/2025,276.17
9/8/2025,277.75
9/9/2025,278.09
9/10/2025,278.09
9/11/2025,277.45
9/12/2025,278.41
9/15/2025,280.84
9/16/2025,281.32
9/17/2025,280.81
9/18/2025,277.82
9/19/2025,279.88
9/22/2025,285.02
9/23/2025,288.08
9/24/2025,284.71
9/25/2025,285.26
9/26/2025,288.03
9/29/2025,291.72
9/30/2025,292.99
10/1/2025,295.01
10/2/2025,292.76
10/3/2025,295.76
10/6/2025,301.06
10/7/2025,303.46
10/8/2025,308.64
10/9/2025,301.27
10/10/2025,303.17
10/13/2025,313.07
10/14/2025,315.3
10/15/2025,318.2
10/16/2025,325.82
10/17/2025,318.85
10/20/2025,329.92
10/21/2025,311.05
10/22/2025,308
10/23/2025,314.05
10/24/2025,313.49
10/27/2025,304.56
10/28/2025,301.76
10/29/2025,303.4
10/30/2025,304.81
10/31/2025,303.22
11/3/2025,304.76
11/4/2025,300.7
11/5/2025,303.25
11/6/2025,303.01
11/7/2025,304.61
11/10/2025,313.37
11/11/2025,313.3
11/12/2025,320.77
11/13/2025,319.9
11/14/2025,312.35
11/17/2025,311.02
11/18/2025,310.2
11/19/2025,311.49
11/20/2025,309.68
11/21/2025,310.67
11/24/2025,311.79
11/25/2025,315.4
11/26/2025,317.31
11/28/2025,321.25
,
,
,
,
