yield_rate_date,value
1/2/2001,5.69
1/3/2001,5.53
1/4/2001,5.23
1/5/2001,4.99
1/8/2001,5.06
1/9/2001,5.1
1/10/2001,5.15
1/11/2001,5.17
1/12/2001,5.19
1/16/2001,5.22
1/17/2001,5.22
1/18/2001,5.14
1/19/2001,5.1
1/22/2001,5.11
1/23/2001,5.1
1/24/2001,5.14
1/25/2001,5.14
1/26/2001,5.04
1/29/2001,4.99
1/30/2001,4.89
1/31/2001,4.86
2/1/2001,4.87
2/2/2001,4.93
2/5/2001,4.96
2/6/2001,4.94
2/7/2001,4.94
2/8/2001,4.95
2/9/2001,4.93
2/12/2001,4.93
2/13/2001,4.92
2/14/2001,4.94
2/15/2001,4.95
2/16/2001,4.89
2/20/2001,4.92
2/21/2001,4.89
2/22/2001,4.88
2/23/2001,4.77
2/26/2001,4.71
2/27/2001,4.7
2/28/2001,4.73
3/1/2001,4.72
3/2/2001,4.72
3/5/2001,4.7
3/6/2001,4.67
3/7/2001,4.57
3/8/2001,4.56
3/9/2001,4.61
3/12/2001,4.54
3/13/2001,4.54
3/14/2001,4.43
3/15/2001,4.41
3/16/2001,4.43
3/19/2001,4.42
3/20/2001,4.38
3/21/2001,4.21
3/22/2001,4.16
3/23/2001,4.19
3/26/2001,4.19
3/27/2001,4.24
3/28/2001,4.23
3/29/2001,4.22
3/30/2001,4.2
4/2/2001,4.12
4/3/2001,4.05
4/4/2001,4
4/5/2001,4.01
4/6/2001,3.85
4/9/2001,3.84
4/10/2001,3.85
4/11/2001,3.98
4/12/2001,3.92
4/16/2001,4.05
4/17/2001,4.02
4/18/2001,3.82
4/19/2001,3.78
4/20/2001,3.68
4/23/2001,3.66
4/24/2001,3.71
4/25/2001,3.75
4/26/2001,3.74
4/27/2001,3.76
4/30/2001,3.86
5/1/2001,3.83
5/2/2001,3.8
5/3/2001,3.75
5/4/2001,3.65
5/7/2001,3.65
5/8/2001,3.62
5/9/2001,3.64
5/10/2001,3.66
5/11/2001,3.69
5/14/2001,3.63
5/15/2001,3.55
5/16/2001,3.49
5/17/2001,3.49
5/18/2001,3.53
5/21/2001,3.57
5/22/2001,3.56
5/23/2001,3.56
5/24/2001,3.62
5/25/2001,3.58
5/29/2001,3.63
5/30/2001,3.6
5/31/2001,3.55
6/1/2001,3.59
6/4/2001,3.6
6/5/2001,3.55
6/6/2001,3.54
6/7/2001,3.55
6/8/2001,3.56
6/11/2001,3.52
6/12/2001,3.48
6/13/2001,3.47
6/14/2001,3.48
6/15/2001,3.44
6/18/2001,3.44
6/19/2001,3.43
6/20/2001,3.41
6/21/2001,3.43
6/22/2001,3.37
6/25/2001,3.38
6/26/2001,3.38
6/27/2001,3.44
6/28/2001,3.56
6/29/2001,3.57
7/2/2001,3.59
7/3/2001,3.58
7/5/2001,3.57
7/6/2001,3.55
7/9/2001,3.57
7/10/2001,3.55
7/11/2001,3.5
7/12/2001,3.52
7/13/2001,3.54
7/16/2001,3.56
7/17/2001,3.53
7/18/2001,3.46
7/19/2001,3.47
7/20/2001,3.45
7/23/2001,3.48
7/24/2001,3.48
7/25/2001,3.48
7/26/2001,3.48
7/27/2001,3.47
7/30/2001,3.49
7/31/2001,3.46
8/1/2001,3.45
8/2/2001,3.45
8/3/2001,3.44
8/6/2001,3.44
8/7/2001,3.44
8/8/2001,3.41
8/9/2001,3.38
8/10/2001,3.36
8/13/2001,3.37
8/14/2001,3.35
8/15/2001,3.35
8/16/2001,3.32
8/17/2001,3.29
8/20/2001,3.34
8/21/2001,3.31
8/22/2001,3.31
8/23/2001,3.33
8/24/2001,3.35
8/27/2001,3.37
8/28/2001,3.33
8/29/2001,3.34
8/30/2001,3.29
8/31/2001,3.3
9/4/2001,3.36
9/5/2001,3.33
9/6/2001,3.27
9/7/2001,3.2
9/10/2001,3.19
9/13/2001,2.68
9/14/2001,2.59
9/17/2001,2.54
9/18/2001,2.43
9/19/2001,2.15
9/20/2001,2.18
9/21/2001,2.21
9/24/2001,2.33
9/25/2001,2.35
9/26/2001,2.33
9/27/2001,2.33
9/28/2001,2.35
10/1/2001,2.32
10/2/2001,2.22
10/3/2001,2.19
10/4/2001,2.17
10/5/2001,2.15
10/9/2001,2.18
10/10/2001,2.18
10/11/2001,2.23
10/12/2001,2.21
10/15/2001,2.21
10/16/2001,2.18
10/17/2001,2.18
10/18/2001,2.15
10/19/2001,2.15
10/22/2001,2.18
10/23/2001,2.16
10/24/2001,2.13
10/25/2001,2.1
10/26/2001,2.1
10/29/2001,2.05
10/30/2001,2.01
10/31/2001,2.01
11/1/2001,2.02
11/2/2001,1.97
11/5/2001,1.97
11/6/2001,1.82
11/7/2001,1.77
11/8/2001,1.81
11/9/2001,1.8
11/13/2001,1.81
11/14/2001,1.84
11/15/2001,1.88
11/16/2001,1.91
11/19/2001,1.9
11/20/2001,1.91
11/21/2001,1.92
11/23/2001,1.91
11/26/2001,1.94
11/27/2001,1.88
11/28/2001,1.84
11/29/2001,1.77
11/30/2001,1.75
12/3/2001,1.75
12/4/2001,1.71
12/5/2001,1.74
12/6/2001,1.72
12/7/2001,1.66
12/10/2001,1.68
12/11/2001,1.63
12/12/2001,1.64
12/13/2001,1.66
12/14/2001,1.7
12/17/2001,1.71
12/18/2001,1.68
12/19/2001,1.66
12/20/2001,1.66
12/21/2001,1.68
12/24/2001,1.69
12/26/2001,1.72
12/27/2001,1.71
12/28/2001,1.69
12/31/2001,1.71
1/2/2002,1.71
1/3/2002,1.7
1/4/2002,1.69
1/7/2002,1.65
1/8/2002,1.65
1/9/2002,1.65
1/10/2002,1.65
1/11/2002,1.55
1/14/2002,1.55
1/15/2002,1.57
1/16/2002,1.58
1/17/2002,1.61
1/18/2002,1.59
1/22/2002,1.67
1/23/2002,1.68
1/24/2002,1.69
1/25/2002,1.69
1/28/2002,1.73
1/29/2002,1.69
1/30/2002,1.72
1/31/2002,1.73
2/1/2002,1.73
2/4/2002,1.74
2/5/2002,1.73
2/6/2002,1.71
2/7/2002,1.7
2/8/2002,1.7
2/11/2002,1.72
2/12/2002,1.72
2/13/2002,1.73
2/14/2002,1.72
2/15/2002,1.71
2/19/2002,1.73
2/20/2002,1.73
2/21/2002,1.73
2/22/2002,1.73
2/25/2002,1.74
2/26/2002,1.74
2/27/2002,1.74
2/28/2002,1.76
3/1/2002,1.74
3/4/2002,1.78
3/5/2002,1.77
3/6/2002,1.75
3/7/2002,1.75
3/8/2002,1.77
3/11/2002,1.83
3/12/2002,1.81
3/13/2002,1.79
3/14/2002,1.82
3/15/2002,1.82
3/18/2002,1.85
3/19/2002,1.82
3/20/2002,1.81
3/21/2002,1.8
3/22/2002,1.8
3/25/2002,1.82
3/26/2002,1.78
3/27/2002,1.78
3/28/2002,1.76
4/1/2002,1.76
4/2/2002,1.77
4/3/2002,1.76
4/4/2002,1.75
4/5/2002,1.73
4/8/2002,1.72
4/9/2002,1.7
4/10/2002,1.68
4/11/2002,1.69
4/12/2002,1.68
4/15/2002,1.69
4/16/2002,1.71
4/17/2002,1.7
4/18/2002,1.69
4/19/2002,1.7
4/22/2002,1.69
4/23/2002,1.7
4/24/2002,1.69
4/25/2002,1.71
4/26/2002,1.72
4/29/2002,1.75
4/30/2002,1.74
5/1/2002,1.74
5/2/2002,1.74
5/3/2002,1.73
5/6/2002,1.75
5/7/2002,1.73
5/8/2002,1.73
5/9/2002,1.74
5/10/2002,1.74
5/13/2002,1.76
5/14/2002,1.75
5/15/2002,1.73
5/16/2002,1.72
5/17/2002,1.73
5/20/2002,1.74
5/21/2002,1.72
5/22/2002,1.71
5/23/2002,1.71
5/24/2002,1.71
5/28/2002,1.74
5/29/2002,1.72
5/30/2002,1.72
5/31/2002,1.71
6/3/2002,1.74
6/4/2002,1.73
6/5/2002,1.72
6/6/2002,1.71
6/7/2002,1.71
6/10/2002,1.73
6/11/2002,1.72
6/12/2002,1.71
6/13/2002,1.69
6/14/2002,1.68
6/17/2002,1.71
6/18/2002,1.7
6/19/2002,1.68
6/20/2002,1.7
6/21/2002,1.69
6/24/2002,1.71
6/25/2002,1.7
6/26/2002,1.67
6/27/2002,1.67
6/28/2002,1.67
7/1/2002,1.69
7/2/2002,1.69
7/3/2002,1.69
7/5/2002,1.69
7/8/2002,1.7
7/9/2002,1.69
7/10/2002,1.69
7/11/2002,1.69
7/12/2002,1.68
7/15/2002,1.69
7/16/2002,1.69
7/17/2002,1.69
7/18/2002,1.69
7/19/2002,1.68
7/22/2002,1.67
7/23/2002,1.67
7/24/2002,1.66
7/25/2002,1.67
7/26/2002,1.66
7/29/2002,1.69
7/30/2002,1.69
7/31/2002,1.68
8/1/2002,1.65
8/2/2002,1.6
8/5/2002,1.61
8/6/2002,1.62
8/7/2002,1.56
8/8/2002,1.59
8/9/2002,1.59
8/12/2002,1.65
8/13/2002,1.6
8/14/2002,1.61
8/15/2002,1.59
8/16/2002,1.59
8/19/2002,1.64
8/20/2002,1.59
8/21/2002,1.6
8/22/2002,1.62
8/23/2002,1.62
8/26/2002,1.65
8/27/2002,1.65
8/28/2002,1.64
8/29/2002,1.65
8/30/2002,1.66
9/3/2002,1.61
9/4/2002,1.6
9/5/2002,1.58
9/6/2002,1.63
9/9/2002,1.66
9/10/2002,1.65
9/11/2002,1.66
9/12/2002,1.66
9/13/2002,1.66
9/16/2002,1.68
9/17/2002,1.67
9/18/2002,1.65
9/19/2002,1.62
9/20/2002,1.62
9/23/2002,1.62
9/24/2002,1.62
9/25/2002,1.63
9/26/2002,1.62
9/27/2002,1.6
9/30/2002,1.54
10/1/2002,1.56
10/2/2002,1.55
10/3/2002,1.54
10/4/2002,1.58
10/7/2002,1.6
10/8/2002,1.58
10/9/2002,1.54
10/10/2002,1.55
10/11/2002,1.55
10/15/2002,1.65
10/16/2002,1.63
10/17/2002,1.64
10/18/2002,1.64
10/21/2002,1.68
10/22/2002,1.66
10/23/2002,1.65
10/24/2002,1.62
10/25/2002,1.61
10/28/2002,1.56
10/29/2002,1.48
10/30/2002,1.48
10/31/2002,1.42
11/1/2002,1.41
11/4/2002,1.41
11/5/2002,1.4
11/6/2002,1.21
11/7/2002,1.2
11/8/2002,1.2
11/12/2002,1.2
11/13/2002,1.19
11/14/2002,1.2
11/15/2002,1.2
11/18/2002,1.21
11/19/2002,1.19
11/20/2002,1.2
11/21/2002,1.2
11/22/2002,1.21
11/25/2002,1.22
11/26/2002,1.2
11/27/2002,1.21
11/29/2002,1.2
12/2/2002,1.22
12/3/2002,1.21
12/4/2002,1.2
12/5/2002,1.2
12/6/2002,1.19
12/9/2002,1.21
12/10/2002,1.19
12/11/2002,1.19
12/12/2002,1.19
12/13/2002,1.19
12/16/2002,1.21
12/17/2002,1.2
12/18/2002,1.19
12/19/2002,1.19
12/20/2002,1.19
12/23/2002,1.17
12/24/2002,1.17
12/26/2002,1.16
12/27/2002,1.14
12/30/2002,1.2
12/31/2002,1.2
1/2/2003,1.2
1/3/2003,1.2
1/6/2003,1.19
1/7/2003,1.17
1/8/2003,1.17
1/9/2003,1.18
1/10/2003,1.18
1/13/2003,1.19
1/14/2003,1.17
1/15/2003,1.18
1/16/2003,1.16
1/17/2003,1.16
1/21/2003,1.17
1/22/2003,1.15
1/23/2003,1.15
1/24/2003,1.14
1/27/2003,1.15
1/28/2003,1.16
1/29/2003,1.16
1/30/2003,1.16
1/31/2003,1.16
2/3/2003,1.16
2/4/2003,1.14
2/5/2003,1.16
2/6/2003,1.15
2/7/2003,1.15
2/10/2003,1.15
2/11/2003,1.16
2/12/2003,1.16
2/13/2003,1.15
2/14/2003,1.16
2/18/2003,1.17
2/19/2003,1.16
2/20/2003,1.17
2/21/2003,1.17
2/24/2003,1.19
2/25/2003,1.18
2/26/2003,1.19
2/27/2003,1.19
2/28/2003,1.18
3/3/2003,1.18
3/4/2003,1.17
3/5/2003,1.16
3/6/2003,1.16
3/7/2003,1.1
3/10/2003,1.06
3/11/2003,1.08
3/12/2003,1.08
3/13/2003,1.1
3/14/2003,1.11
3/17/2003,1.13
3/18/2003,1.12
3/19/2003,1.14
3/20/2003,1.15
3/21/2003,1.16
3/24/2003,1.15
3/25/2003,1.16
3/26/2003,1.16
3/27/2003,1.14
3/28/2003,1.12
3/31/2003,1.12
4/1/2003,1.1
4/2/2003,1.11
4/3/2003,1.09
4/4/2003,1.09
4/7/2003,1.15
4/8/2003,1.13
4/9/2003,1.11
4/10/2003,1.12
4/11/2003,1.15
4/14/2003,1.18
4/15/2003,1.16
4/16/2003,1.15
4/17/2003,1.16
4/21/2003,1.16
4/22/2003,1.16
4/23/2003,1.15
4/24/2003,1.13
4/25/2003,1.12
4/28/2003,1.12
4/29/2003,1.13
4/30/2003,1.11
5/1/2003,1.08
5/2/2003,1.1
5/5/2003,1.11
5/6/2003,1.08
5/7/2003,1.09
5/8/2003,1.07
5/9/2003,1.09
5/12/2003,1.08
5/13/2003,1.07
5/14/2003,1.04
5/15/2003,1.04
5/16/2003,1.03
5/19/2003,1.03
5/20/2003,1.02
5/21/2003,1.04
5/22/2003,1.06
5/23/2003,1.06
5/27/2003,1.07
5/28/2003,1.1
5/29/2003,1.08
5/30/2003,1.09
6/2/2003,1.12
6/3/2003,1.06
6/4/2003,1.03
6/5/2003,1.02
6/6/2003,1.03
6/9/2003,1.01
6/10/2003,0.95
6/11/2003,0.92
6/12/2003,0.9
6/13/2003,0.84
6/16/2003,0.85
6/17/2003,0.88
6/18/2003,0.87
6/19/2003,0.8
6/20/2003,0.81
6/23/2003,0.83
6/24/2003,0.81
6/25/2003,0.9
6/26/2003,0.89
6/27/2003,0.85
6/30/2003,0.89
7/1/2003,0.87
7/2/2003,0.85
7/3/2003,0.85
7/7/2003,0.9
7/8/2003,0.9
7/9/2003,0.88
7/10/2003,0.87
7/11/2003,0.87
7/14/2003,0.89
7/15/2003,0.9
7/16/2003,0.89
7/17/2003,0.88
7/18/2003,0.89
7/21/2003,0.91
7/22/2003,0.91
7/23/2003,0.91
7/24/2003,0.91
7/25/2003,0.91
7/28/2003,0.95
7/29/2003,0.97
7/30/2003,0.96
7/31/2003,0.94
8/1/2003,0.93
8/4/2003,0.95
8/5/2003,0.94
8/6/2003,0.93
8/7/2003,0.93
8/8/2003,0.94
8/11/2003,0.94
8/12/2003,0.93
8/13/2003,0.94
8/14/2003,0.94
8/15/2003,0.93
8/18/2003,0.94
8/19/2003,0.94
8/20/2003,0.94
8/21/2003,0.95
8/22/2003,0.96
8/25/2003,1
8/26/2003,0.99
8/27/2003,0.98
8/28/2003,0.97
8/29/2003,0.96
9/2/2003,0.96
9/3/2003,0.95
9/4/2003,0.95
9/5/2003,0.94
9/8/2003,0.95
9/9/2003,0.94
9/10/2003,0.94
9/11/2003,0.94
9/12/2003,0.94
9/15/2003,0.94
9/16/2003,0.91
9/17/2003,0.93
9/18/2003,0.94
9/19/2003,0.93
9/22/2003,0.94
9/23/2003,0.92
9/24/2003,0.93
9/25/2003,0.92
9/26/2003,0.92
9/29/2003,0.95
9/30/2003,0.93
10/1/2003,0.93
10/2/2003,0.92
10/3/2003,0.92
10/6/2003,0.92
10/7/2003,0.9
10/8/2003,0.89
10/9/2003,0.89
10/10/2003,0.9
10/14/2003,0.91
10/15/2003,0.91
10/16/2003,0.91
10/17/2003,0.91
10/20/2003,0.93
10/21/2003,0.91
10/22/2003,0.94
10/23/2003,0.94
10/24/2003,0.93
10/27/2003,0.96
10/28/2003,0.94
10/29/2003,0.94
10/30/2003,0.94
10/31/2003,0.94
11/3/2003,0.94
11/4/2003,0.93
11/5/2003,0.94
11/6/2003,0.94
11/7/2003,0.94
11/10/2003,0.95
11/12/2003,0.93
11/13/2003,0.92
11/14/2003,0.93
11/17/2003,0.94
11/18/2003,0.94
11/19/2003,0.93
11/20/2003,0.93
11/21/2003,0.92
11/24/2003,0.94
11/25/2003,0.93
11/26/2003,0.92
11/28/2003,0.91
12/1/2003,0.93
12/2/2003,0.92
12/3/2003,0.92
12/4/2003,0.91
12/5/2003,0.9
12/8/2003,0.91
12/9/2003,0.91
12/10/2003,0.91
12/11/2003,0.88
12/12/2003,0.89
12/15/2003,0.89
12/16/2003,0.89
12/17/2003,0.88
12/18/2003,0.87
12/19/2003,0.86
12/22/2003,0.89
12/23/2003,0.88
12/24/2003,0.88
12/26/2003,0.85
12/29/2003,0.89
12/30/2003,0.92
12/31/2003,0.93
1/2/2004,0.91
1/5/2004,0.9
1/6/2004,0.9
1/7/2004,0.89
1/8/2004,0.86
1/9/2004,0.85
1/12/2004,0.88
1/13/2004,0.87
1/14/2004,0.86
1/15/2004,0.86
1/16/2004,0.87
1/20/2004,0.88
1/21/2004,0.87
1/22/2004,0.86
1/23/2004,0.88
1/26/2004,0.89
1/27/2004,0.89
1/28/2004,0.92
1/29/2004,0.92
1/30/2004,0.9
2/2/2004,0.93
2/3/2004,0.92
2/4/2004,0.92
2/5/2004,0.92
2/6/2004,0.91
2/9/2004,0.93
2/10/2004,0.93
2/11/2004,0.91
2/12/2004,0.91
2/13/2004,0.9
2/17/2004,0.93
2/18/2004,0.92
2/19/2004,0.92
2/20/2004,0.92
2/23/2004,0.95
2/24/2004,0.95
2/25/2004,0.94
2/26/2004,0.94
2/27/2004,0.94
3/1/2004,0.95
3/2/2004,0.95
3/3/2004,0.95
3/4/2004,0.94
3/5/2004,0.93
3/8/2004,0.95
3/9/2004,0.94
3/10/2004,0.94
3/11/2004,0.95
3/12/2004,0.94
3/15/2004,0.95
3/16/2004,0.94
3/17/2004,0.92
3/18/2004,0.92
3/19/2004,0.92
3/22/2004,0.94
3/23/2004,0.93
3/24/2004,0.92
3/25/2004,0.94
3/26/2004,0.93
3/29/2004,0.95
3/30/2004,0.94
3/31/2004,0.93
4/1/2004,0.92
4/2/2004,0.93
4/5/2004,0.93
4/6/2004,0.92
4/7/2004,0.93
4/8/2004,0.92
4/12/2004,0.93
4/13/2004,0.93
4/14/2004,0.94
4/15/2004,0.93
4/16/2004,0.92
4/19/2004,0.95
4/20/2004,0.96
4/21/2004,0.98
4/22/2004,0.95
4/23/2004,0.96
4/26/2004,0.98
4/27/2004,0.97
4/28/2004,0.96
4/29/2004,0.95
4/30/2004,0.96
5/3/2004,0.99
5/4/2004,0.99
5/5/2004,0.97
5/6/2004,0.98
5/7/2004,1.05
5/10/2004,1.07
5/11/2004,1.04
5/12/2004,1.02
5/13/2004,0.98
5/14/2004,0.97
5/17/2004,1.05
5/18/2004,1.04
5/19/2004,1.02
5/20/2004,1.01
5/21/2004,1.01
5/24/2004,1.06
5/25/2004,1.06
5/26/2004,1.06
5/27/2004,1.04
5/28/2004,1.06
6/1/2004,1.15
6/2/2004,1.15
6/3/2004,1.15
6/4/2004,1.18
6/7/2004,1.23
6/8/2004,1.25
6/9/2004,1.25
6/10/2004,1.27
6/14/2004,1.4
6/15/2004,1.32
6/16/2004,1.28
6/17/2004,1.25
6/18/2004,1.26
6/21/2004,1.32
6/22/2004,1.3
6/23/2004,1.27
6/24/2004,1.26
6/25/2004,1.28
6/28/2004,1.36
6/29/2004,1.36
6/30/2004,1.31
7/1/2004,1.2
7/2/2004,1.27
7/6/2004,1.32
7/7/2004,1.28
7/8/2004,1.25
7/9/2004,1.25
7/12/2004,1.32
7/13/2004,1.32
7/14/2004,1.32
7/15/2004,1.32
7/16/2004,1.32
7/19/2004,1.33
7/20/2004,1.34
7/21/2004,1.33
7/22/2004,1.34
7/23/2004,1.35
7/26/2004,1.43
7/27/2004,1.44
7/28/2004,1.43
7/29/2004,1.42
7/30/2004,1.42
8/2/2004,1.48
8/3/2004,1.46
8/4/2004,1.46
8/5/2004,1.45
8/6/2004,1.41
8/9/2004,1.49
8/10/2004,1.49
8/11/2004,1.42
8/12/2004,1.41
8/13/2004,1.41
8/16/2004,1.47
8/17/2004,1.45
8/18/2004,1.46
8/19/2004,1.45
8/20/2004,1.46
8/23/2004,1.52
8/24/2004,1.52
8/25/2004,1.52
8/26/2004,1.52
8/27/2004,1.53
8/30/2004,1.59
8/31/2004,1.57
9/1/2004,1.55
9/2/2004,1.57
9/3/2004,1.62
9/7/2004,1.64
9/8/2004,1.62
9/9/2004,1.61
9/10/2004,1.63
9/13/2004,1.64
9/14/2004,1.64
9/15/2004,1.64
9/16/2004,1.64
9/17/2004,1.68
9/20/2004,1.7
9/21/2004,1.69
9/22/2004,1.68
9/23/2004,1.69
9/24/2004,1.7
9/27/2004,1.72
9/28/2004,1.69
9/29/2004,1.69
9/30/2004,1.68
10/1/2004,1.67
10/4/2004,1.69
10/5/2004,1.68
10/6/2004,1.68
10/7/2004,1.67
10/8/2004,1.67
10/12/2004,1.69
10/13/2004,1.69
10/14/2004,1.71
10/15/2004,1.72
10/18/2004,1.78
10/19/2004,1.79
10/20/2004,1.79
10/21/2004,1.81
10/22/2004,1.81
10/25/2004,1.87
10/26/2004,1.86
10/27/2004,1.88
10/28/2004,1.87
10/29/2004,1.87
11/1/2004,1.96
11/2/2004,1.94
11/3/2004,1.92
11/4/2004,1.94
11/5/2004,1.99
11/8/2004,2.04
11/9/2004,2.04
11/10/2004,2.04
11/12/2004,2.04
11/15/2004,2.09
11/16/2004,2.1
11/17/2004,2.09
11/18/2004,2.09
11/19/2004,2.1
11/22/2004,2.16
11/23/2004,2.13
11/24/2004,2.14
11/26/2004,2.16
11/29/2004,2.2
11/30/2004,2.2
12/1/2004,2.18
12/2/2004,2.18
12/3/2004,2.17
12/6/2004,2.22
12/7/2004,2.21
12/8/2004,2.2
12/9/2004,2.2
12/10/2004,2.21
12/13/2004,2.21
12/14/2004,2.18
12/15/2004,2.17
12/16/2004,2.16
12/17/2004,2.16
12/20/2004,2.19
12/21/2004,2.17
12/22/2004,2.15
12/23/2004,2.15
12/27/2004,2.24
12/28/2004,2.22
12/29/2004,2.19
12/30/2004,2.18
12/31/2004,2.18
1/3/2005,2.29
1/4/2005,2.3
1/5/2005,2.29
1/6/2005,2.27
1/7/2005,2.29
1/10/2005,2.33
1/11/2005,2.31
1/12/2005,2.3
1/13/2005,2.31
1/14/2005,2.32
1/18/2005,2.36
1/19/2005,2.33
1/20/2005,2.31
1/21/2005,2.31
1/24/2005,2.34
1/25/2005,2.36
1/26/2005,2.37
1/27/2005,2.4
1/28/2005,2.41
1/31/2005,2.48
2/1/2005,2.47
2/2/2005,2.47
2/3/2005,2.44
2/4/2005,2.43
2/7/2005,2.48
2/8/2005,2.48
2/9/2005,2.47
2/10/2005,2.47
2/11/2005,2.5
2/14/2005,2.55
2/15/2005,2.55
2/16/2005,2.53
2/17/2005,2.53
2/18/2005,2.56
2/22/2005,2.63
2/23/2005,2.63
2/24/2005,2.64
2/25/2005,2.69
2/28/2005,2.72
3/1/2005,2.7
3/2/2005,2.68
3/3/2005,2.7
3/4/2005,2.7
3/7/2005,2.71
3/8/2005,2.7
3/9/2005,2.7
3/10/2005,2.69
3/11/2005,2.7
3/14/2005,2.75
3/15/2005,2.75
3/16/2005,2.74
3/17/2005,2.73
3/18/2005,2.75
3/21/2005,2.8
3/22/2005,2.83
3/23/2005,2.77
3/24/2005,2.78
3/28/2005,2.79
3/29/2005,2.78
3/30/2005,2.77
3/31/2005,2.73
4/1/2005,2.74
4/4/2005,2.75
4/5/2005,2.74
4/6/2005,2.71
4/7/2005,2.71
4/8/2005,2.73
4/11/2005,2.71
4/12/2005,2.71
4/13/2005,2.72
4/14/2005,2.72
4/15/2005,2.73
4/18/2005,2.85
4/19/2005,2.85
4/20/2005,2.81
4/21/2005,2.82
4/22/2005,2.87
4/25/2005,2.88
4/26/2005,2.86
4/27/2005,2.83
4/28/2005,2.82
4/29/2005,2.84
5/2/2005,2.88
5/3/2005,2.85
5/4/2005,2.81
5/5/2005,2.75
5/6/2005,2.8
5/9/2005,2.86
5/10/2005,2.84
5/11/2005,2.81
5/12/2005,2.82
5/13/2005,2.76
5/16/2005,2.84
5/17/2005,2.82
5/18/2005,2.8
5/19/2005,2.81
5/20/2005,2.83
5/23/2005,2.91
5/24/2005,2.88
5/25/2005,2.89
5/26/2005,2.88
5/27/2005,2.9
5/31/2005,2.93
6/1/2005,2.91
6/2/2005,2.91
6/3/2005,2.94
6/6/2005,2.96
6/7/2005,2.96
6/8/2005,2.96
6/9/2005,2.93
6/10/2005,2.94
6/13/2005,2.97
6/14/2005,2.95
6/15/2005,2.94
6/16/2005,2.91
6/17/2005,2.92
6/20/2005,2.96
6/21/2005,2.96
6/22/2005,2.97
6/23/2005,3
6/24/2005,3.02
6/27/2005,3.09
6/28/2005,3.08
6/29/2005,3.06
6/30/2005,3.06
7/1/2005,3.1
7/5/2005,3.15
7/6/2005,3.12
7/7/2005,3.08
7/8/2005,3.1
7/11/2005,3.13
7/12/2005,3.14
7/13/2005,3.15
7/14/2005,3.16
7/15/2005,3.18
7/18/2005,3.23
7/19/2005,3.24
7/20/2005,3.23
7/21/2005,3.27
7/22/2005,3.3
7/25/2005,3.37
7/26/2005,3.36
7/27/2005,3.33
7/28/2005,3.33
7/29/2005,3.34
8/1/2005,3.41
8/2/2005,3.41
8/3/2005,3.38
8/4/2005,3.39
8/5/2005,3.44
8/8/2005,3.47
8/9/2005,3.44
8/10/2005,3.43
8/11/2005,3.43
8/12/2005,3.44
8/15/2005,3.47
8/16/2005,3.46
8/17/2005,3.44
8/18/2005,3.42
8/19/2005,3.44
8/22/2005,3.46
8/23/2005,3.46
8/24/2005,3.45
8/25/2005,3.46
8/26/2005,3.47
8/29/2005,3.47
8/30/2005,3.46
8/31/2005,3.44
9/1/2005,3.4
9/2/2005,3.38
9/6/2005,3.45
9/7/2005,3.41
9/8/2005,3.4
9/9/2005,3.41
9/12/2005,3.44
9/13/2005,3.4
9/14/2005,3.35
9/15/2005,3.37
9/16/2005,3.42
9/19/2005,3.51
9/20/2005,3.54
9/21/2005,3.34
9/22/2005,3.39
9/23/2005,3.4
9/26/2005,3.46
9/27/2005,3.42
9/28/2005,3.39
9/29/2005,3.46
9/30/2005,3.47
10/3/2005,3.54
10/4/2005,3.55
10/5/2005,3.5
10/6/2005,3.52
10/7/2005,3.54
10/11/2005,3.65
10/12/2005,3.62
10/13/2005,3.66
10/14/2005,3.69
10/17/2005,3.78
10/18/2005,3.77
10/19/2005,3.77
10/20/2005,3.76
10/21/2005,3.77
10/24/2005,3.84
10/25/2005,3.84
10/26/2005,3.81
10/27/2005,3.79
10/28/2005,3.83
10/31/2005,3.89
11/1/2005,3.87
11/2/2005,3.85
11/3/2005,3.85
11/4/2005,3.88
11/7/2005,3.87
11/8/2005,3.87
11/9/2005,3.9
11/10/2005,3.88
11/14/2005,3.93
11/15/2005,3.92
11/16/2005,3.91
11/17/2005,3.92
11/18/2005,3.91
11/21/2005,3.91
11/22/2005,3.84
11/23/2005,3.86
11/25/2005,3.86
11/28/2005,3.89
11/29/2005,3.89
11/30/2005,3.86
12/1/2005,3.88
12/2/2005,3.9
12/5/2005,3.95
12/6/2005,3.95
12/7/2005,3.94
12/8/2005,3.85
12/9/2005,3.85
12/12/2005,3.83
12/13/2005,3.83
12/14/2005,3.81
12/15/2005,3.84
12/16/2005,3.84
12/19/2005,3.89
12/20/2005,3.88
12/21/2005,3.9
12/22/2005,3.89
12/23/2005,3.9
12/27/2005,3.9
12/28/2005,3.87
12/29/2005,3.92
12/30/2005,3.99
1/3/2006,4.07
1/4/2006,4.09
1/5/2006,4.1
1/6/2006,4.12
1/9/2006,4.14
1/10/2006,4.19
1/11/2006,4.2
1/12/2006,4.22
1/13/2006,4.23
1/17/2006,4.28
1/18/2006,4.25
1/19/2006,4.25
1/20/2006,4.25
1/23/2006,4.28
1/24/2006,4.3
1/25/2006,4.32
1/26/2006,4.34
1/27/2006,4.34
1/30/2006,4.38
1/31/2006,4.37
2/1/2006,4.37
2/2/2006,4.37
2/3/2006,4.37
2/6/2006,4.38
2/7/2006,4.39
2/8/2006,4.4
2/9/2006,4.41
2/10/2006,4.42
2/13/2006,4.45
2/14/2006,4.45
2/15/2006,4.44
2/16/2006,4.44
2/17/2006,4.43
2/21/2006,4.46
2/22/2006,4.46
2/23/2006,4.48
2/24/2006,4.49
2/27/2006,4.51
2/28/2006,4.51
3/1/2006,4.49
3/2/2006,4.5
3/3/2006,4.5
3/6/2006,4.49
3/7/2006,4.49
3/8/2006,4.47
3/9/2006,4.48
3/10/2006,4.5
3/13/2006,4.5
3/14/2006,4.48
3/15/2006,4.51
3/16/2006,4.5
3/17/2006,4.52
3/20/2006,4.55
3/21/2006,4.57
3/22/2006,4.57
3/23/2006,4.55
3/24/2006,4.54
3/27/2006,4.51
3/28/2006,4.53
3/29/2006,4.51
3/30/2006,4.5
3/31/2006,4.52
4/3/2006,4.55
4/4/2006,4.56
4/5/2006,4.55
4/6/2006,4.56
4/7/2006,4.57
4/10/2006,4.58
4/11/2006,4.58
4/12/2006,4.58
4/13/2006,4.58
4/17/2006,4.61
4/18/2006,4.61
4/19/2006,4.61
4/20/2006,4.61
4/21/2006,4.63
4/24/2006,4.64
4/25/2006,4.67
4/26/2006,4.67
4/27/2006,4.66
4/28/2006,4.65
5/1/2006,4.7
5/2/2006,4.69
5/3/2006,4.7
5/4/2006,4.68
5/5/2006,4.7
5/8/2006,4.75
5/9/2006,4.76
5/10/2006,4.76
5/11/2006,4.7
5/12/2006,4.72
5/15/2006,4.74
5/16/2006,4.71
5/17/2006,4.71
5/18/2006,4.71
5/19/2006,4.7
5/22/2006,4.71
5/23/2006,4.72
5/24/2006,4.7
5/25/2006,4.7
5/26/2006,4.72
5/30/2006,4.72
5/31/2006,4.74
6/1/2006,4.71
6/2/2006,4.69
6/5/2006,4.73
6/6/2006,4.74
6/7/2006,4.74
6/8/2006,4.74
6/9/2006,4.75
6/12/2006,4.81
6/13/2006,4.77
6/14/2006,4.77
6/15/2006,4.72
6/16/2006,4.75
6/19/2006,4.81
6/20/2006,4.8
6/21/2006,4.79
6/22/2006,4.79
6/23/2006,4.84
6/26/2006,4.91
6/27/2006,4.92
6/28/2006,4.88
6/29/2006,4.88
6/30/2006,4.87
7/3/2006,4.96
7/5/2006,4.88
7/6/2006,4.87
7/7/2006,4.89
7/10/2006,4.93
7/11/2006,4.92
7/12/2006,4.93
7/13/2006,4.92
7/14/2006,4.93
7/17/2006,4.98
7/18/2006,5
7/19/2006,4.98
7/20/2006,4.95
7/21/2006,4.96
7/24/2006,4.97
7/25/2006,5
7/26/2006,4.98
7/27/2006,4.97
7/28/2006,4.94
7/31/2006,4.97
8/1/2006,4.99
8/2/2006,4.97
8/3/2006,4.98
8/4/2006,4.96
8/7/2006,4.99
8/8/2006,4.97
8/9/2006,4.94
8/10/2006,4.92
8/11/2006,4.94
8/14/2006,4.99
8/15/2006,4.97
8/16/2006,4.94
8/17/2006,4.96
8/18/2006,4.97
8/21/2006,4.98
8/22/2006,4.97
8/23/2006,4.96
8/24/2006,4.96
8/25/2006,4.98
8/28/2006,4.97
8/29/2006,4.94
8/30/2006,4.92
8/31/2006,4.92
9/1/2006,4.89
9/5/2006,4.87
9/6/2006,4.84
9/7/2006,4.84
9/8/2006,4.8
9/11/2006,4.81
9/12/2006,4.78
9/13/2006,4.79
9/14/2006,4.82
9/15/2006,4.83
9/18/2006,4.82
9/19/2006,4.82
9/20/2006,4.81
9/21/2006,4.79
9/22/2006,4.8
9/25/2006,4.76
9/26/2006,4.76
9/27/2006,4.76
9/28/2006,4.75
9/29/2006,4.77
10/2/2006,4.76
10/3/2006,4.78
10/4/2006,4.8
10/5/2006,4.81
10/6/2006,4.82
10/10/2006,4.87
10/11/2006,4.89
10/12/2006,4.93
10/13/2006,4.92
10/16/2006,4.96
10/17/2006,4.96
10/18/2006,4.96
10/19/2006,4.97
10/20/2006,4.96
10/23/2006,4.99
10/24/2006,5
10/25/2006,4.99
10/26/2006,4.99
10/27/2006,4.98
10/30/2006,4.97
10/31/2006,4.95
11/1/2006,4.94
11/2/2006,4.94
11/3/2006,4.96
11/6/2006,4.96
11/7/2006,4.95
11/8/2006,4.97
11/9/2006,4.96
11/10/2006,4.97
11/13/2006,4.96
11/14/2006,4.96
11/15/2006,4.96
11/16/2006,4.96
11/17/2006,4.96
11/20/2006,4.95
11/21/2006,4.94
11/22/2006,4.92
11/24/2006,4.91
11/27/2006,4.92
11/28/2006,4.91
11/29/2006,4.91
11/30/2006,4.9
12/1/2006,4.9
12/4/2006,4.88
12/5/2006,4.86
12/6/2006,4.86
12/7/2006,4.85
12/8/2006,4.84
12/11/2006,4.81
12/12/2006,4.81
12/13/2006,4.82
12/14/2006,4.83
12/15/2006,4.79
12/18/2006,4.84
12/19/2006,4.84
12/20/2006,4.84
12/21/2006,4.84
12/22/2006,4.86
12/26/2006,4.87
12/27/2006,4.85
12/28/2006,4.87
12/29/2006,4.89
1/2/2007,4.94
1/3/2007,4.92
1/4/2007,4.91
1/5/2007,4.92
1/8/2007,4.95
1/9/2007,4.95
1/10/2007,4.96
1/11/2007,4.98
1/12/2007,4.96
1/16/2007,4.98
1/17/2007,4.99
1/18/2007,4.99
1/19/2007,5.01
1/22/2007,5
1/23/2007,5.01
1/24/2007,5
1/25/2007,5.01
1/26/2007,5
1/29/2007,5.01
1/30/2007,5
1/31/2007,4.99
2/1/2007,5
2/2/2007,5.01
2/5/2007,5.02
2/6/2007,5.01
2/7/2007,5.02
2/8/2007,5.03
2/9/2007,5.02
2/12/2007,5.04
2/13/2007,5.03
2/14/2007,5.02
2/15/2007,5.03
2/16/2007,5.04
2/20/2007,5.05
2/21/2007,5.04
2/22/2007,5.05
2/23/2007,5.05
2/26/2007,5.05
2/27/2007,4.99
2/28/2007,5.01
3/1/2007,5
3/2/2007,4.98
3/5/2007,4.97
3/6/2007,4.99
3/7/2007,4.97
3/8/2007,4.95
3/9/2007,4.96
3/12/2007,4.96
3/13/2007,4.94
3/14/2007,4.92
3/15/2007,4.91
3/16/2007,4.9
3/19/2007,4.93
3/20/2007,4.92
3/21/2007,4.91
3/22/2007,4.92
3/23/2007,4.94
3/26/2007,4.93
3/27/2007,4.93
3/28/2007,4.92
3/29/2007,4.91
3/30/2007,4.9
4/2/2007,4.91
4/3/2007,4.91
4/4/2007,4.92
4/5/2007,4.9
4/6/2007,4.91
4/9/2007,4.89
4/10/2007,4.89
4/11/2007,4.9
4/12/2007,4.89
4/13/2007,4.88
4/16/2007,4.88
4/17/2007,4.87
4/18/2007,4.86
4/19/2007,4.85
4/20/2007,4.85
4/23/2007,4.85
4/24/2007,4.84
4/25/2007,4.83
4/26/2007,4.82
4/27/2007,4.81
4/30/2007,4.79
5/1/2007,4.76
5/2/2007,4.77
5/3/2007,4.76
5/4/2007,4.76
5/7/2007,4.77
5/8/2007,4.76
5/9/2007,4.74
5/10/2007,4.73
5/11/2007,4.73
5/14/2007,4.73
5/15/2007,4.7
5/16/2007,4.62
5/17/2007,4.68
5/18/2007,4.7
5/21/2007,4.76
5/22/2007,4.79
5/23/2007,4.77
5/24/2007,4.77
5/25/2007,4.75
5/29/2007,4.76
5/30/2007,4.71
5/31/2007,4.6
6/1/2007,4.66
6/4/2007,4.68
6/5/2007,4.7
6/6/2007,4.67
6/7/2007,4.67
6/8/2007,4.64
6/11/2007,4.6
6/12/2007,4.59
6/13/2007,4.53
6/14/2007,4.52
6/15/2007,4.43
6/18/2007,4.51
6/19/2007,4.52
6/20/2007,4.61
6/21/2007,4.57
6/22/2007,4.59
6/25/2007,4.69
6/26/2007,4.69
6/27/2007,4.64
6/28/2007,4.64
6/29/2007,4.68
7/2/2007,4.81
7/3/2007,4.81
7/5/2007,4.81
7/6/2007,4.81
7/9/2007,4.83
7/10/2007,4.81
7/11/2007,4.81
7/12/2007,4.83
7/13/2007,4.83
7/16/2007,4.84
7/17/2007,4.82
7/18/2007,4.82
7/19/2007,4.84
7/20/2007,4.83
7/23/2007,4.88
7/24/2007,4.88
7/25/2007,4.85
7/26/2007,4.78
7/27/2007,4.72
7/30/2007,4.82
7/31/2007,4.82
8/1/2007,4.75
8/2/2007,4.75
8/3/2007,4.72
8/6/2007,4.74
8/7/2007,4.8
8/8/2007,4.81
8/9/2007,4.67
8/10/2007,4.44
8/13/2007,4.61
8/14/2007,4.51
8/15/2007,4.1
8/16/2007,3.69
8/17/2007,3.65
8/20/2007,3.08
8/21/2007,3.51
8/22/2007,3.58
8/23/2007,3.79
8/24/2007,4.13
8/27/2007,4.5
8/28/2007,4.28
8/29/2007,3.88
8/30/2007,3.74
8/31/2007,3.91
9/4/2007,4.35
9/5/2007,4.24
9/6/2007,4.18
9/7/2007,3.96
9/10/2007,3.86
9/11/2007,4
9/12/2007,3.93
9/13/2007,3.97
9/14/2007,3.9
9/17/2007,4.05
9/18/2007,3.91
9/19/2007,3.83
9/20/2007,3.69
9/21/2007,3.64
9/24/2007,3.76
9/25/2007,3.7
9/26/2007,3.64
9/27/2007,3.62
9/28/2007,3.72
10/1/2007,3.83
10/2/2007,3.86
10/3/2007,3.86
10/4/2007,3.85
10/5/2007,3.89
10/9/2007,3.96
10/10/2007,3.95
10/11/2007,4.01
10/12/2007,4.09
10/15/2007,4.19
10/16/2007,4.14
10/17/2007,3.91
10/18/2007,3.66
10/19/2007,3.75
10/22/2007,3.9
10/23/2007,3.88
10/24/2007,3.75
10/25/2007,3.84
10/26/2007,3.86
10/29/2007,3.91
10/30/2007,3.86
10/31/2007,3.84
11/1/2007,3.71
11/2/2007,3.52
11/5/2007,3.62
11/6/2007,3.66
11/7/2007,3.4
11/8/2007,3.3
11/9/2007,3.19
11/13/2007,3.41
11/14/2007,3.33
11/15/2007,3.22
11/16/2007,3.32
11/19/2007,3.32
11/20/2007,3.17
11/21/2007,3.02
11/23/2007,3.15
11/26/2007,3.06
11/27/2007,3.08
11/28/2007,2.98
11/29/2007,2.92
11/30/2007,3.08
12/3/2007,2.99
12/4/2007,3
12/5/2007,3
12/6/2007,3.02
12/7/2007,3.04
12/10/2007,2.98
12/11/2007,2.87
12/12/2007,2.81
12/13/2007,2.8
12/14/2007,2.81
12/17/2007,3.01
12/18/2007,2.98
12/19/2007,2.85
12/20/2007,2.85
12/21/2007,2.92
12/24/2007,3.26
12/26/2007,3.24
12/27/2007,3.09
12/28/2007,3.1
12/31/2007,3.29
1/2/2008,3.18
1/3/2008,3.16
1/4/2008,3.12
1/7/2008,3.19
1/8/2008,3.17
1/9/2008,3.14
1/10/2008,3.16
1/11/2008,3.02
1/14/2008,3.11
1/15/2008,3.09
1/16/2008,3.06
1/17/2008,3
1/18/2008,2.79
1/22/2008,2.3
1/23/2008,2.16
1/24/2008,2.32
1/25/2008,2.25
1/28/2008,2.29
1/29/2008,2.23
1/30/2008,2.16
1/31/2008,1.92
2/1/2008,2.06
2/4/2008,2.22
2/5/2008,2.14
2/6/2008,2.05
2/7/2008,2.12
2/8/2008,2.18
2/11/2008,2.25
2/12/2008,2.25
2/13/2008,2.22
2/14/2008,2.26
2/15/2008,2.16
2/19/2008,2.23
2/20/2008,2.2
2/21/2008,2.15
2/22/2008,2.15
2/25/2008,2.15
2/26/2008,2.09
2/27/2008,1.94
2/28/2008,1.86
2/29/2008,1.81
3/3/2008,1.67
3/4/2008,1.63
3/5/2008,1.5
3/6/2008,1.37
3/7/2008,1.42
3/10/2008,1.33
3/11/2008,1.45
3/12/2008,1.45
3/13/2008,1.33
3/14/2008,1.16
3/17/2008,1.09
3/18/2008,0.91
3/19/2008,0.6
3/20/2008,0.62
3/24/2008,1.23
3/25/2008,1.27
3/26/2008,1.27
3/27/2008,1.28
3/28/2008,1.31
3/31/2008,1.36
4/1/2008,1.38
4/2/2008,1.39
4/3/2008,1.38
4/4/2008,1.33
4/7/2008,1.43
4/8/2008,1.39
4/9/2008,1.29
4/10/2008,1.25
4/11/2008,1.17
4/14/2008,1.07
4/15/2008,1.09
4/16/2008,1.11
4/17/2008,1.21
4/18/2008,1.32
4/21/2008,1.33
4/22/2008,1.26
4/23/2008,1.24
4/24/2008,1.24
4/25/2008,1.31
4/28/2008,1.42
4/29/2008,1.44
4/30/2008,1.41
5/1/2008,1.42
5/2/2008,1.47
5/5/2008,1.51
5/6/2008,1.6
5/7/2008,1.64
5/8/2008,1.63
5/9/2008,1.66
5/12/2008,1.74
5/13/2008,1.8
5/14/2008,1.79
5/15/2008,1.8
5/16/2008,1.81
5/19/2008,1.79
5/20/2008,1.83
5/21/2008,1.83
5/22/2008,1.83
5/23/2008,1.82
5/27/2008,1.86
5/28/2008,1.86
5/29/2008,1.87
5/30/2008,1.85
6/2/2008,1.82
6/3/2008,1.82
6/4/2008,1.81
6/5/2008,1.82
6/6/2008,1.81
6/9/2008,1.86
6/10/2008,1.98
6/11/2008,1.92
6/12/2008,1.96
6/13/2008,1.95
6/16/2008,2.04
6/17/2008,1.96
6/18/2008,1.89
6/19/2008,1.87
6/20/2008,1.83
6/23/2008,1.85
6/24/2008,1.8
6/25/2008,1.78
6/26/2008,1.7
6/27/2008,1.64
6/30/2008,1.87
7/1/2008,1.84
7/2/2008,1.79
7/3/2008,1.81
7/7/2008,1.84
7/8/2008,1.83
7/9/2008,1.79
7/10/2008,1.64
7/11/2008,1.58
7/14/2008,1.5
7/15/2008,1.37
7/16/2008,1.35
7/17/2008,1.4
7/18/2008,1.45
7/21/2008,1.46
7/22/2008,1.52
7/23/2008,1.56
7/24/2008,1.62
7/25/2008,1.71
7/28/2008,1.7
7/29/2008,1.69
7/30/2008,1.67
7/31/2008,1.65
8/1/2008,1.63
8/4/2008,1.72
8/5/2008,1.72
8/6/2008,1.61
8/7/2008,1.63
8/8/2008,1.67
8/11/2008,1.84
8/12/2008,1.83
8/13/2008,1.82
8/14/2008,1.85
8/15/2008,1.81
8/18/2008,1.79
8/19/2008,1.77
8/20/2008,1.68
8/21/2008,1.69
8/22/2008,1.67
8/25/2008,1.71
8/26/2008,1.68
8/27/2008,1.64
8/28/2008,1.71
8/29/2008,1.69
9/2/2008,1.69
9/3/2008,1.67
9/4/2008,1.66
9/5/2008,1.65
9/8/2008,1.69
9/9/2008,1.63
9/10/2008,1.62
9/11/2008,1.58
9/12/2008,1.46
9/15/2008,1.03
9/16/2008,0.84
9/17/2008,0.03
9/18/2008,0.23
9/19/2008,0.97
9/22/2008,1.29
9/23/2008,0.81
9/24/2008,0.5
9/25/2008,0.75
9/26/2008,0.86
9/29/2008,0.96
9/30/2008,0.9
10/1/2008,0.84
10/2/2008,0.62
10/3/2008,0.5
10/6/2008,0.54
10/7/2008,0.81
10/8/2008,0.67
10/9/2008,0.58
10/10/2008,0.24
10/14/2008,0.34
10/15/2008,0.22
10/16/2008,0.45
10/17/2008,0.8
10/20/2008,1.24
10/21/2008,1.09
10/22/2008,1.03
10/23/2008,0.96
10/24/2008,0.86
10/27/2008,0.84
10/28/2008,0.76
10/29/2008,0.61
10/30/2008,0.4
10/31/2008,0.44
11/3/2008,0.49
11/4/2008,0.48
11/5/2008,0.39
11/6/2008,0.31
11/7/2008,0.3
11/10/2008,0.29
11/12/2008,0.18
11/13/2008,0.21
11/14/2008,0.14
11/17/2008,0.12
11/18/2008,0.12
11/19/2008,0.07
11/20/2008,0.03
11/21/2008,0.02
11/24/2008,0.13
11/25/2008,0.1
11/26/2008,0.05
11/28/2008,0.01
12/1/2008,0.07
12/2/2008,0.06
12/3/2008,0.02
12/4/2008,0.02
12/5/2008,0.02
12/8/2008,0.03
12/9/2008,0.03
12/10/2008,0
12/11/2008,0.01
12/12/2008,0.02
12/15/2008,0.04
12/16/2008,0.04
12/17/2008,0.05
12/18/2008,0
12/19/2008,0.02
12/22/2008,0.01
12/23/2008,0.02
12/24/2008,0
12/26/2008,0.03
12/29/2008,0.06
12/30/2008,0.1
12/31/2008,0.11
1/2/2009,0.08
1/5/2009,0.14
1/6/2009,0.14
1/7/2009,0.11
1/8/2009,0.09
1/9/2009,0.07
1/12/2009,0.12
1/13/2009,0.11
1/14/2009,0.12
1/15/2009,0.11
1/16/2009,0.12
1/20/2009,0.13
1/21/2009,0.11
1/22/2009,0.1
1/23/2009,0.11
1/26/2009,0.15
1/27/2009,0.13
1/28/2009,0.19
1/29/2009,0.23
1/30/2009,0.24
2/2/2009,0.27
2/3/2009,0.32
2/4/2009,0.3
2/5/2009,0.29
2/6/2009,0.28
2/9/2009,0.32
2/10/2009,0.31
2/11/2009,0.3
2/12/2009,0.29
2/13/2009,0.29
2/17/2009,0.32
2/18/2009,0.31
2/19/2009,0.3
2/20/2009,0.27
2/23/2009,0.3
2/24/2009,0.32
2/25/2009,0.3
2/26/2009,0.27
2/27/2009,0.26
3/2/2009,0.28
3/3/2009,0.27
3/4/2009,0.26
3/5/2009,0.2
3/6/2009,0.2
3/9/2009,0.23
3/10/2009,0.24
3/11/2009,0.23
3/12/2009,0.21
3/13/2009,0.19
3/16/2009,0.24
3/17/2009,0.24
3/18/2009,0.21
3/19/2009,0.2
3/20/2009,0.21
3/23/2009,0.22
3/24/2009,0.21
3/25/2009,0.19
3/26/2009,0.15
3/27/2009,0.13
3/30/2009,0.18
3/31/2009,0.21
4/1/2009,0.22
4/2/2009,0.22
4/3/2009,0.21
4/6/2009,0.2
4/7/2009,0.2
4/8/2009,0.18
4/9/2009,0.18
4/13/2009,0.18
4/14/2009,0.17
4/15/2009,0.15
4/16/2009,0.13
4/17/2009,0.14
4/20/2009,0.14
4/21/2009,0.15
4/22/2009,0.14
4/23/2009,0.1
4/24/2009,0.1
4/27/2009,0.13
4/28/2009,0.13
4/29/2009,0.11
4/30/2009,0.14
5/1/2009,0.15
5/4/2009,0.19
5/5/2009,0.19
5/6/2009,0.19
5/7/2009,0.18
5/8/2009,0.18
5/11/2009,0.19
5/12/2009,0.19
5/13/2009,0.17
5/14/2009,0.16
5/15/2009,0.17
5/18/2009,0.19
5/19/2009,0.18
5/20/2009,0.18
5/21/2009,0.19
5/22/2009,0.18
5/26/2009,0.18
5/27/2009,0.17
5/28/2009,0.15
5/29/2009,0.14
6/1/2009,0.13
6/2/2009,0.14
6/3/2009,0.14
6/4/2009,0.14
6/5/2009,0.19
6/8/2009,0.19
6/9/2009,0.19
6/10/2009,0.18
6/11/2009,0.19
6/12/2009,0.18
6/15/2009,0.17
6/16/2009,0.17
6/17/2009,0.17
6/18/2009,0.18
6/19/2009,0.18
6/22/2009,0.2
6/23/2009,0.2
6/24/2009,0.19
6/25/2009,0.18
6/26/2009,0.19
6/29/2009,0.2
6/30/2009,0.19
7/1/2009,0.17
7/2/2009,0.17
7/6/2009,0.19
7/7/2009,0.19
7/8/2009,0.18
7/9/2009,0.19
7/10/2009,0.18
7/13/2009,0.18
7/14/2009,0.18
7/15/2009,0.18
7/16/2009,0.19
7/17/2009,0.17
7/20/2009,0.19
7/21/2009,0.19
7/22/2009,0.19
7/23/2009,0.19
7/24/2009,0.18
7/27/2009,0.19
7/28/2009,0.19
7/29/2009,0.19
7/30/2009,0.18
7/31/2009,0.18
8/3/2009,0.19
8/4/2009,0.18
8/5/2009,0.18
8/6/2009,0.17
8/7/2009,0.18
8/10/2009,0.19
8/11/2009,0.18
8/12/2009,0.17
8/13/2009,0.17
8/14/2009,0.18
8/17/2009,0.18
8/18/2009,0.18
8/19/2009,0.17
8/20/2009,0.17
8/21/2009,0.17
8/24/2009,0.17
8/25/2009,0.17
8/26/2009,0.15
8/27/2009,0.15
8/28/2009,0.15
8/31/2009,0.15
9/1/2009,0.14
9/2/2009,0.14
9/3/2009,0.15
9/4/2009,0.14
9/8/2009,0.14
9/9/2009,0.14
9/10/2009,0.14
9/11/2009,0.14
9/14/2009,0.14
9/15/2009,0.13
9/16/2009,0.1
9/17/2009,0.1
9/18/2009,0.08
9/21/2009,0.11
9/22/2009,0.11
9/23/2009,0.11
9/24/2009,0.1
9/25/2009,0.1
9/28/2009,0.11
9/29/2009,0.13
9/30/2009,0.14
10/1/2009,0.1
10/2/2009,0.1
10/5/2009,0.08
10/6/2009,0.08
10/7/2009,0.09
10/8/2009,0.06
10/9/2009,0.07
10/13/2009,0.07
10/14/2009,0.07
10/15/2009,0.07
10/16/2009,0.07
10/19/2009,0.08
10/20/2009,0.08
10/21/2009,0.07
10/22/2009,0.06
10/23/2009,0.07
10/26/2009,0.08
10/27/2009,0.08
10/28/2009,0.07
10/29/2009,0.06
10/30/2009,0.05
11/2/2009,0.06
11/3/2009,0.06
11/4/2009,0.05
11/5/2009,0.04
11/6/2009,0.06
11/9/2009,0.07
11/12/2009,0.07
11/13/2009,0.06
11/16/2009,0.07
11/17/2009,0.06
11/18/2009,0.04
11/19/2009,0.02
11/20/2009,0.02
11/23/2009,0.05
11/24/2009,0.05
11/25/2009,0.05
11/27/2009,0.03
11/30/2009,0.06
12/1/2009,0.06
12/2/2009,0.05
12/3/2009,0.06
12/4/2009,0.06
12/7/2009,0.04
12/8/2009,0.03
12/9/2009,0.03
12/10/2009,0.02
12/11/2009,0.03
12/14/2009,0.04
12/15/2009,0.05
12/16/2009,0.04
12/17/2009,0.04
12/18/2009,0.05
12/21/2009,0.08
12/22/2009,0.08
12/23/2009,0.07
12/24/2009,0.05
12/28/2009,0.11
12/29/2009,0.1
12/30/2009,0.05
12/31/2009,0.06
1/4/2010,0.08
1/5/2010,0.07
1/6/2010,0.06
1/7/2010,0.05
1/8/2010,0.05
1/11/2010,0.04
1/12/2010,0.05
1/13/2010,0.06
1/14/2010,0.05
1/15/2010,0.06
1/19/2010,0.06
1/20/2010,0.05
1/21/2010,0.06
1/22/2010,0.06
1/25/2010,0.06
1/26/2010,0.07
1/27/2010,0.08
1/28/2010,0.08
1/29/2010,0.08
2/1/2010,0.1
2/2/2010,0.1
2/3/2010,0.1
2/4/2010,0.09
2/5/2010,0.1
2/8/2010,0.12
2/9/2010,0.12
2/10/2010,0.11
2/11/2010,0.11
2/12/2010,0.1
2/16/2010,0.1
2/17/2010,0.1
2/18/2010,0.1
2/19/2010,0.11
2/22/2010,0.11
2/23/2010,0.12
2/24/2010,0.12
2/25/2010,0.13
2/26/2010,0.13
3/1/2010,0.13
3/2/2010,0.14
3/3/2010,0.14
3/4/2010,0.14
3/5/2010,0.15
3/8/2010,0.16
3/9/2010,0.16
3/10/2010,0.15
3/11/2010,0.16
3/12/2010,0.15
3/15/2010,0.17
3/16/2010,0.16
3/17/2010,0.15
3/18/2010,0.16
3/19/2010,0.16
3/22/2010,0.15
3/23/2010,0.14
3/24/2010,0.14
3/25/2010,0.14
3/26/2010,0.14
3/29/2010,0.15
3/30/2010,0.16
3/31/2010,0.16
4/1/2010,0.16
4/2/2010,0.16
4/5/2010,0.18
4/6/2010,0.17
4/7/2010,0.17
4/8/2010,0.17
4/9/2010,0.16
4/12/2010,0.16
4/13/2010,0.16
4/14/2010,0.16
4/15/2010,0.16
4/16/2010,0.16
4/19/2010,0.16
4/20/2010,0.16
4/21/2010,0.15
4/22/2010,0.16
4/23/2010,0.16
4/26/2010,0.16
4/27/2010,0.16
4/28/2010,0.16
4/29/2010,0.17
4/30/2010,0.16
5/3/2010,0.17
5/4/2010,0.16
5/5/2010,0.15
5/6/2010,0.11
5/7/2010,0.13
5/10/2010,0.16
5/11/2010,0.16
5/12/2010,0.16
5/13/2010,0.16
5/14/2010,0.16
5/17/2010,0.16
5/18/2010,0.17
5/19/2010,0.17
5/20/2010,0.17
5/21/2010,0.17
5/24/2010,0.17
5/25/2010,0.17
5/26/2010,0.17
5/27/2010,0.17
5/28/2010,0.16
6/1/2010,0.16
6/2/2010,0.16
6/3/2010,0.14
6/4/2010,0.14
6/7/2010,0.12
6/8/2010,0.12
6/9/2010,0.1
6/10/2010,0.1
6/11/2010,0.08
6/14/2010,0.07
6/15/2010,0.09
6/16/2010,0.1
6/17/2010,0.09
6/18/2010,0.11
6/21/2010,0.12
6/22/2010,0.13
6/23/2010,0.13
6/24/2010,0.13
6/25/2010,0.13
6/28/2010,0.17
6/29/2010,0.15
6/30/2010,0.18
7/1/2010,0.17
7/2/2010,0.17
7/6/2010,0.17
7/7/2010,0.16
7/8/2010,0.15
7/9/2010,0.16
7/12/2010,0.16
7/13/2010,0.15
7/14/2010,0.15
7/15/2010,0.15
7/16/2010,0.15
7/19/2010,0.17
7/20/2010,0.16
7/21/2010,0.16
7/22/2010,0.16
7/23/2010,0.16
7/26/2010,0.16
7/27/2010,0.15
7/28/2010,0.15
7/29/2010,0.15
7/30/2010,0.15
8/2/2010,0.16
8/3/2010,0.16
8/4/2010,0.16
8/5/2010,0.15
8/6/2010,0.15
8/9/2010,0.15
8/10/2010,0.15
8/11/2010,0.15
8/12/2010,0.16
8/13/2010,0.15
8/16/2010,0.16
8/17/2010,0.17
8/18/2010,0.16
8/19/2010,0.16
8/20/2010,0.15
8/23/2010,0.16
8/24/2010,0.16
8/25/2010,0.16
8/26/2010,0.16
8/27/2010,0.15
8/30/2010,0.14
8/31/2010,0.14
9/1/2010,0.13
9/2/2010,0.14
9/3/2010,0.14
9/7/2010,0.14
9/8/2010,0.14
9/9/2010,0.14
9/10/2010,0.14
9/13/2010,0.15
9/14/2010,0.15
9/15/2010,0.15
9/16/2010,0.16
9/17/2010,0.16
9/20/2010,0.17
9/21/2010,0.17
9/22/2010,0.16
9/23/2010,0.16
9/24/2010,0.15
9/27/2010,0.16
9/28/2010,0.16
9/29/2010,0.16
9/30/2010,0.16
10/1/2010,0.16
10/4/2010,0.13
10/5/2010,0.12
10/6/2010,0.13
10/7/2010,0.13
10/8/2010,0.12
10/12/2010,0.13
10/13/2010,0.13
10/14/2010,0.14
10/15/2010,0.14
10/18/2010,0.15
10/19/2010,0.14
10/20/2010,0.14
10/21/2010,0.13
10/22/2010,0.13
10/25/2010,0.14
10/26/2010,0.14
10/27/2010,0.14
10/28/2010,0.13
10/29/2010,0.12
11/1/2010,0.13
11/2/2010,0.13
11/3/2010,0.13
11/4/2010,0.13
11/5/2010,0.13
11/8/2010,0.13
11/9/2010,0.13
11/10/2010,0.13
11/12/2010,0.13
11/15/2010,0.14
11/16/2010,0.15
11/17/2010,0.14
11/18/2010,0.15
11/19/2010,0.14
11/22/2010,0.15
11/23/2010,0.15
11/24/2010,0.16
11/26/2010,0.16
11/29/2010,0.18
11/30/2010,0.17
12/1/2010,0.16
12/2/2010,0.16
12/3/2010,0.14
12/6/2010,0.15
12/7/2010,0.14
12/8/2010,0.15
12/9/2010,0.14
12/10/2010,0.13
12/13/2010,0.15
12/14/2010,0.15
12/15/2010,0.14
12/16/2010,0.13
12/17/2010,0.11
12/20/2010,0.14
12/21/2010,0.14
12/22/2010,0.14
12/23/2010,0.14
12/27/2010,0.17
12/28/2010,0.15
12/29/2010,0.13
12/30/2010,0.12
12/31/2010,0.12
1/3/2011,0.15
1/4/2011,0.14
1/5/2011,0.14
1/6/2011,0.15
1/7/2011,0.14
1/10/2011,0.15
1/11/2011,0.15
1/12/2011,0.15
1/13/2011,0.15
1/14/2011,0.15
1/18/2011,0.16
1/19/2011,0.16
1/20/2011,0.16
1/21/2011,0.16
1/24/2011,0.16
1/25/2011,0.16
1/26/2011,0.16
1/27/2011,0.15
1/28/2011,0.15
1/31/2011,0.15
2/1/2011,0.15
2/2/2011,0.16
2/3/2011,0.14
2/4/2011,0.15
2/7/2011,0.16
2/8/2011,0.15
2/9/2011,0.14
2/10/2011,0.12
2/11/2011,0.12
2/14/2011,0.13
2/15/2011,0.13
2/16/2011,0.12
2/17/2011,0.09
2/18/2011,0.1
2/22/2011,0.12
2/23/2011,0.12
2/24/2011,0.13
2/25/2011,0.13
2/28/2011,0.15
3/1/2011,0.14
3/2/2011,0.13
3/3/2011,0.13
3/4/2011,0.12
3/7/2011,0.11
3/8/2011,0.11
3/9/2011,0.1
3/10/2011,0.08
3/11/2011,0.08
3/14/2011,0.09
3/15/2011,0.1
3/16/2011,0.1
3/17/2011,0.08
3/18/2011,0.07
3/21/2011,0.1
3/22/2011,0.1
3/23/2011,0.09
3/24/2011,0.09
3/25/2011,0.09
3/28/2011,0.11
3/29/2011,0.1
3/30/2011,0.1
3/31/2011,0.09
4/1/2011,0.07
4/4/2011,0.06
4/5/2011,0.07
4/6/2011,0.06
4/7/2011,0.04
4/8/2011,0.04
4/11/2011,0.05
4/12/2011,0.05
4/13/2011,0.06
4/14/2011,0.07
4/15/2011,0.07
4/18/2011,0.07
4/19/2011,0.06
4/20/2011,0.06
4/21/2011,0.06
4/25/2011,0.07
4/26/2011,0.07
4/27/2011,0.06
4/28/2011,0.04
4/29/2011,0.04
5/2/2011,0.05
5/3/2011,0.03
5/4/2011,0.03
5/5/2011,0.02
5/6/2011,0.02
5/9/2011,0.03
5/10/2011,0.03
5/11/2011,0.03
5/12/2011,0.02
5/13/2011,0.03
5/16/2011,0.04
5/17/2011,0.04
5/18/2011,0.05
5/19/2011,0.05
5/20/2011,0.05
5/23/2011,0.06
5/24/2011,0.06
5/25/2011,0.06
5/26/2011,0.05
5/27/2011,0.05
5/31/2011,0.06
6/1/2011,0.05
6/2/2011,0.04
6/3/2011,0.04
6/6/2011,0.05
6/7/2011,0.05
6/8/2011,0.04
6/9/2011,0.05
6/10/2011,0.05
6/13/2011,0.05
6/14/2011,0.05
6/15/2011,0.05
6/16/2011,0.05
6/17/2011,0.04
6/20/2011,0.03
6/21/2011,0.03
6/22/2011,0.02
6/23/2011,0.01
6/24/2011,0.02
6/27/2011,0.02
6/28/2011,0.03
6/29/2011,0.02
6/30/2011,0.03
7/1/2011,0.02
7/5/2011,0.02
7/6/2011,0.01
7/7/2011,0.03
7/8/2011,0.03
7/11/2011,0.03
7/12/2011,0.03
7/13/2011,0.01
7/14/2011,0.01
7/15/2011,0.02
7/18/2011,0.02
7/19/2011,0.03
7/20/2011,0.02
7/21/2011,0.05
7/22/2011,0.05
7/25/2011,0.05
7/26/2011,0.07
7/27/2011,0.08
7/28/2011,0.07
7/29/2011,0.1
8/1/2011,0.1
8/2/2011,0.06
8/3/2011,0.02
8/4/2011,0.02
8/5/2011,0.01
8/8/2011,0.05
8/9/2011,0.03
8/10/2011,0.02
8/11/2011,0.03
8/12/2011,0.02
8/15/2011,0.02
8/16/2011,0.03
8/17/2011,0.01
8/18/2011,0.01
8/19/2011,0.02
8/22/2011,0.01
8/23/2011,0.01
8/24/2011,0.02
8/25/2011,0.01
8/26/2011,0.01
8/29/2011,0.02
8/30/2011,0.01
8/31/2011,0.02
9/1/2011,0.02
9/2/2011,0.02
9/6/2011,0.02
9/7/2011,0.02
9/8/2011,0.02
9/9/2011,0.01
9/12/2011,0.01
9/13/2011,0.01
9/14/2011,0.01
9/15/2011,0.01
9/16/2011,0.01
9/19/2011,0.01
9/20/2011,0.01
9/21/2011,0.01
9/22/2011,0
9/23/2011,0.01
9/26/2011,0.02
9/27/2011,0.01
9/28/2011,0.02
9/29/2011,0.02
9/30/2011,0.02
10/3/2011,0.02
10/4/2011,0.01
10/5/2011,0
10/6/2011,0.01
10/7/2011,0.01
10/11/2011,0.02
10/12/2011,0.02
10/13/2011,0.02
10/14/2011,0.02
10/17/2011,0.04
10/18/2011,0.04
10/19/2011,0.03
10/20/2011,0.03
10/21/2011,0.02
10/24/2011,0.02
10/25/2011,0.01
10/26/2011,0.02
10/27/2011,0.02
10/28/2011,0.01
10/31/2011,0.01
11/1/2011,0.01
11/2/2011,0.01
11/3/2011,0.01
11/4/2011,0.01
11/7/2011,0.01
11/8/2011,0.01
11/9/2011,0.01
11/10/2011,0.01
11/14/2011,0.01
11/15/2011,0.01
11/16/2011,0.01
11/17/2011,0.02
11/18/2011,0.01
11/21/2011,0.02
11/22/2011,0.02
11/23/2011,0.02
11/25/2011,0.02
11/28/2011,0.03
11/29/2011,0.02
11/30/2011,0.01
12/1/2011,0.01
12/2/2011,0.02
12/5/2011,0.01
12/6/2011,0.01
12/7/2011,0.02
12/8/2011,0.01
12/9/2011,0.01
12/12/2011,0.01
12/13/2011,0.01
12/14/2011,0.01
12/15/2011,0
12/16/2011,0
12/19/2011,0.01
12/20/2011,0.01
12/21/2011,0.01
12/22/2011,0.01
12/23/2011,0.01
12/27/2011,0.02
12/28/2011,0.01
12/29/2011,0.02
12/30/2011,0.02
1/3/2012,0.02
1/4/2012,0.02
1/5/2012,0.02
1/6/2012,0.02
1/9/2012,0.01
1/10/2012,0.02
1/11/2012,0.02
1/12/2012,0.03
1/13/2012,0.03
1/17/2012,0.03
1/18/2012,0.03
1/19/2012,0.05
1/20/2012,0.05
1/23/2012,0.04
1/24/2012,0.04
1/25/2012,0.04
1/26/2012,0.05
1/27/2012,0.06
1/30/2012,0.05
1/31/2012,0.06
2/1/2012,0.06
2/2/2012,0.08
2/3/2012,0.08
2/6/2012,0.08
2/7/2012,0.08
2/8/2012,0.09
2/9/2012,0.09
2/10/2012,0.09
2/13/2012,0.11
2/14/2012,0.12
2/15/2012,0.11
2/16/2012,0.1
2/17/2012,0.09
2/21/2012,0.08
2/22/2012,0.09
2/23/2012,0.09
2/24/2012,0.1
2/27/2012,0.12
2/28/2012,0.1
2/29/2012,0.08
3/1/2012,0.08
3/2/2012,0.07
3/5/2012,0.08
3/6/2012,0.08
3/7/2012,0.08
3/8/2012,0.08
3/9/2012,0.09
3/12/2012,0.09
3/13/2012,0.08
3/14/2012,0.09
3/15/2012,0.08
3/16/2012,0.09
3/19/2012,0.1
3/20/2012,0.1
3/21/2012,0.09
3/22/2012,0.08
3/23/2012,0.08
3/26/2012,0.09
3/27/2012,0.09
3/28/2012,0.09
3/29/2012,0.07
3/30/2012,0.07
4/2/2012,0.08
4/3/2012,0.08
4/4/2012,0.08
4/5/2012,0.08
4/6/2012,0.07
4/9/2012,0.09
4/10/2012,0.09
4/11/2012,0.09
4/12/2012,0.09
4/13/2012,0.09
4/16/2012,0.08
4/17/2012,0.08
4/18/2012,0.07
4/19/2012,0.07
4/20/2012,0.08
4/23/2012,0.08
4/24/2012,0.09
4/25/2012,0.09
4/26/2012,0.09
4/27/2012,0.09
4/30/2012,0.1
5/1/2012,0.09
5/2/2012,0.08
5/3/2012,0.09
5/4/2012,0.07
5/7/2012,0.1
5/8/2012,0.09
5/9/2012,0.09
5/10/2012,0.1
5/11/2012,0.1
5/14/2012,0.1
5/15/2012,0.09
5/16/2012,0.1
5/17/2012,0.1
5/18/2012,0.08
5/21/2012,0.09
5/22/2012,0.09
5/23/2012,0.09
5/24/2012,0.1
5/25/2012,0.09
5/29/2012,0.09
5/30/2012,0.07
5/31/2012,0.07
6/1/2012,0.07
6/4/2012,0.08
6/5/2012,0.08
6/6/2012,0.09
6/7/2012,0.09
6/8/2012,0.09
6/11/2012,0.09
6/12/2012,0.1
6/13/2012,0.1
6/14/2012,0.11
6/15/2012,0.09
6/18/2012,0.1
6/19/2012,0.09
6/20/2012,0.09
6/21/2012,0.09
6/22/2012,0.09
6/25/2012,0.1
6/26/2012,0.1
6/27/2012,0.09
6/28/2012,0.09
6/29/2012,0.09
7/2/2012,0.1
7/3/2012,0.09
7/5/2012,0.08
7/6/2012,0.08
7/9/2012,0.09
7/10/2012,0.09
7/11/2012,0.1
7/12/2012,0.1
7/13/2012,0.1
7/16/2012,0.1
7/17/2012,0.1
7/18/2012,0.09
7/19/2012,0.09
7/20/2012,0.09
7/23/2012,0.1
7/24/2012,0.1
7/25/2012,0.1
7/26/2012,0.11
7/27/2012,0.11
7/30/2012,0.11
7/31/2012,0.11
8/1/2012,0.1
8/2/2012,0.09
8/3/2012,0.09
8/6/2012,0.1
8/7/2012,0.11
8/8/2012,0.11
8/9/2012,0.11
8/10/2012,0.1
8/13/2012,0.11
8/14/2012,0.11
8/15/2012,0.09
8/16/2012,0.09
8/17/2012,0.09
8/20/2012,0.11
8/21/2012,0.11
8/22/2012,0.11
8/23/2012,0.11
8/24/2012,0.1
8/27/2012,0.11
8/28/2012,0.1
8/29/2012,0.12
8/30/2012,0.1
8/31/2012,0.09
9/4/2012,0.1
9/5/2012,0.11
9/6/2012,0.11
9/7/2012,0.11
9/10/2012,0.1
9/11/2012,0.1
9/12/2012,0.1
9/13/2012,0.1
9/14/2012,0.11
9/17/2012,0.11
9/18/2012,0.1
9/19/2012,0.11
9/20/2012,0.11
9/21/2012,0.11
9/24/2012,0.11
9/25/2012,0.11
9/26/2012,0.11
9/27/2012,0.09
9/28/2012,0.1
10/1/2012,0.09
10/2/2012,0.09
10/3/2012,0.09
10/4/2012,0.1
10/5/2012,0.11
10/9/2012,0.1
10/10/2012,0.1
10/11/2012,0.1
10/12/2012,0.11
10/15/2012,0.11
10/16/2012,0.09
10/17/2012,0.11
10/18/2012,0.1
10/19/2012,0.1
10/22/2012,0.1
10/23/2012,0.11
10/24/2012,0.11
10/25/2012,0.11
10/26/2012,0.12
10/29/2012,0.14
10/31/2012,0.11
11/1/2012,0.09
11/2/2012,0.09
11/5/2012,0.11
11/6/2012,0.1
11/7/2012,0.1
11/8/2012,0.1
11/9/2012,0.09
11/13/2012,0.11
11/14/2012,0.1
11/15/2012,0.08
11/16/2012,0.06
11/19/2012,0.09
11/20/2012,0.08
11/21/2012,0.1
11/23/2012,0.1
11/26/2012,0.1
11/27/2012,0.1
11/28/2012,0.1
11/29/2012,0.09
11/30/2012,0.08
12/3/2012,0.1
12/4/2012,0.1
12/5/2012,0.1
12/6/2012,0.1
12/7/2012,0.09
12/10/2012,0.09
12/11/2012,0.08
12/12/2012,0.07
12/13/2012,0.06
12/14/2012,0.04
12/17/2012,0.05
12/18/2012,0.06
12/19/2012,0.05
12/20/2012,0.06
12/21/2012,0.06
12/24/2012,0.06
12/26/2012,0.09
12/27/2012,0.08
12/28/2012,0.01
12/31/2012,0.05
1/2/2013,0.08
1/3/2013,0.08
1/4/2013,0.07
1/7/2013,0.07
1/8/2013,0.07
1/9/2013,0.06
1/10/2013,0.06
1/11/2013,0.07
1/14/2013,0.08
1/15/2013,0.09
1/16/2013,0.08
1/17/2013,0.07
1/18/2013,0.08
1/22/2013,0.08
1/23/2013,0.08
1/24/2013,0.08
1/25/2013,0.08
1/28/2013,0.07
1/29/2013,0.07
1/30/2013,0.07
1/31/2013,0.07
2/1/2013,0.06
2/4/2013,0.07
2/5/2013,0.07
2/6/2013,0.07
2/7/2013,0.07
2/8/2013,0.07
2/11/2013,0.09
2/12/2013,0.09
2/13/2013,0.1
2/14/2013,0.11
2/15/2013,0.1
2/19/2013,0.12
2/20/2013,0.12
2/21/2013,0.13
2/22/2013,0.13
2/25/2013,0.12
2/26/2013,0.14
2/27/2013,0.11
2/28/2013,0.11
3/1/2013,0.11
3/4/2013,0.11
3/5/2013,0.08
3/6/2013,0.1
3/7/2013,0.1
3/8/2013,0.1
3/11/2013,0.1
3/12/2013,0.1
3/13/2013,0.09
3/14/2013,0.1
3/15/2013,0.09
3/18/2013,0.07
3/19/2013,0.07
3/20/2013,0.07
3/21/2013,0.07
3/22/2013,0.07
3/25/2013,0.08
3/26/2013,0.07
3/27/2013,0.09
3/28/2013,0.07
4/1/2013,0.08
4/2/2013,0.07
4/3/2013,0.06
4/4/2013,0.07
4/5/2013,0.07
4/8/2013,0.07
4/9/2013,0.06
4/10/2013,0.07
4/11/2013,0.07
4/12/2013,0.06
4/15/2013,0.06
4/16/2013,0.06
4/17/2013,0.06
4/18/2013,0.05
4/19/2013,0.05
4/22/2013,0.05
4/23/2013,0.05
4/24/2013,0.06
4/25/2013,0.05
4/26/2013,0.05
4/29/2013,0.05
4/30/2013,0.05
5/1/2013,0.06
5/2/2013,0.05
5/3/2013,0.05
5/6/2013,0.04
5/7/2013,0.04
5/8/2013,0.04
5/9/2013,0.04
5/10/2013,0.04
5/13/2013,0.05
5/14/2013,0.05
5/15/2013,0.04
5/16/2013,0.03
5/17/2013,0.04
5/20/2013,0.05
5/21/2013,0.04
5/22/2013,0.04
5/23/2013,0.05
5/24/2013,0.04
5/28/2013,0.05
5/29/2013,0.05
5/30/2013,0.04
5/31/2013,0.04
6/3/2013,0.05
6/4/2013,0.04
6/5/2013,0.05
6/6/2013,0.05
6/7/2013,0.04
6/10/2013,0.05
6/11/2013,0.05
6/12/2013,0.05
6/13/2013,0.05
6/14/2013,0.05
6/17/2013,0.05
6/18/2013,0.05
6/19/2013,0.05
6/20/2013,0.05
6/21/2013,0.05
6/24/2013,0.06
6/25/2013,0.06
6/26/2013,0.06
6/27/2013,0.06
6/28/2013,0.04
7/1/2013,0.04
7/2/2013,0.03
7/3/2013,0.05
7/5/2013,0.04
7/8/2013,0.05
7/9/2013,0.04
7/10/2013,0.04
7/11/2013,0.04
7/12/2013,0.04
7/15/2013,0.04
7/16/2013,0.03
7/17/2013,0.03
7/18/2013,0.03
7/19/2013,0.03
7/22/2013,0.04
7/23/2013,0.02
7/24/2013,0.03
7/25/2013,0.02
7/26/2013,0.03
7/29/2013,0.03
7/30/2013,0.04
7/31/2013,0.04
8/1/2013,0.04
8/2/2013,0.04
8/5/2013,0.05
8/6/2013,0.04
8/7/2013,0.05
8/8/2013,0.05
8/9/2013,0.05
8/12/2013,0.06
8/13/2013,0.06
8/14/2013,0.05
8/15/2013,0.05
8/16/2013,0.05
8/19/2013,0.06
8/20/2013,0.04
8/21/2013,0.04
8/22/2013,0.03
8/23/2013,0.03
8/26/2013,0.04
8/27/2013,0.05
8/28/2013,0.03
8/29/2013,0.02
8/30/2013,0.03
9/3/2013,0.02
9/4/2013,0.02
9/5/2013,0.02
9/6/2013,0.02
9/9/2013,0.02
9/10/2013,0.02
9/11/2013,0.02
9/12/2013,0.01
9/13/2013,0.01
9/16/2013,0.02
9/17/2013,0.01
9/18/2013,0.01
9/19/2013,0.01
9/20/2013,0.01
9/23/2013,0.02
9/24/2013,0.02
9/25/2013,0.02
9/26/2013,0
9/27/2013,0.02
9/30/2013,0.02
10/1/2013,0.02
10/2/2013,0.02
10/3/2013,0.03
10/4/2013,0.03
10/7/2013,0.03
10/8/2013,0.05
10/9/2013,0.05
10/10/2013,0.05
10/11/2013,0.08
10/15/2013,0.14
10/16/2013,0.1
10/17/2013,0.05
10/18/2013,0.04
10/21/2013,0.04
10/22/2013,0.04
10/23/2013,0.04
10/24/2013,0.03
10/25/2013,0.04
10/28/2013,0.04
10/29/2013,0.04
10/30/2013,0.04
10/31/2013,0.04
11/1/2013,0.04
11/4/2013,0.05
11/5/2013,0.05
11/6/2013,0.05
11/7/2013,0.05
11/8/2013,0.06
11/12/2013,0.08
11/13/2013,0.08
11/14/2013,0.08
11/15/2013,0.08
11/18/2013,0.09
11/19/2013,0.08
11/20/2013,0.08
11/21/2013,0.07
11/22/2013,0.07
11/25/2013,0.08
11/26/2013,0.07
11/27/2013,0.07
11/29/2013,0.06
12/2/2013,0.05
12/3/2013,0.06
12/4/2013,0.06
12/5/2013,0.06
12/6/2013,0.06
12/9/2013,0.07
12/10/2013,0.07
12/11/2013,0.07
12/12/2013,0.07
12/13/2013,0.07
12/16/2013,0.07
12/17/2013,0.07
12/18/2013,0.07
12/19/2013,0.06
12/20/2013,0.07
12/23/2013,0.07
12/24/2013,0.07
12/26/2013,0.07
12/27/2013,0.07
12/30/2013,0.07
12/31/2013,0.07
1/2/2014,0.07
1/3/2014,0.07
1/6/2014,0.05
1/7/2014,0.04
1/8/2014,0.05
1/9/2014,0.04
1/10/2014,0.05
1/13/2014,0.03
1/14/2014,0.04
1/15/2014,0.04
1/16/2014,0.04
1/17/2014,0.05
1/21/2014,0.04
1/22/2014,0.04
1/23/2014,0.04
1/24/2014,0.04
1/27/2014,0.05
1/28/2014,0.05
1/29/2014,0.04
1/30/2014,0.02
1/31/2014,0.02
2/3/2014,0.05
2/4/2014,0.06
2/5/2014,0.07
2/6/2014,0.07
2/7/2014,0.08
2/10/2014,0.07
2/11/2014,0.05
2/12/2014,0.05
2/13/2014,0.03
2/14/2014,0.02
2/18/2014,0.05
2/19/2014,0.06
2/20/2014,0.05
2/21/2014,0.05
2/24/2014,0.05
2/25/2014,0.05
2/26/2014,0.05
2/27/2014,0.04
2/28/2014,0.05
3/3/2014,0.05
3/4/2014,0.05
3/5/2014,0.06
3/6/2014,0.05
3/7/2014,0.06
3/10/2014,0.05
3/11/2014,0.05
3/12/2014,0.05
3/13/2014,0.05
3/14/2014,0.05
3/17/2014,0.06
3/18/2014,0.05
3/19/2014,0.06
3/20/2014,0.06
3/21/2014,0.06
3/24/2014,0.06
3/25/2014,0.05
3/26/2014,0.05
3/27/2014,0.04
3/28/2014,0.04
3/31/2014,0.05
4/1/2014,0.04
4/2/2014,0.02
4/3/2014,0.02
4/4/2014,0.03
4/7/2014,0.03
4/8/2014,0.03
4/9/2014,0.04
4/10/2014,0.04
4/11/2014,0.04
4/14/2014,0.04
4/15/2014,0.04
4/16/2014,0.04
4/17/2014,0.03
4/21/2014,0.04
4/22/2014,0.03
4/23/2014,0.02
4/24/2014,0.01
4/25/2014,0.03
4/28/2014,0.03
4/29/2014,0.02
4/30/2014,0.03
5/1/2014,0.03
5/2/2014,0.02
5/5/2014,0.03
5/6/2014,0.03
5/7/2014,0.03
5/8/2014,0.03
5/9/2014,0.03
5/12/2014,0.03
5/13/2014,0.03
5/14/2014,0.03
5/15/2014,0.03
5/16/2014,0.03
5/19/2014,0.03
5/20/2014,0.03
5/21/2014,0.04
5/22/2014,0.03
5/23/2014,0.04
5/27/2014,0.04
5/28/2014,0.04
5/29/2014,0.04
5/30/2014,0.04
6/2/2014,0.04
6/3/2014,0.04
6/4/2014,0.04
6/5/2014,0.04
6/6/2014,0.04
6/9/2014,0.04
6/10/2014,0.04
6/11/2014,0.04
6/12/2014,0.04
6/13/2014,0.04
6/16/2014,0.04
6/17/2014,0.04
6/18/2014,0.03
6/19/2014,0.02
6/20/2014,0.02
6/23/2014,0.03
6/24/2014,0.03
6/25/2014,0.03
6/26/2014,0.04
6/27/2014,0.03
6/30/2014,0.04
7/1/2014,0.02
7/2/2014,0.02
7/3/2014,0.01
7/7/2014,0.04
7/8/2014,0.03
7/9/2014,0.03
7/10/2014,0.02
7/11/2014,0.02
7/14/2014,0.03
7/15/2014,0.02
7/16/2014,0.02
7/17/2014,0.02
7/18/2014,0.02
7/21/2014,0.03
7/22/2014,0.03
7/23/2014,0.03
7/24/2014,0.03
7/25/2014,0.03
7/28/2014,0.04
7/29/2014,0.02
7/30/2014,0.04
7/31/2014,0.03
8/1/2014,0.03
8/4/2014,0.04
8/5/2014,0.03
8/6/2014,0.03
8/7/2014,0.03
8/8/2014,0.03
8/11/2014,0.04
8/12/2014,0.03
8/13/2014,0.04
8/14/2014,0.04
8/15/2014,0.03
8/18/2014,0.03
8/19/2014,0.03
8/20/2014,0.04
8/21/2014,0.02
8/22/2014,0.03
8/25/2014,0.04
8/26/2014,0.03
8/27/2014,0.04
8/28/2014,0.03
8/29/2014,0.03
9/2/2014,0.03
9/3/2014,0.03
9/4/2014,0.03
9/5/2014,0.03
9/8/2014,0.02
9/9/2014,0.02
9/10/2014,0.02
9/11/2014,0.02
9/12/2014,0.02
9/15/2014,0.02
9/16/2014,0.02
9/17/2014,0.02
9/18/2014,0.02
9/19/2014,0.02
9/22/2014,0.01
9/23/2014,0.01
9/24/2014,0.02
9/25/2014,0.01
9/26/2014,0.01
9/29/2014,0.02
9/30/2014,0.02
10/1/2014,0.02
10/2/2014,0.01
10/3/2014,0.01
10/6/2014,0.02
10/7/2014,0.02
10/8/2014,0.01
10/9/2014,0.01
10/10/2014,0.01
10/14/2014,0.02
10/15/2014,0.02
10/16/2014,0.03
10/17/2014,0.02
10/20/2014,0.02
10/21/2014,0.02
10/22/2014,0.02
10/23/2014,0.01
10/24/2014,0.01
10/27/2014,0.02
10/28/2014,0.02
10/29/2014,0.03
10/30/2014,0.01
10/31/2014,0.01
11/3/2014,0.02
11/4/2014,0.03
11/5/2014,0.03
11/6/2014,0.03
11/7/2014,0.03
11/10/2014,0.02
11/12/2014,0.02
11/13/2014,0.02
11/14/2014,0.02
11/17/2014,0.03
11/18/2014,0.02
11/19/2014,0.01
11/20/2014,0.02
11/21/2014,0.01
11/24/2014,0.02
11/25/2014,0.02
11/26/2014,0.02
11/28/2014,0.02
12/1/2014,0.03
12/2/2014,0.03
12/3/2014,0.01
12/4/2014,0.02
12/5/2014,0.02
12/8/2014,0.03
12/9/2014,0.04
12/10/2014,0.03
12/11/2014,0.03
12/12/2014,0.02
12/15/2014,0.04
12/16/2014,0.03
12/17/2014,0.03
12/18/2014,0.04
12/19/2014,0.04
12/22/2014,0.05
12/23/2014,0.03
12/24/2014,0.01
12/26/2014,0.01
12/29/2014,0.03
12/30/2014,0.03
12/31/2014,0.04
1/2/2015,0.02
1/5/2015,0.03
1/6/2015,0.03
1/7/2015,0.03
1/8/2015,0.03
1/9/2015,0.02
1/12/2015,0.03
1/13/2015,0.03
1/14/2015,0.04
1/15/2015,0.03
1/16/2015,0.03
1/20/2015,0.03
1/21/2015,0.03
1/22/2015,0.03
1/23/2015,0.02
1/26/2015,0.03
1/27/2015,0.02
1/28/2015,0.02
1/29/2015,0.03
1/30/2015,0.02
2/2/2015,0.02
2/3/2015,0.02
2/4/2015,0.01
2/5/2015,0.02
2/6/2015,0.02
2/9/2015,0.01
2/10/2015,0.01
2/11/2015,0.01
2/12/2015,0.02
2/13/2015,0.01
2/17/2015,0.02
2/18/2015,0.02
2/19/2015,0.02
2/20/2015,0.02
2/23/2015,0.02
2/24/2015,0.02
2/25/2015,0.02
2/26/2015,0.03
2/27/2015,0.02
3/2/2015,0.02
3/3/2015,0.02
3/4/2015,0.01
3/5/2015,0.02
3/6/2015,0.01
3/9/2015,0.02
3/10/2015,0.02
3/11/2015,0.03
3/12/2015,0.03
3/13/2015,0.03
3/16/2015,0.05
3/17/2015,0.05
3/18/2015,0.03
3/19/2015,0.03
3/20/2015,0.01
3/23/2015,0.03
3/24/2015,0.02
3/25/2015,0.04
3/26/2015,0.03
3/27/2015,0.04
3/30/2015,0.04
3/31/2015,0.03
4/1/2015,0.03
4/2/2015,0.02
4/3/2015,0.02
4/6/2015,0.03
4/7/2015,0.02
4/8/2015,0.03
4/9/2015,0.03
4/10/2015,0.02
4/13/2015,0.03
4/14/2015,0.02
4/15/2015,0.02
4/16/2015,0.02
4/17/2015,0.01
4/20/2015,0.03
4/21/2015,0.03
4/22/2015,0.03
4/23/2015,0.03
4/24/2015,0.03
4/27/2015,0.02
4/28/2015,0.02
4/29/2015,0.01
4/30/2015,0.01
5/1/2015,0.01
5/4/2015,0.02
5/5/2015,0.01
5/6/2015,0.02
5/7/2015,0.01
5/8/2015,0.01
5/11/2015,0.02
5/12/2015,0.03
5/13/2015,0.02
5/14/2015,0.01
5/15/2015,0.02
5/18/2015,0.02
5/19/2015,0.02
5/20/2015,0.02
5/21/2015,0.02
5/22/2015,0.02
5/26/2015,0.02
5/27/2015,0.01
5/28/2015,0.01
5/29/2015,0.01
6/1/2015,0.02
6/2/2015,0.01
6/3/2015,0.02
6/4/2015,0.02
6/5/2015,0.03
6/8/2015,0.02
6/9/2015,0.02
6/10/2015,0.02
6/11/2015,0.01
6/12/2015,0.02
6/15/2015,0.02
6/16/2015,0.01
6/17/2015,0.01
6/18/2015,0.01
6/19/2015,0.01
6/22/2015,0.01
6/23/2015,0.01
6/24/2015,0.01
6/25/2015,0.01
6/26/2015,0.01
6/29/2015,0.02
6/30/2015,0.01
7/1/2015,0.01
7/2/2015,0.01
7/6/2015,0.02
7/7/2015,0.02
7/8/2015,0.02
7/9/2015,0.03
7/10/2015,0.01
7/13/2015,0.02
7/14/2015,0.01
7/15/2015,0.02
7/16/2015,0.02
7/17/2015,0.03
7/20/2015,0.04
7/21/2015,0.03
7/22/2015,0.04
7/23/2015,0.03
7/24/2015,0.04
7/27/2015,0.05
7/28/2015,0.05
7/29/2015,0.06
7/30/2015,0.07
7/31/2015,0.08
8/3/2015,0.08
8/4/2015,0.08
8/5/2015,0.08
8/6/2015,0.04
8/7/2015,0.06
8/10/2015,0.12
8/11/2015,0.1
8/12/2015,0.1
8/13/2015,0.1
8/14/2015,0.09
8/17/2015,0.1
8/18/2015,0.07
8/19/2015,0.05
8/20/2015,0.02
8/21/2015,0.03
8/24/2015,0.06
8/25/2015,0.07
8/26/2015,0.06
8/27/2015,0.06
8/28/2015,0.06
8/31/2015,0.08
9/1/2015,0.03
9/2/2015,0.03
9/3/2015,0.02
9/4/2015,0.02
9/8/2015,0.06
9/9/2015,0.03
9/10/2015,0.02
9/11/2015,0.04
9/14/2015,0.07
9/15/2015,0.07
9/16/2015,0.06
9/17/2015,0.01
9/18/2015,-0.01
9/21/2015,0.01
9/22/2015,-0.01
9/23/2015,0.01
9/24/2015,0.01
9/25/2015,-0.01
9/28/2015,0.01
9/29/2015,0.01
9/30/2015,-0.01
10/1/2015,-0.02
10/2/2015,0
10/5/2015,0.01
10/6/2015,0
10/7/2015,0
10/8/2015,-0.01
10/9/2015,0.01
10/13/2015,0.01
10/14/2015,0
10/15/2015,0.01
10/16/2015,0.01
10/19/2015,0.02
10/20/2015,0.02
10/21/2015,0.01
10/22/2015,0
10/23/2015,0.01
10/26/2015,0.02
10/27/2015,0.03
10/28/2015,0.04
10/29/2015,0.07
10/30/2015,0.08
11/2/2015,0.08
11/3/2015,0.06
11/4/2015,0.05
11/5/2015,0.05
11/6/2015,0.08
11/9/2015,0.14
11/10/2015,0.13
11/11/2015,0.14
11/12/2015,0.14
11/13/2015,0.13
11/16/2015,0.15
11/17/2015,0.14
11/18/2015,0.12
11/19/2015,0.11
11/20/2015,0.11
11/23/2015,0.14
11/24/2015,0.16
11/25/2015,0.19
11/27/2015,0.17
11/30/2015,0.22
12/1/2015,0.21
12/2/2015,0.21
12/3/2015,0.21
12/4/2015,0.22
12/7/2015,0.29
12/8/2015,0.27
12/9/2015,0.26
12/10/2015,0.24
12/11/2015,0.22
12/14/2015,0.26
12/15/2015,0.25
12/16/2015,0.27
12/17/2015,0.23
12/18/2015,0.19
12/21/2015,0.24
12/22/2015,0.21
12/23/2015,0.2
12/24/2015,0.2
12/28/2015,0.23
12/29/2015,0.23
12/30/2015,0.21
12/31/2015,0.16
1/4/2016,0.22
1/5/2016,0.2
1/6/2016,0.21
1/7/2016,0.2
1/8/2016,0.2
1/11/2016,0.21
1/12/2016,0.21
1/13/2016,0.22
1/14/2016,0.25
1/15/2016,0.23
1/19/2016,0.26
1/20/2016,0.26
1/21/2016,0.28
1/22/2016,0.3
1/25/2016,0.31
1/26/2016,0.31
1/27/2016,0.32
1/28/2016,0.34
1/29/2016,0.32
2/1/2016,0.35
2/2/2016,0.34
2/3/2016,0.33
2/4/2016,0.29
2/5/2016,0.29
2/8/2016,0.32
2/9/2016,0.3
2/10/2016,0.31
2/11/2016,0.28
2/12/2016,0.29
2/16/2016,0.3
2/17/2016,0.3
2/18/2016,0.3
2/19/2016,0.3
2/22/2016,0.33
2/23/2016,0.32
2/24/2016,0.33
2/25/2016,0.32
2/26/2016,0.32
2/29/2016,0.33
3/1/2016,0.33
3/2/2016,0.35
3/3/2016,0.27
3/4/2016,0.28
3/7/2016,0.32
3/8/2016,0.29
3/9/2016,0.3
3/10/2016,0.31
3/11/2016,0.32
3/14/2016,0.34
3/15/2016,0.34
3/16/2016,0.31
3/17/2016,0.29
3/18/2016,0.29
3/21/2016,0.31
3/22/2016,0.3
3/23/2016,0.3
3/24/2016,0.29
3/28/2016,0.29
3/29/2016,0.23
3/30/2016,0.2
3/31/2016,0.21
4/1/2016,0.23
4/4/2016,0.23
4/5/2016,0.23
4/6/2016,0.23
4/7/2016,0.23
4/8/2016,0.23
4/11/2016,0.23
4/12/2016,0.22
4/13/2016,0.23
4/14/2016,0.22
4/15/2016,0.22
4/18/2016,0.22
4/19/2016,0.21
4/20/2016,0.23
4/21/2016,0.23
4/22/2016,0.23
4/25/2016,0.25
4/26/2016,0.24
4/27/2016,0.24
4/28/2016,0.22
4/29/2016,0.22
5/2/2016,0.22
5/3/2016,0.21
5/4/2016,0.19
5/5/2016,0.2
5/6/2016,0.19
5/9/2016,0.24
5/10/2016,0.24
5/11/2016,0.26
5/12/2016,0.27
5/13/2016,0.28
5/16/2016,0.28
5/17/2016,0.28
5/18/2016,0.3
5/19/2016,0.3
5/20/2016,0.32
5/23/2016,0.35
5/24/2016,0.35
5/25/2016,0.33
5/26/2016,0.3
5/27/2016,0.31
5/31/2016,0.34
6/1/2016,0.3
6/2/2016,0.28
6/3/2016,0.29
6/6/2016,0.28
6/7/2016,0.28
6/8/2016,0.24
6/9/2016,0.25
6/10/2016,0.25
6/13/2016,0.27
6/14/2016,0.27
6/15/2016,0.26
6/16/2016,0.27
6/17/2016,0.26
6/20/2016,0.28
6/21/2016,0.27
6/22/2016,0.27
6/23/2016,0.3
6/24/2016,0.26
6/27/2016,0.27
6/28/2016,0.26
6/29/2016,0.26
6/30/2016,0.26
7/1/2016,0.27
7/5/2016,0.28
7/6/2016,0.27
7/7/2016,0.29
7/8/2016,0.27
7/11/2016,0.31
7/12/2016,0.29
7/13/2016,0.31
7/14/2016,0.31
7/15/2016,0.31
7/18/2016,0.32
7/19/2016,0.31
7/20/2016,0.32
7/21/2016,0.31
7/22/2016,0.32
7/25/2016,0.32
7/26/2016,0.31
7/27/2016,0.31
7/28/2016,0.25
7/29/2016,0.27
8/1/2016,0.29
8/2/2016,0.29
8/3/2016,0.28
8/4/2016,0.26
8/5/2016,0.27
8/8/2016,0.31
8/9/2016,0.29
8/10/2016,0.28
8/11/2016,0.28
8/12/2016,0.28
8/15/2016,0.31
8/16/2016,0.27
8/17/2016,0.3
8/18/2016,0.29
8/19/2016,0.29
8/22/2016,0.29
8/23/2016,0.3
8/24/2016,0.31
8/25/2016,0.33
8/26/2016,0.33
8/29/2016,0.33
8/30/2016,0.33
8/31/2016,0.33
9/1/2016,0.33
9/2/2016,0.32
9/6/2016,0.32
9/7/2016,0.34
9/8/2016,0.34
9/9/2016,0.34
9/12/2016,0.37
9/13/2016,0.36
9/14/2016,0.33
9/15/2016,0.29
9/16/2016,0.29
9/19/2016,0.3
9/20/2016,0.3
9/21/2016,0.22
9/22/2016,0.18
9/23/2016,0.18
9/26/2016,0.25
9/27/2016,0.26
9/28/2016,0.27
9/29/2016,0.26
9/30/2016,0.28
10/3/2016,0.32
10/4/2016,0.33
10/5/2016,0.32
10/6/2016,0.32
10/7/2016,0.32
10/11/2016,0.35
10/12/2016,0.36
10/13/2016,0.29
10/14/2016,0.31
10/17/2016,0.34
10/18/2016,0.34
10/19/2016,0.34
10/20/2016,0.34
10/21/2016,0.33
10/24/2016,0.33
10/25/2016,0.34
10/26/2016,0.33
10/27/2016,0.29
10/28/2016,0.29
10/31/2016,0.34
11/1/2016,0.35
11/2/2016,0.36
11/3/2016,0.37
11/4/2016,0.37
11/7/2016,0.41
11/8/2016,0.43
11/9/2016,0.44
11/10/2016,0.47
11/14/2016,0.54
11/15/2016,0.5
11/16/2016,0.46
11/17/2016,0.43
11/18/2016,0.43
11/21/2016,0.46
11/22/2016,0.48
11/23/2016,0.5
11/25/2016,0.48
11/28/2016,0.48
11/29/2016,0.48
11/30/2016,0.48
12/1/2016,0.47
12/2/2016,0.48
12/5/2016,0.49
12/6/2016,0.49
12/7/2016,0.51
12/8/2016,0.5
12/9/2016,0.53
12/12/2016,0.51
12/13/2016,0.54
12/14/2016,0.54
12/15/2016,0.5
12/16/2016,0.5
12/19/2016,0.52
12/20/2016,0.52
12/21/2016,0.51
12/22/2016,0.5
12/23/2016,0.51
12/27/2016,0.51
12/28/2016,0.52
12/29/2016,0.46
12/30/2016,0.5
1/3/2017,0.53
1/4/2017,0.52
1/5/2017,0.51
1/6/2017,0.52
1/9/2017,0.5
1/10/2017,0.51
1/11/2017,0.51
1/12/2017,0.51
1/13/2017,0.52
1/17/2017,0.54
1/18/2017,0.52
1/19/2017,0.51
1/20/2017,0.49
1/23/2017,0.51
1/24/2017,0.5
1/25/2017,0.49
1/26/2017,0.5
1/27/2017,0.51
1/30/2017,0.51
1/31/2017,0.52
2/1/2017,0.5
2/2/2017,0.51
2/3/2017,0.5
2/6/2017,0.53
2/7/2017,0.53
2/8/2017,0.53
2/9/2017,0.53
2/10/2017,0.54
2/13/2017,0.52
2/14/2017,0.54
2/15/2017,0.53
2/16/2017,0.52
2/17/2017,0.52
2/21/2017,0.53
2/22/2017,0.52
2/23/2017,0.51
2/24/2017,0.51
2/27/2017,0.5
2/28/2017,0.53
3/1/2017,0.62
3/2/2017,0.66
3/3/2017,0.7
3/6/2017,0.73
3/7/2017,0.75
3/8/2017,0.72
3/9/2017,0.72
3/10/2017,0.73
3/13/2017,0.78
3/14/2017,0.77
3/15/2017,0.72
3/16/2017,0.72
3/17/2017,0.72
3/20/2017,0.75
3/21/2017,0.76
3/22/2017,0.76
3/23/2017,0.75
3/24/2017,0.77
3/27/2017,0.77
3/28/2017,0.77
3/29/2017,0.77
3/30/2017,0.77
3/31/2017,0.75
4/3/2017,0.78
4/4/2017,0.78
4/5/2017,0.79
4/6/2017,0.78
4/7/2017,0.81
4/10/2017,0.81
4/11/2017,0.81
4/12/2017,0.8
4/13/2017,0.8
4/17/2017,0.82
4/18/2017,0.81
4/19/2017,0.8
4/20/2017,0.78
4/21/2017,0.78
4/24/2017,0.8
4/25/2017,0.81
4/26/2017,0.82
4/27/2017,0.8
4/28/2017,0.79
5/1/2017,0.82
5/2/2017,0.81
5/3/2017,0.84
5/4/2017,0.84
5/5/2017,0.88
5/8/2017,0.9
5/9/2017,0.9
5/10/2017,0.89
5/11/2017,0.87
5/12/2017,0.86
5/15/2017,0.89
5/16/2017,0.89
5/17/2017,0.89
5/18/2017,0.91
5/19/2017,0.9
5/22/2017,0.92
5/23/2017,0.91
5/24/2017,0.92
5/25/2017,0.92
5/26/2017,0.92
5/30/2017,0.92
5/31/2017,0.96
6/1/2017,0.96
6/2/2017,0.96
6/7/2017,0.98
6/8/2017,0.99
6/9/2017,0.99
6/12/2017,0.97
6/13/2017,0.99
6/14/2017,0.99
6/15/2017,1
6/16/2017,1.01
6/19/2017,1.01
6/20/2017,1
6/21/2017,0.97
6/22/2017,0.94
6/23/2017,0.95
6/26/2017,0.98
6/27/2017,0.99
6/28/2017,1
6/29/2017,1.02
6/30/2017,1.01
7/3/2017,1.04
7/5/2017,1.03
7/6/2017,1.02
7/7/2017,1.03
7/10/2017,1.03
7/11/2017,1.03
7/12/2017,1.03
7/13/2017,1.03
7/14/2017,1.02
7/17/2017,1.05
7/18/2017,1.05
7/19/2017,1.09
7/20/2017,1.13
7/21/2017,1.14
7/24/2017,1.15
7/25/2017,1.16
7/26/2017,1.11
7/27/2017,1.09
7/28/2017,1.06
7/31/2017,1.05
8/1/2017,1.06
8/2/2017,1.06
8/3/2017,1.06
8/4/2017,1.06
8/7/2017,1.01
8/8/2017,1.04
8/9/2017,1.04
8/10/2017,1.03
8/11/2017,1.01
8/14/2017,1.01
8/15/2017,1.02
8/16/2017,1
8/17/2017,0.98
8/18/2017,1
8/21/2017,0.99
8/22/2017,0.99
8/23/2017,0.98
8/24/2017,1
8/25/2017,1.01
8/28/2017,0.97
8/29/2017,1.01
8/30/2017,1.01
8/31/2017,0.99
9/1/2017,1
9/5/2017,1.01
9/6/2017,1.05
9/7/2017,1.03
9/8/2017,1.02
9/11/2017,1.04
9/12/2017,1.02
9/13/2017,1.02
9/14/2017,1.03
9/15/2017,1.03
9/18/2017,1.04
9/19/2017,1.03
9/20/2017,1.02
9/21/2017,1.02
9/22/2017,1.01
9/25/2017,1.04
9/26/2017,1.05
9/27/2017,1.05
9/28/2017,1.04
9/29/2017,1.04
10/2/2017,1
10/3/2017,1.05
10/4/2017,1.06
10/5/2017,1.05
10/6/2017,1.05
10/10/2017,1.06
10/11/2017,1.08
10/12/2017,1.07
10/13/2017,1.07
10/16/2017,1.09
10/17/2017,1.07
10/18/2017,1.07
10/19/2017,1.08
10/20/2017,1.09
10/23/2017,1.08
10/24/2017,1.1
10/25/2017,1.1
10/26/2017,1.09
10/27/2017,1.08
10/30/2017,1.1
10/31/2017,1.13
11/1/2017,1.16
11/2/2017,1.15
11/3/2017,1.16
11/6/2017,1.17
11/7/2017,1.2
11/8/2017,1.21
11/9/2017,1.22
11/10/2017,1.21
11/13/2017,1.22
11/14/2017,1.24
11/15/2017,1.23
11/16/2017,1.25
11/17/2017,1.26
11/20/2017,1.28
11/21/2017,1.28
11/22/2017,1.27
11/24/2017,1.26
11/27/2017,1.25
11/28/2017,1.28
11/29/2017,1.27
11/30/2017,1.25
12/1/2017,1.25
12/4/2017,1.28
12/5/2017,1.28
12/6/2017,1.28
12/7/2017,1.27
12/8/2017,1.26
12/11/2017,1.31
12/12/2017,1.32
12/13/2017,1.28
12/14/2017,1.3
12/15/2017,1.29
12/18/2017,1.36
12/19/2017,1.35
12/20/2017,1.36
12/21/2017,1.33
12/22/2017,1.31
12/26/2017,1.45
12/27/2017,1.42
12/28/2017,1.37
12/29/2017,1.37
1/2/2018,1.42
1/3/2018,1.39
1/4/2018,1.39
1/5/2018,1.37
1/8/2018,1.43
1/9/2018,1.42
1/10/2018,1.4
1/11/2018,1.41
1/12/2018,1.41
1/16/2018,1.43
1/17/2018,1.42
1/18/2018,1.43
1/19/2018,1.42
1/22/2018,1.43
1/23/2018,1.42
1/24/2018,1.41
1/25/2018,1.4
1/26/2018,1.39
1/29/2018,1.43
1/30/2018,1.42
1/31/2018,1.44
2/1/2018,1.46
2/2/2018,1.46
2/5/2018,1.49
2/6/2018,1.5
2/7/2018,1.53
2/8/2018,1.53
2/9/2018,1.53
2/12/2018,1.61
2/13/2018,1.57
2/14/2018,1.56
2/15/2018,1.56
2/16/2018,1.59
2/20/2018,1.64
2/21/2018,1.62
2/22/2018,1.61
2/23/2018,1.61
2/26/2018,1.65
2/27/2018,1.64
2/28/2018,1.63
3/1/2018,1.6
3/2/2018,1.62
3/5/2018,1.67
3/6/2018,1.65
3/7/2018,1.65
3/8/2018,1.64
3/9/2018,1.64
3/12/2018,1.68
3/13/2018,1.7
3/14/2018,1.73
3/15/2018,1.74
3/16/2018,1.75
3/19/2018,1.77
3/20/2018,1.78
3/21/2018,1.71
3/22/2018,1.69
3/23/2018,1.71
3/26/2018,1.76
3/27/2018,1.74
3/28/2018,1.7
3/29/2018,1.7
4/2/2018,1.74
4/3/2018,1.72
4/4/2018,1.68
4/5/2018,1.69
4/6/2018,1.7
4/9/2018,1.73
4/10/2018,1.71
4/11/2018,1.7
4/12/2018,1.72
4/13/2018,1.73
4/16/2018,1.76
4/17/2018,1.77
4/18/2018,1.78
4/19/2018,1.79
4/20/2018,1.78
4/23/2018,1.84
4/24/2018,1.84
4/25/2018,1.82
4/26/2018,1.79
4/27/2018,1.78
4/30/2018,1.84
5/1/2018,1.82
5/2/2018,1.81
5/3/2018,1.8
5/4/2018,1.8
5/7/2018,1.83
5/8/2018,1.84
5/9/2018,1.85
5/10/2018,1.86
5/11/2018,1.88
5/14/2018,1.9
5/15/2018,1.89
5/16/2018,1.88
5/17/2018,1.88
5/18/2018,1.87
5/21/2018,1.9
5/22/2018,1.9
5/23/2018,1.88
5/24/2018,1.87
5/25/2018,1.86
5/29/2018,1.9
5/30/2018,1.9
5/31/2018,1.89
6/1/2018,1.88
6/4/2018,1.91
6/5/2018,1.91
6/6/2018,1.91
6/7/2018,1.9
6/8/2018,1.89
6/11/2018,1.91
6/12/2018,1.89
6/13/2018,1.9
6/14/2018,1.9
6/15/2018,1.9
6/18/2018,1.91
6/19/2018,1.91
6/20/2018,1.9
6/21/2018,1.9
6/22/2018,1.89
6/25/2018,1.9
6/26/2018,1.9
6/27/2018,1.89
6/28/2018,1.89
6/29/2018,1.89
7/2/2018,1.95
7/3/2018,1.94
7/5/2018,1.92
7/6/2018,1.93
7/9/2018,1.95
7/10/2018,1.95
7/11/2018,1.93
7/12/2018,1.94
7/13/2018,1.94
7/16/2018,1.98
7/17/2018,1.98
7/18/2018,1.96
7/19/2018,1.96
7/20/2018,1.95
7/23/2018,1.96
7/24/2018,1.98
7/25/2018,1.97
7/26/2018,1.95
7/27/2018,1.96
7/30/2018,2.01
7/31/2018,1.99
8/1/2018,1.99
8/2/2018,1.98
8/3/2018,1.97
8/6/2018,2.02
8/7/2018,2.02
8/8/2018,2.02
8/9/2018,2.02
8/10/2018,2.01
8/13/2018,2.03
8/14/2018,2.04
8/15/2018,2.03
8/16/2018,2.03
8/17/2018,2.01
8/20/2018,2.03
8/21/2018,2.04
8/22/2018,2.05
8/23/2018,2.04
8/27/2018,2.08
8/28/2018,2.09
8/29/2018,2.09
8/30/2018,2.07
8/31/2018,2.07
9/4/2018,2.09
9/5/2018,2.1
9/6/2018,2.09
9/7/2018,2.1
9/10/2018,2.11
9/11/2018,2.11
9/12/2018,2.12
9/13/2018,2.11
9/14/2018,2.12
9/17/2018,2.13
9/18/2018,2.13
9/19/2018,2.12
9/20/2018,2.13
9/21/2018,2.14
9/24/2018,2.18
9/25/2018,2.17
9/26/2018,2.16
9/27/2018,2.14
9/28/2018,2.15
10/1/2018,2.19
10/2/2018,2.19
10/3/2018,2.19
10/4/2018,2.18
10/5/2018,2.18
10/9/2018,2.21
10/10/2018,2.23
10/11/2018,2.22
10/12/2018,2.23
10/15/2018,2.27
10/16/2018,2.26
10/17/2018,2.27
10/18/2018,2.27
10/19/2018,2.26
10/22/2018,2.3
10/23/2018,2.29
10/24/2018,2.29
10/25/2018,2.29
10/26/2018,2.28
10/29/2018,2.3
10/30/2018,2.29
10/31/2018,2.29
11/1/2018,2.27
11/2/2018,2.28
11/5/2018,2.32
11/6/2018,2.31
11/7/2018,2.32
11/8/2018,2.3
11/9/2018,2.31
11/13/2018,2.34
11/15/2018,2.32
11/16/2018,2.31
11/19/2018,2.34
11/20/2018,2.34
11/21/2018,2.36
11/23/2018,2.36
11/26/2018,2.37
11/27/2018,2.36
11/28/2018,2.35
11/29/2018,2.32
11/30/2018,2.32
12/3/2018,2.34
12/4/2018,2.38
12/6/2018,2.36
12/7/2018,2.35
12/10/2018,2.37
12/11/2018,2.37
12/12/2018,2.39
12/13/2018,2.38
12/14/2018,2.37
12/17/2018,2.36
12/18/2018,2.34
12/19/2018,2.35
12/20/2018,2.34
12/21/2018,2.34
12/24/2018,2.41
12/26/2018,2.39
12/27/2018,2.36
12/28/2018,2.35
12/31/2018,2.4
1/2/2019,2.37
1/3/2019,2.36
1/4/2019,2.37
1/7/2019,2.41
1/8/2019,2.41
1/9/2019,2.4
1/10/2019,2.38
1/11/2019,2.38
1/14/2019,2.4
1/15/2019,2.4
1/16/2019,2.38
1/17/2019,2.37
1/18/2019,2.36
1/22/2019,2.38
1/23/2019,2.36
1/24/2019,2.32
1/25/2019,2.34
1/28/2019,2.37
1/29/2019,2.37
1/30/2019,2.37
1/31/2019,2.36
2/1/2019,2.35
2/4/2019,2.37
2/5/2019,2.37
2/6/2019,2.37
2/7/2019,2.37
2/8/2019,2.38
2/11/2019,2.4
2/12/2019,2.38
2/13/2019,2.39
2/14/2019,2.38
2/15/2019,2.38
2/19/2019,2.41
2/20/2019,2.4
2/21/2019,2.4
2/22/2019,2.41
2/25/2019,2.42
2/26/2019,2.4
2/27/2019,2.4
2/28/2019,2.4
3/1/2019,2.39
3/4/2019,2.41
3/5/2019,2.41
3/6/2019,2.41
3/7/2019,2.4
3/8/2019,2.41
3/11/2019,2.41
3/12/2019,2.41
3/13/2019,2.4
3/14/2019,2.4
3/15/2019,2.4
3/18/2019,2.39
3/19/2019,2.41
3/20/2019,2.42
3/21/2019,2.43
3/22/2019,2.41
3/25/2019,2.41
3/26/2019,2.41
3/27/2019,2.39
3/28/2019,2.38
3/29/2019,2.35
4/1/2019,2.38
4/2/2019,2.37
4/3/2019,2.39
4/4/2019,2.39
4/5/2019,2.39
4/8/2019,2.38
4/9/2019,2.37
4/10/2019,2.38
4/11/2019,2.38
4/12/2019,2.39
4/15/2019,2.38
4/16/2019,2.38
4/17/2019,2.39
4/18/2019,2.37
4/22/2019,2.39
4/23/2019,2.4
4/24/2019,2.39
4/25/2019,2.38
4/26/2019,2.37
4/29/2019,2.39
4/30/2019,2.38
5/1/2019,2.38
5/2/2019,2.41
5/3/2019,2.38
5/6/2019,2.39
5/7/2019,2.38
5/8/2019,2.38
5/9/2019,2.38
5/10/2019,2.38
5/13/2019,2.36
5/14/2019,2.36
5/15/2019,2.37
5/17/2019,2.34
5/20/2019,2.34
5/21/2019,2.34
5/22/2019,2.33
5/23/2019,2.32
5/24/2019,2.3
5/28/2019,2.32
5/29/2019,2.32
5/30/2019,2.33
5/31/2019,2.3
6/3/2019,2.3
6/4/2019,2.3
6/5/2019,2.3
6/6/2019,2.28
6/7/2019,2.23
6/10/2019,2.24
6/11/2019,2.22
6/12/2019,2.19
6/13/2019,2.14
6/14/2019,2.15
6/17/2019,2.18
6/18/2019,2.17
6/19/2019,2.13
6/20/2019,2.09
6/21/2019,2.07
6/24/2019,2.08
6/25/2019,2.07
6/26/2019,2.1
6/27/2019,2.09
6/28/2019,2.08
7/1/2019,2.16
7/2/2019,2.15
7/3/2019,2.16
7/5/2019,2.18
7/8/2019,2.21
7/9/2019,2.21
7/10/2019,2.15
7/11/2019,2.12
7/12/2019,2.1
7/15/2019,2.11
7/16/2019,2.1
7/17/2019,2.09
7/18/2019,2.01
7/19/2019,2.02
7/22/2019,2.04
7/23/2019,2.02
7/24/2019,2.05
7/25/2019,2.06
7/26/2019,2.08
7/29/2019,2.07
7/30/2019,2.04
7/31/2019,2.04
8/1/2019,2.03
8/2/2019,2.02
8/5/2019,2
8/6/2019,2.01
8/7/2019,1.98
8/8/2019,1.98
8/9/2019,1.96
8/12/2019,1.96
8/13/2019,1.96
8/14/2019,1.92
8/15/2019,1.87
8/16/2019,1.83
8/19/2019,1.9
8/20/2019,1.9
8/21/2019,1.93
8/22/2019,1.96
8/23/2019,1.93
8/26/2019,1.96
8/27/2019,1.94
8/28/2019,1.95
8/29/2019,1.95
8/30/2019,1.95
9/3/2019,1.94
9/4/2019,1.93
9/5/2019,1.93
9/6/2019,1.92
9/9/2019,1.92
9/10/2019,1.91
9/11/2019,1.92
9/12/2019,1.91
9/13/2019,1.92
9/16/2019,1.95
9/17/2019,1.95
9/18/2019,1.91
9/19/2019,1.89
9/20/2019,1.87
9/23/2019,1.9
9/24/2019,1.88
9/25/2019,1.85
9/26/2019,1.79
9/27/2019,1.76
9/30/2019,1.84
10/1/2019,1.78
10/2/2019,1.75
10/3/2019,1.67
10/4/2019,1.68
10/7/2019,1.71
10/8/2019,1.68
10/9/2019,1.66
10/10/2019,1.65
10/11/2019,1.65
10/15/2019,1.64
10/16/2019,1.63
10/17/2019,1.63
10/18/2019,1.63
10/21/2019,1.64
10/22/2019,1.62
10/23/2019,1.62
10/24/2019,1.64
10/25/2019,1.63
10/28/2019,1.62
10/29/2019,1.6
10/30/2019,1.59
10/31/2019,1.51
11/1/2019,1.49
11/4/2019,1.5
11/5/2019,1.53
11/6/2019,1.53
11/7/2019,1.53
11/8/2019,1.52
11/12/2019,1.56
11/13/2019,1.54
11/14/2019,1.54
11/15/2019,1.54
11/18/2019,1.54
11/19/2019,1.54
11/20/2019,1.54
11/21/2019,1.55
11/22/2019,1.55
11/25/2019,1.58
11/26/2019,1.57
11/27/2019,1.59
11/29/2019,1.56
12/2/2019,1.57
12/3/2019,1.54
12/4/2019,1.52
12/5/2019,1.51
12/6/2019,1.5
12/9/2019,1.51
12/10/2019,1.53
12/11/2019,1.54
12/12/2019,1.53
12/13/2019,1.54
12/16/2019,1.54
12/17/2019,1.53
12/18/2019,1.53
12/19/2019,1.54
12/20/2019,1.55
12/23/2019,1.56
12/24/2019,1.55
12/26/2019,1.55
12/27/2019,1.54
12/30/2019,1.54
12/31/2019,1.52
1/2/2020,1.51
1/3/2020,1.49
1/6/2020,1.53
1/7/2020,1.51
1/8/2020,1.51
1/9/2020,1.51
1/10/2020,1.51
1/13/2020,1.54
1/14/2020,1.54
1/15/2020,1.54
1/16/2020,1.52
1/17/2020,1.53
1/21/2020,1.53
1/22/2020,1.52
1/23/2020,1.52
1/24/2020,1.51
1/27/2020,1.52
1/28/2020,1.54
1/29/2020,1.53
1/30/2020,1.54
1/31/2020,1.52
2/3/2020,1.54
2/4/2020,1.54
2/5/2020,1.54
2/6/2020,1.54
2/7/2020,1.53
2/10/2020,1.55
2/11/2020,1.54
2/12/2020,1.55
2/13/2020,1.56
2/14/2020,1.55
2/18/2020,1.55
2/19/2020,1.55
2/20/2020,1.55
2/21/2020,1.53
2/24/2020,1.5
2/25/2020,1.5
2/26/2020,1.5
2/27/2020,1.42
2/28/2020,1.25
3/2/2020,1.1
3/3/2020,0.93
3/4/2020,0.71
3/5/2020,0.61
3/6/2020,0.45
3/9/2020,0.32
3/10/2020,0.43
3/11/2020,0.41
3/12/2020,0.33
3/13/2020,0.27
3/16/2020,0.24
3/17/2020,0.19
3/18/2020,0.02
3/19/2020,0.04
3/20/2020,0.05
3/23/2020,0.02
3/24/2020,0.01
3/25/2020,-0.04
3/26/2020,-0.05
3/27/2020,0.03
3/30/2020,0.12
3/31/2020,0.11
4/1/2020,0.09
4/2/2020,0.09
4/3/2020,0.1
4/6/2020,0.15
4/7/2020,0.14
4/8/2020,0.22
4/9/2020,0.25
4/13/2020,0.26
4/14/2020,0.2
4/15/2020,0.14
4/16/2020,0.14
4/17/2020,0.12
4/20/2020,0.12
4/21/2020,0.11
4/22/2020,0.12
4/23/2020,0.11
4/24/2020,0.12
4/27/2020,0.12
4/28/2020,0.11
4/29/2020,0.1
4/30/2020,0.09
5/1/2020,0.12
5/4/2020,0.13
5/5/2020,0.13
5/6/2020,0.12
5/7/2020,0.11
5/8/2020,0.12
5/11/2020,0.12
5/12/2020,0.13
5/13/2020,0.13
5/14/2020,0.12
5/15/2020,0.12
5/18/2020,0.13
5/19/2020,0.13
5/20/2020,0.12
5/21/2020,0.12
5/22/2020,0.12
5/26/2020,0.14
5/27/2020,0.15
5/28/2020,0.15
5/29/2020,0.14
6/1/2020,0.14
6/2/2020,0.15
6/3/2020,0.16
6/4/2020,0.15
6/5/2020,0.15
6/8/2020,0.17
6/9/2020,0.19
6/10/2020,0.17
6/11/2020,0.17
6/12/2020,0.16
6/15/2020,0.18
6/16/2020,0.17
6/17/2020,0.17
6/18/2020,0.16
6/19/2020,0.15
6/22/2020,0.16
6/23/2020,0.16
6/24/2020,0.15
6/25/2020,0.16
6/26/2020,0.14
6/29/2020,0.14
6/30/2020,0.16
7/1/2020,0.14
7/2/2020,0.14
7/6/2020,0.15
7/7/2020,0.15
7/8/2020,0.15
7/9/2020,0.13
7/10/2020,0.13
7/13/2020,0.14
7/14/2020,0.15
7/15/2020,0.16
7/16/2020,0.11
7/17/2020,0.11
7/20/2020,0.13
7/21/2020,0.13
7/22/2020,0.13
7/23/2020,0.12
7/24/2020,0.11
7/27/2020,0.11
7/28/2020,0.11
7/29/2020,0.11
7/30/2020,0.09
7/31/2020,0.09
8/3/2020,0.1
8/4/2020,0.09
8/5/2020,0.1
8/6/2020,0.1
8/7/2020,0.1
8/10/2020,0.11
8/11/2020,0.11
8/12/2020,0.11
8/13/2020,0.1
8/14/2020,0.1
8/17/2020,0.1
8/18/2020,0.09
8/19/2020,0.11
8/20/2020,0.11
8/21/2020,0.1
8/24/2020,0.12
8/25/2020,0.11
8/26/2020,0.11
8/27/2020,0.11
8/28/2020,0.1
8/31/2020,0.11
9/1/2020,0.12
9/2/2020,0.12
9/3/2020,0.11
9/4/2020,0.11
9/8/2020,0.13
9/9/2020,0.12
9/10/2020,0.12
9/11/2020,0.11
9/14/2020,0.11
9/15/2020,0.11
9/16/2020,0.12
9/17/2020,0.09
9/18/2020,0.1
9/21/2020,0.1
9/22/2020,0.1
9/23/2020,0.11
9/24/2020,0.1
9/25/2020,0.1
9/28/2020,0.11
9/29/2020,0.09
9/30/2020,0.1
10/1/2020,0.09
10/2/2020,0.09
10/5/2020,0.1
10/6/2020,0.1
10/7/2020,0.1
10/8/2020,0.09
10/9/2020,0.1
10/13/2020,0.11
10/14/2020,0.12
10/15/2020,0.11
10/16/2020,0.11
10/19/2020,0.11
10/20/2020,0.1
10/21/2020,0.1
10/22/2020,0.09
10/23/2020,0.1
10/26/2020,0.11
10/27/2020,0.1
10/28/2020,0.1
10/29/2020,0.09
10/30/2020,0.09
11/2/2020,0.09
11/3/2020,0.1
11/4/2020,0.1
11/5/2020,0.1
11/6/2020,0.1
11/9/2020,0.11
11/10/2020,0.1
11/12/2020,0.1
11/13/2020,0.09
11/16/2020,0.09
11/17/2020,0.09
11/18/2020,0.09
11/19/2020,0.07
11/20/2020,0.07
11/23/2020,0.08
11/24/2020,0.09
11/25/2020,0.09
11/27/2020,0.09
11/30/2020,0.08
12/1/2020,0.09
12/2/2020,0.09
12/3/2020,0.08
12/4/2020,0.09
12/7/2020,0.08
12/8/2020,0.09
12/9/2020,0.08
12/10/2020,0.08
12/11/2020,0.08
12/14/2020,0.09
12/15/2020,0.08
12/16/2020,0.09
12/17/2020,0.08
12/18/2020,0.08
12/21/2020,0.09
12/22/2020,0.09
12/23/2020,0.09
12/24/2020,0.09
12/28/2020,0.11
12/29/2020,0.1
12/30/2020,0.08
12/31/2020,0.09
1/4/2021,0.09
1/5/2021,0.09
1/6/2021,0.09
1/7/2021,0.09
1/8/2021,0.08
1/11/2021,0.08
1/12/2021,0.09
1/13/2021,0.09
1/14/2021,0.09
1/15/2021,0.09
1/19/2021,0.09
1/20/2021,0.08
1/21/2021,0.09
1/22/2021,0.08
1/25/2021,0.09
1/26/2021,0.07
1/27/2021,0.08
1/28/2021,0.07
1/29/2021,0.06
2/1/2021,0.07
2/2/2021,0.07
2/3/2021,0.04
2/4/2021,0.04
2/5/2021,0.03
2/8/2021,0.05
2/9/2021,0.04
2/10/2021,0.05
2/11/2021,0.05
2/12/2021,0.04
2/16/2021,0.04
2/17/2021,0.04
2/18/2021,0.03
2/19/2021,0.04
2/22/2021,0.03
2/23/2021,0.04
2/24/2021,0.03
2/25/2021,0.04
2/26/2021,0.04
3/1/2021,0.05
3/2/2021,0.04
3/3/2021,0.05
3/4/2021,0.04
3/5/2021,0.04
3/8/2021,0.05
3/9/2021,0.05
3/10/2021,0.04
3/11/2021,0.04
3/12/2021,0.04
3/15/2021,0.04
3/16/2021,0.02
3/17/2021,0.02
3/18/2021,0.01
3/22/2021,0.03
3/23/2021,0.01
3/24/2021,0.02
3/25/2021,0.02
3/26/2021,0.02
3/29/2021,0.03
3/30/2021,0.02
3/31/2021,0.03
4/1/2021,0.02
4/2/2021,0.02
4/5/2021,0.03
4/6/2021,0.02
4/7/2021,0.02
4/8/2021,0.01
4/9/2021,0.02
4/12/2021,0.02
4/13/2021,0.03
4/14/2021,0.02
4/15/2021,0.02
4/16/2021,0.02
4/19/2021,0.02
4/20/2021,0.03
4/21/2021,0.03
4/22/2021,0.03
4/23/2021,0.03
4/26/2021,0.03
4/27/2021,0.01
4/28/2021,0.01
4/29/2021,0.01
4/30/2021,0.01
5/3/2021,0.04
5/4/2021,0.02
5/5/2021,0.02
5/6/2021,0.02
5/7/2021,0.02
5/10/2021,0.02
5/11/2021,0.01
5/12/2021,0.02
5/13/2021,0.02
5/14/2021,0.01
5/17/2021,0.02
5/18/2021,0.02
5/19/2021,0.01
5/20/2021,0.01
5/21/2021,0.01
5/24/2021,0.02
5/25/2021,0.02
5/26/2021,0.02
5/27/2021,0.02
5/28/2021,0.01
6/1/2021,0.02
6/2/2021,0.02
6/3/2021,0.02
6/4/2021,0.02
6/7/2021,0.02
6/8/2021,0.02
6/9/2021,0.03
6/10/2021,0.03
6/11/2021,0.03
6/14/2021,0.03
6/15/2021,0.03
6/16/2021,0.04
6/17/2021,0.04
6/18/2021,0.05
6/21/2021,0.05
6/22/2021,0.04
6/23/2021,0.05
6/24/2021,0.05
6/25/2021,0.06
6/28/2021,0.05
6/29/2021,0.04
6/30/2021,0.05
7/1/2021,0.05
7/2/2021,0.05
7/6/2021,0.05
7/7/2021,0.05
7/8/2021,0.06
7/9/2021,0.06
7/12/2021,0.05
7/13/2021,0.05
7/14/2021,0.06
7/15/2021,0.05
7/16/2021,0.05
7/19/2021,0.05
7/20/2021,0.05
7/21/2021,0.05
7/22/2021,0.05
7/23/2021,0.05
7/26/2021,0.05
7/27/2021,0.05
7/28/2021,0.05
7/29/2021,0.06
7/30/2021,0.06
8/2/2021,0.05
8/3/2021,0.05
8/4/2021,0.05
8/5/2021,0.05
8/6/2021,0.06
8/9/2021,0.06
8/10/2021,0.05
8/11/2021,0.05
8/12/2021,0.06
8/13/2021,0.06
8/16/2021,0.06
8/17/2021,0.07
8/18/2021,0.07
8/19/2021,0.06
8/20/2021,0.05
8/23/2021,0.05
8/24/2021,0.05
8/25/2021,0.06
8/26/2021,0.05
8/27/2021,0.05
8/30/2021,0.05
8/31/2021,0.04
9/1/2021,0.05
9/2/2021,0.05
9/3/2021,0.05
9/7/2021,0.05
9/8/2021,0.05
9/9/2021,0.04
9/10/2021,0.05
9/13/2021,0.06
9/14/2021,0.04
9/15/2021,0.04
9/16/2021,0.04
9/17/2021,0.04
9/20/2021,0.04
9/21/2021,0.03
9/22/2021,0.03
9/23/2021,0.03
9/24/2021,0.03
9/27/2021,0.04
9/28/2021,0.04
9/29/2021,0.04
9/30/2021,0.04
10/1/2021,0.04
10/4/2021,0.04
10/5/2021,0.04
10/6/2021,0.04
10/7/2021,0.05
10/8/2021,0.05
10/12/2021,0.06
10/13/2021,0.05
10/14/2021,0.05
10/15/2021,0.05
10/18/2021,0.06
10/19/2021,0.05
10/20/2021,0.05
10/21/2021,0.06
10/22/2021,0.06
10/25/2021,0.06
10/26/2021,0.06
10/27/2021,0.06
10/28/2021,0.06
10/29/2021,0.05
11/1/2021,0.05
11/2/2021,0.05
11/3/2021,0.05
11/4/2021,0.04
11/5/2021,0.05
11/8/2021,0.06
11/9/2021,0.04
11/10/2021,0.05
11/12/2021,0.05
11/15/2021,0.05
11/16/2021,0.05
11/17/2021,0.05
11/18/2021,0.05
11/19/2021,0.05
11/22/2021,0.05
11/23/2021,0.06
11/24/2021,0.06
11/26/2021,0.06
11/29/2021,0.06
11/30/2021,0.05
12/1/2021,0.06
12/2/2021,0.05
12/3/2021,0.06
12/6/2021,0.06
12/7/2021,0.06
12/8/2021,0.07
12/9/2021,0.06
12/10/2021,0.06
12/13/2021,0.05
12/14/2021,0.05
12/15/2021,0.06
12/16/2021,0.05
12/17/2021,0.05
12/20/2021,0.07
12/21/2021,0.07
12/22/2021,0.08
12/23/2021,0.08
12/27/2021,0.06
12/28/2021,0.06
12/29/2021,0.05
12/30/2021,0.05
12/31/2021,0.06
1/3/2022,0.09
1/4/2022,0.08
1/5/2022,0.09
1/6/2022,0.1
1/7/2022,0.1
1/10/2022,0.13
1/11/2022,0.12
1/12/2022,0.12
1/13/2022,0.12
1/14/2022,0.13
1/18/2022,0.17
1/19/2022,0.17
1/20/2022,0.18
1/21/2022,0.17
1/24/2022,0.2
1/25/2022,0.2
1/26/2022,0.19
1/27/2022,0.2
1/28/2022,0.19
1/31/2022,0.24
2/1/2022,0.2
2/2/2022,0.2
2/3/2022,0.21
2/4/2022,0.23
2/7/2022,0.28
2/8/2022,0.27
2/9/2022,0.27
2/10/2022,0.41
2/11/2022,0.37
2/14/2022,0.45
2/15/2022,0.41
2/16/2022,0.39
2/17/2022,0.37
2/18/2022,0.35
2/22/2022,0.39
2/23/2022,0.36
2/24/2022,0.33
2/25/2022,0.33
2/28/2022,0.37
3/1/2022,0.32
3/2/2022,0.33
3/3/2022,0.37
3/4/2022,0.33
3/7/2022,0.38
3/8/2022,0.36
3/9/2022,0.38
3/10/2022,0.38
3/11/2022,0.39
3/14/2022,0.45
3/15/2022,0.46
3/16/2022,0.43
3/17/2022,0.4
3/18/2022,0.41
3/21/2022,0.55
3/22/2022,0.51
3/23/2022,0.5
3/24/2022,0.5
3/25/2022,0.53
3/28/2022,0.6
3/29/2022,0.56
3/30/2022,0.55
3/31/2022,0.51
4/1/2022,0.52
4/4/2022,0.67
4/5/2022,0.65
4/6/2022,0.67
4/7/2022,0.68
4/8/2022,0.69
4/11/2022,0.78
4/12/2022,0.74
4/13/2022,0.75
4/14/2022,0.78
4/18/2022,0.82
4/19/2022,0.82
4/20/2022,0.82
4/21/2022,0.82
4/22/2022,0.82
4/25/2022,0.93
4/26/2022,0.84
4/27/2022,0.82
4/28/2022,0.81
4/29/2022,0.83
5/2/2022,0.9
5/3/2022,0.9
5/4/2022,0.88
5/5/2022,0.84
5/6/2022,0.84
5/9/2022,0.92
5/10/2022,0.89
5/11/2022,0.9
5/12/2022,0.95
5/13/2022,1.01
5/16/2022,1.07
5/17/2022,1.06
5/18/2022,1.02
5/19/2022,1.04
5/20/2022,1.01
5/23/2022,1.07
5/24/2022,1.05
5/25/2022,1.05
5/26/2022,1.06
5/27/2022,1.06
5/31/2022,1.13
6/1/2022,1.12
6/2/2022,1.13
6/3/2022,1.17
6/6/2022,1.23
6/7/2022,1.24
6/8/2022,1.25
6/9/2022,1.26
6/10/2022,1.34
6/13/2022,1.69
6/14/2022,1.78
6/15/2022,1.69
6/16/2022,1.54
6/17/2022,1.58
6/21/2022,1.66
6/22/2022,1.57
6/23/2022,1.59
6/24/2022,1.66
6/27/2022,1.75
6/28/2022,1.75
6/29/2022,1.73
6/30/2022,1.66
7/1/2022,1.66
7/5/2022,1.86
7/6/2022,1.85
7/7/2022,1.89
7/8/2022,1.91
7/11/2022,2.13
7/12/2022,2.16
7/13/2022,2.33
7/14/2022,2.33
7/15/2022,2.29
7/18/2022,2.44
7/19/2022,2.46
7/20/2022,2.44
7/21/2022,2.4
7/22/2022,2.41
7/25/2022,2.55
7/26/2022,2.48
7/27/2022,2.37
7/28/2022,2.35
7/29/2022,2.34
8/1/2022,2.48
8/2/2022,2.48
8/3/2022,2.44
8/4/2022,2.41
8/5/2022,2.48
8/8/2022,2.57
8/9/2022,2.58
8/10/2022,2.56
8/11/2022,2.52
8/12/2022,2.53
8/15/2022,2.63
8/16/2022,2.61
8/17/2022,2.59
8/18/2022,2.61
8/19/2022,2.64
8/22/2022,2.74
8/23/2022,2.71
8/24/2022,2.73
8/25/2022,2.78
8/26/2022,2.78
8/29/2022,2.89
8/30/2022,2.88
8/31/2022,2.87
9/1/2022,2.88
9/2/2022,2.85
9/6/2022,2.96
9/7/2022,2.98
9/8/2022,2.97
9/9/2022,2.98
9/12/2022,3.09
9/13/2022,3.19
9/14/2022,3.14
9/15/2022,3.12
9/16/2022,3.1
9/19/2022,3.29
9/20/2022,3.26
9/21/2022,3.21
9/22/2022,3.19
9/23/2022,3.12
9/26/2022,3.3
9/27/2022,3.26
9/28/2022,3.29
9/29/2022,3.26
9/30/2022,3.22
10/3/2022,3.34
10/4/2022,3.32
10/5/2022,3.33
10/6/2022,3.32
10/7/2022,3.31
10/11/2022,3.53
10/12/2022,3.56
10/13/2022,3.64
10/14/2022,3.65
10/17/2022,3.82
10/18/2022,3.89
10/19/2022,3.91
10/20/2022,3.91
10/21/2022,3.9
10/24/2022,4
10/25/2022,3.97
10/26/2022,3.94
10/27/2022,3.95
10/28/2022,3.99
10/31/2022,4.06
11/1/2022,4.06
11/2/2022,4.04
11/3/2022,4.06
11/4/2022,4.02
11/7/2022,4.12
11/8/2022,4.1
11/9/2022,4.11
11/10/2022,4.09
11/14/2022,4.16
11/15/2022,4.14
11/16/2022,4.14
11/17/2022,4.13
11/18/2022,4.15
11/21/2022,4.23
11/22/2022,4.21
11/23/2022,4.21
11/25/2022,4.22
11/28/2022,4.3
11/29/2022,4.27
11/30/2022,4.27
12/1/2022,4.22
12/2/2022,4.22
12/5/2022,4.27
12/6/2022,4.27
12/7/2022,4.2
12/8/2022,4.17
12/9/2022,4.19
12/12/2022,4.29
12/13/2022,4.26
12/14/2022,4.23
12/15/2022,4.22
12/16/2022,4.2
12/19/2022,4.28
12/20/2022,4.25
12/21/2022,4.22
12/22/2022,4.24
12/23/2022,4.23
12/27/2022,4.35
12/28/2022,4.35
12/29/2022,4.34
12/30/2022,4.3
1/3/2023,4.4
1/4/2023,4.41
1/5/2023,4.51
1/6/2023,4.51
1/9/2023,4.55
1/10/2023,4.57
1/11/2023,4.57
1/12/2023,4.5
1/13/2023,4.51
1/17/2023,4.56
1/18/2023,4.54
1/19/2023,4.55
1/20/2023,4.57
1/23/2023,4.58
1/24/2023,4.57
1/25/2023,4.56
1/26/2023,4.55
1/27/2023,4.57
1/30/2023,4.59
1/31/2023,4.58
2/1/2023,4.54
2/2/2023,4.53
2/3/2023,4.57
2/6/2023,4.59
2/7/2023,4.59
2/8/2023,4.59
2/9/2023,4.64
2/10/2023,4.66
2/13/2023,4.68
2/14/2023,4.67
2/15/2023,4.66
2/16/2023,4.7
2/17/2023,4.7
2/21/2023,4.72
2/22/2023,4.71
2/23/2023,4.71
2/24/2023,4.72
2/27/2023,4.74
2/28/2023,4.72
3/1/2023,4.73
3/2/2023,4.74
3/3/2023,4.74
3/6/2023,4.76
3/7/2023,5.04
3/8/2023,4.89
3/9/2023,4.87
3/10/2023,4.83
3/13/2023,4.7
3/14/2023,4.71
3/15/2023,4.59
3/16/2023,4.57
3/17/2023,4.36
3/20/2023,4.65
3/21/2023,4.62
3/22/2023,4.63
3/23/2023,4.57
3/24/2023,4.57
3/27/2023,4.75
3/28/2023,4.64
3/29/2023,4.64
3/30/2023,4.8
3/31/2023,4.68
4/3/2023,4.77
4/4/2023,4.74
4/5/2023,4.72
4/6/2023,4.77
4/7/2023,4.81
4/10/2023,4.94
4/11/2023,4.89
4/12/2023,4.87
4/13/2023,4.95
4/14/2023,4.98
4/17/2023,5.06
4/18/2023,5.04
4/19/2023,5.01
4/20/2023,4.97
4/21/2023,4.98
4/24/2023,5.04
4/25/2023,4.97
4/26/2023,5
4/27/2023,5.03
4/28/2023,4.95
5/1/2023,5.1
5/2/2023,5.08
5/3/2023,5.09
5/4/2023,5.1
5/5/2023,5.1
5/8/2023,5.15
5/9/2023,5.13
5/10/2023,5.08
5/11/2023,5.04
5/12/2023,5.08
5/15/2023,5.06
5/16/2023,5.07
5/17/2023,5.1
5/18/2023,5.14
5/19/2023,5.12
5/22/2023,5.24
5/23/2023,5.18
5/24/2023,5.21
5/25/2023,5.21
5/26/2023,5.16
5/30/2023,5.28
5/31/2023,5.26
6/1/2023,5.24
6/2/2023,5.23
6/5/2023,5.2
6/6/2023,5.18
6/7/2023,5.16
6/8/2023,5.12
6/9/2023,5.11
6/12/2023,5.14
6/13/2023,5.11
6/14/2023,5.1
6/15/2023,5.07
6/16/2023,5.09
6/20/2023,5.14
6/21/2023,5.15
6/22/2023,5.15
6/23/2023,5.15
6/26/2023,5.24
6/27/2023,5.19
6/28/2023,5.18
6/29/2023,5.2
6/30/2023,5.17
7/3/2023,5.21
7/5/2023,5.21
7/6/2023,5.23
7/7/2023,5.22
7/10/2023,5.25
7/11/2023,5.25
7/12/2023,5.24
7/13/2023,5.24
7/14/2023,5.25
7/17/2023,5.26
7/18/2023,5.25
7/19/2023,5.26
7/20/2023,5.26
7/21/2023,5.27
7/24/2023,5.28
7/25/2023,5.28
7/26/2023,5.28
7/27/2023,5.28
7/28/2023,5.28
7/31/2023,5.28
8/1/2023,5.27
8/2/2023,5.27
8/3/2023,5.27
8/4/2023,5.28
8/7/2023,5.29
8/8/2023,5.3
8/9/2023,5.28
8/10/2023,5.28
8/11/2023,5.28
8/14/2023,5.29
8/15/2023,5.29
8/16/2023,5.29
8/17/2023,5.29
8/18/2023,5.28
8/21/2023,5.3
8/22/2023,5.3
8/23/2023,5.3
8/24/2023,5.31
8/25/2023,5.34
8/28/2023,5.34
8/29/2023,5.33
8/30/2023,5.32
8/31/2023,5.32
9/1/2023,5.3
9/5/2023,5.32
9/6/2023,5.31
9/7/2023,5.3
9/8/2023,5.31
9/11/2023,5.32
9/12/2023,5.32
9/13/2023,5.31
9/14/2023,5.31
9/15/2023,5.32
9/18/2023,5.31
9/19/2023,5.31
9/20/2023,5.33
9/21/2023,5.33
9/22/2023,5.32
9/25/2023,5.35
9/26/2023,5.34
9/27/2023,5.34
9/28/2023,5.32
9/29/2023,5.32
10/2/2023,5.35
10/3/2023,5.35
10/4/2023,5.34
10/5/2023,5.34
10/6/2023,5.36
10/10/2023,5.34
10/11/2023,5.34
10/12/2023,5.35
10/13/2023,5.35
10/16/2023,5.34
10/17/2023,5.35
10/18/2023,5.34
10/19/2023,5.33
10/20/2023,5.31
10/23/2023,5.32
10/24/2023,5.31
10/25/2023,5.32
10/26/2023,5.32
10/27/2023,5.32
10/30/2023,5.33
10/31/2023,5.33
11/1/2023,5.31
11/2/2023,5.28
11/3/2023,5.27
11/6/2023,5.29
11/7/2023,5.28
11/8/2023,5.28
11/9/2023,5.27
11/10/2023,5.26
11/13/2023,5.28
11/14/2023,5.26
11/15/2023,5.26
11/16/2023,5.25
11/17/2023,5.25
11/20/2023,5.27
11/21/2023,5.26
11/22/2023,5.27
11/24/2023,5.28
11/27/2023,5.28
11/28/2023,5.27
11/29/2023,5.25
11/30/2023,5.25
12/1/2023,5.23
12/4/2023,5.26
12/5/2023,5.25
12/6/2023,5.25
12/7/2023,5.24
12/8/2023,5.24
12/11/2023,5.26
12/12/2023,5.26
12/13/2023,5.24
12/14/2023,5.23
12/15/2023,5.24
12/18/2023,5.26
12/19/2023,5.23
12/20/2023,5.24
12/21/2023,5.22
12/22/2023,5.24
12/26/2023,5.25
12/27/2023,5.24
12/28/2023,5.25
12/29/2023,5.2
1/2/2024,5.22
1/3/2024,5.24
1/4/2024,5.24
1/5/2024,5.24
1/8/2024,5.25
1/9/2024,5.24
1/10/2024,5.23
1/11/2024,5.23
1/12/2024,5.22
1/16/2024,5.22
1/17/2024,5.24
1/18/2024,5.22
1/19/2024,5.22
1/22/2024,5.22
1/23/2024,5.21
1/24/2024,5.21
1/25/2024,5.21
1/26/2024,5.21
1/29/2024,5.22
1/30/2024,5.21
1/31/2024,5.22
2/1/2024,5.22
2/2/2024,5.23
2/5/2024,5.22
2/6/2024,5.23
2/7/2024,5.23
2/8/2024,5.23
2/9/2024,5.24
2/12/2024,5.23
2/13/2024,5.25
2/14/2024,5.23
2/15/2024,5.23
2/16/2024,5.24
2/20/2024,5.24
2/21/2024,5.24
2/22/2024,5.25
2/23/2024,5.26
2/26/2024,5.26
2/27/2024,5.25
2/28/2024,5.24
2/29/2024,5.25
3/1/2024,5.23
3/4/2024,5.24
3/5/2024,5.23
3/6/2024,5.24
3/7/2024,5.24
3/8/2024,5.24
3/11/2024,5.24
3/12/2024,5.25
3/13/2024,5.25
3/14/2024,5.25
3/15/2024,5.25
3/18/2024,5.25
3/19/2024,5.24
3/20/2024,5.24
3/21/2024,5.25
3/22/2024,5.24
3/25/2024,5.23
3/26/2024,5.22
3/27/2024,5.22
3/28/2024,5.23
4/1/2024,5.23
4/2/2024,5.22
4/3/2024,5.22
4/4/2024,5.21
4/5/2024,5.23
4/8/2024,5.23
4/9/2024,5.23
4/10/2024,5.25
4/11/2024,5.25
4/12/2024,5.25
4/15/2024,5.25
4/16/2024,5.25
4/17/2024,5.25
4/18/2024,5.25
4/19/2024,5.25
4/22/2024,5.22
4/23/2024,5.25
4/24/2024,5.26
4/25/2024,5.26
4/26/2024,5.25
4/29/2024,5.25
4/30/2024,5.25
5/1/2024,5.26
5/2/2024,5.25
5/3/2024,5.25
5/6/2024,5.25
5/7/2024,5.25
5/8/2024,5.25
5/9/2024,5.25
5/10/2024,5.26
5/13/2024,5.25
5/14/2024,5.24
5/15/2024,5.25
5/16/2024,5.25
5/17/2024,5.25
5/20/2024,5.25
5/21/2024,5.25
5/22/2024,5.25
5/23/2024,5.26
5/24/2024,5.26
5/28/2024,5.26
5/29/2024,5.26
5/30/2024,5.26
5/31/2024,5.25
6/3/2024,5.26
6/4/2024,5.25
6/5/2024,5.25
6/6/2024,5.25
6/7/2024,5.26
6/10/2024,5.25
6/11/2024,5.25
6/12/2024,5.25
6/13/2024,5.25
6/14/2024,5.25
6/17/2024,5.25
6/18/2024,5.24
6/20/2024,5.24
6/21/2024,5.23
6/24/2024,5.24
6/25/2024,5.23
6/26/2024,5.24
6/27/2024,5.23
6/28/2024,5.22
7/1/2024,5.24
7/2/2024,5.24
7/3/2024,5.24
7/5/2024,5.23
7/8/2024,5.23
7/9/2024,5.23
7/10/2024,5.23
7/11/2024,5.21
7/12/2024,5.21
7/15/2024,5.2
7/16/2024,5.2
7/17/2024,5.2
7/18/2024,5.21
7/19/2024,5.2
7/22/2024,5.19
7/23/2024,5.18
7/24/2024,5.18
7/25/2024,5.17
7/26/2024,5.16
7/29/2024,5.15
7/30/2024,5.14
7/31/2024,5.15
8/1/2024,5.12
8/2/2024,5.05
8/5/2024,5.09
8/6/2024,5.09
8/7/2024,5.09
8/8/2024,5.09
8/9/2024,5.09
8/12/2024,5.07
8/13/2024,5.06
8/14/2024,5.07
8/15/2024,5.09
8/16/2024,5.08
8/19/2024,5.06
8/20/2024,5.04
8/21/2024,5.02
8/22/2024,5.04
8/23/2024,5.01
8/26/2024,4.98
8/27/2024,4.98
8/28/2024,4.96
8/29/2024,4.98
8/30/2024,4.98
9/3/2024,4.97
9/4/2024,4.96
9/5/2024,4.94
9/6/2024,4.93
9/9/2024,4.89
9/10/2024,4.85
9/11/2024,4.89
9/12/2024,4.85
9/13/2024,4.78
9/16/2024,4.75
9/17/2024,4.75
9/18/2024,4.65
9/19/2024,4.61
9/20/2024,4.56
9/23/2024,4.53
9/24/2024,4.5
9/25/2024,4.51
9/26/2024,4.5
9/27/2024,4.5
9/30/2024,4.52
10/1/2024,4.5
10/2/2024,4.48
10/3/2024,4.48
10/4/2024,4.53
10/7/2024,4.55
10/8/2024,4.53
10/9/2024,4.54
10/10/2024,4.54
10/11/2024,4.53
10/15/2024,4.52
10/16/2024,4.51
10/17/2024,4.54
10/18/2024,4.53
10/21/2024,4.51
10/22/2024,4.51
10/23/2024,4.52
10/24/2024,4.5
10/25/2024,4.52
10/28/2024,4.49
10/29/2024,4.49
10/30/2024,4.47
10/31/2024,4.44
11/1/2024,4.41
11/4/2024,4.44
11/5/2024,4.43
11/6/2024,4.44
11/7/2024,4.43
11/8/2024,4.43
11/12/2024,4.43
11/13/2024,4.4
11/14/2024,4.41
11/15/2024,4.41
11/18/2024,4.42
11/19/2024,4.41
11/20/2024,4.42
11/21/2024,4.43
11/22/2024,4.43
11/25/2024,4.42
11/26/2024,4.4
11/27/2024,4.4
11/29/2024,4.39
12/2/2024,4.38
12/3/2024,4.36
12/4/2024,4.35
12/5/2024,4.34
12/6/2024,4.31
12/9/2024,4.3
12/10/2024,4.29
12/11/2024,4.26
12/12/2024,4.23
12/13/2024,4.23
12/16/2024,4.25
12/17/2024,4.26
12/18/2024,4.25
12/19/2024,4.23
12/20/2024,4.23
12/23/2024,4.24
12/24/2024,4.28
12/26/2024,4.24
12/27/2024,4.19
12/30/2024,4.23
12/31/2024,4.23
1/2/2025,4.22
1/3/2025,4.2
1/6/2025,4.21
1/7/2025,4.21
1/8/2025,4.21
1/9/2025,4.21
1/10/2025,4.22
1/13/2025,4.23
1/14/2025,4.22
1/15/2025,4.21
1/16/2025,4.21
1/17/2025,4.2
1/21/2025,4.22
1/22/2025,4.22
1/23/2025,4.22
1/24/2025,4.21
1/27/2025,4.2
1/28/2025,4.2
1/29/2025,4.2
1/30/2025,4.19
1/31/2025,4.2
2/3/2025,4.22
2/4/2025,4.22
2/5/2025,4.22
2/6/2025,4.22
2/7/2025,4.24
2/10/2025,4.23
2/11/2025,4.23
2/12/2025,4.23
2/13/2025,4.22
2/14/2025,4.22
2/18/2025,4.23
2/19/2025,4.22
2/20/2025,4.21
2/21/2025,4.21
2/24/2025,4.19
2/25/2025,4.19
2/26/2025,4.2
2/27/2025,4.2
2/28/2025,4.2
3/3/2025,4.21
3/4/2025,4.2
3/5/2025,4.21
3/6/2025,4.2
3/7/2025,4.2
3/10/2025,4.19
3/11/2025,4.2
3/12/2025,4.21
3/13/2025,4.2
3/14/2025,4.2
3/17/2025,4.2
3/18/2025,4.2
3/19/2025,4.2
3/20/2025,4.19
3/21/2025,4.19
3/24/2025,4.19
3/25/2025,4.19
3/26/2025,4.2
3/27/2025,4.2
3/28/2025,4.2
3/31/2025,4.21
4/1/2025,4.2
4/2/2025,4.21
4/3/2025,4.2
4/4/2025,4.17
4/7/2025,4.17
4/8/2025,4.19
4/9/2025,4.24
4/10/2025,4.22
4/11/2025,4.23
4/14/2025,4.22
4/15/2025,4.22
4/16/2025,4.21
4/17/2025,4.23
4/21/2025,4.22
4/22/2025,4.22
4/23/2025,4.22
4/24/2025,4.21
4/25/2025,4.21
4/28/2025,4.2
4/29/2025,4.2
4/30/2025,4.2
5/1/2025,4.2
5/2/2025,4.22
5/5/2025,4.22
5/6/2025,4.22
5/7/2025,4.22
5/8/2025,4.23
5/9/2025,4.22
5/12/2025,4.31
5/13/2025,4.29
5/14/2025,4.29
5/15/2025,4.27
5/16/2025,4.25
5/19/2025,4.28
5/20/2025,4.26
5/21/2025,4.24
5/22/2025,4.25
5/23/2025,4.24
5/27/2025,4.24
5/28/2025,4.24
5/29/2025,4.25
5/30/2025,4.25
6/2/2025,4.25
6/3/2025,4.24
6/4/2025,4.25
6/5/2025,4.25
6/6/2025,4.25
6/9/2025,4.25
6/10/2025,4.26
6/11/2025,4.26
6/12/2025,4.27
6/13/2025,4.26
6/16/2025,4.24
6/17/2025,4.23
6/18/2025,4.23
6/20/2025,4.21
6/23/2025,4.19
6/24/2025,4.19
6/25/2025,4.19
6/26/2025,4.21
6/27/2025,4.2
6/30/2025,4.24
7/1/2025,4.24
7/2/2025,4.24
7/3/2025,4.26
7/7/2025,4.26
7/8/2025,4.26
7/9/2025,4.26
7/10/2025,4.25
7/11/2025,4.25
7/14/2025,4.26
7/15/2025,4.25
7/16/2025,4.24
7/17/2025,4.24
7/18/2025,4.24
7/21/2025,4.24
7/22/2025,4.24
7/23/2025,4.25
7/24/2025,4.25
7/25/2025,4.25
7/28/2025,4.24
7/29/2025,4.24
7/30/2025,4.25
7/31/2025,4.24
8/1/2025,4.19
8/4/2025,4.16
8/5/2025,4.16
8/6/2025,4.14
8/7/2025,4.14
8/8/2025,4.14
8/11/2025,4.15
8/12/2025,4.14
8/13/2025,4.11
8/14/2025,4.12
8/15/2025,4.12
8/18/2025,4.14
8/19/2025,4.12
8/20/2025,4.12
8/21/2025,4.14
8/22/2025,4.1
8/25/2025,4.1
8/26/2025,4.1
8/27/2025,4.08
8/28/2025,4.08
8/29/2025,4.05
9/2/2025,4.05
9/3/2025,4.03
9/4/2025,4.01
9/5/2025,3.92
9/8/2025,3.95
9/9/2025,3.95
9/10/2025,3.94
9/11/2025,3.94
9/12/2025,3.94
9/15/2025,3.91
9/16/2025,3.9
9/17/2025,3.88
9/18/2025,3.89
9/19/2025,3.89
9/22/2025,3.86
9/23/2025,3.86
9/24/2025,3.87
9/25/2025,3.89
9/26/2025,3.87
9/29/2025,3.86
9/30/2025,3.86
10/1/2025,3.85
10/2/2025,3.86
10/3/2025,3.87
10/6/2025,3.86
10/7/2025,3.85
10/8/2025,3.85
10/9/2025,3.87
10/10/2025,3.86
10/14/2025,3.85
10/15/2025,3.87
10/16/2025,3.86
10/17/2025,3.84
10/20/2025,3.81
10/21/2025,3.8
10/22/2025,3.8
10/23/2025,3.8
10/24/2025,3.77
10/27/2025,3.73
10/28/2025,3.73
10/29/2025,3.77
10/30/2025,3.76
10/31/2025,3.73
11/3/2025,3.82
11/4/2025,3.8
11/5/2025,3.8
11/6/2025,3.77
11/7/2025,3.77
11/10/2025,3.79
11/12/2025,3.79
11/13/2025,3.8
11/14/2025,3.8
11/17/2025,3.8
11/18/2025,3.78
11/19/2025,3.79
11/20/2025,3.78
11/21/2025,3.75
11/24/2025,3.75
11/25/2025,3.74
11/26/2025,3.76
11/28/2025,3.73
12/1/2025,3.71
12/2/2025,3.68
12/3/2025,3.64
12/4/2025,3.63
12/5/2025,3.62
12/8/2025,3.64
12/9/2025,3.64
12/10/2025,3.6
12/11/2025,3.58
12/12/2025,3.54
12/15/2025,3.56
12/16/2025,3.56
12/17/2025,3.55
12/18/2025,3.53
12/19/2025,3.54
12/22/2025,3.56
12/23/2025,3.56
12/24/2025,3.6
12/26/2025,3.56
12/29/2025,3.57
12/30/2025,3.55
12/31/2025,3.57
1/2/2026,3.54
