Date,PX_LAST
12/29/2015,99.7265625
12/30/2015,99.79296875
12/31/2015,99.94921875
1/1/2016,99.94921875
1/4/2016,100.0742188
1/5/2016,100.1757813
1/6/2016,100.5117188
1/7/2016,100.7148438
1/8/2016,100.9023438
1/11/2016,100.7382813
1/12/2016,100.9960938
1/13/2016,101.0664063
1/14/2016,101.1523438
1/15/2016,101.4101563
1/18/2016,101.4101563
1/19/2016,101.2539063
1/20/2016,101.5820313
1/21/2016,101.4570313
1/22/2016,101.2695313
1/25/2016,101.4726563
1/26/2016,101.5273438
1/27/2016,101.6054688
1/28/2016,101.6796875
1/29/2016,101.9921875
2/1/2016,101.8203125
2/2/2016,102.3203125
2/3/2016,102.2578125
2/4/2016,102.4765625
2/5/2016,102.4140625
2/8/2016,102.7734375
2/9/2016,102.7890625
2/10/2016,102.9609375
2/11/2016,102.9140625
2/12/2016,102.5390625
2/15/2016,102.5390625
2/16/2016,102.5078125
2/17/2016,102.2890625
2/18/2016,102.6015625
2/19/2016,102.4609375
2/22/2016,102.4453125
2/23/2016,102.6015625
2/24/2016,102.5078125
2/25/2016,102.6640625
2/26/2016,102.3203125
2/29/2016,102.4453125
3/1/2016,101.9609375
3/2/2016,101.8515625
3/3/2016,101.8359375
3/4/2016,101.6796875
3/7/2016,101.4921875
3/8/2016,101.8515625
3/9/2016,101.6640625
3/10/2016,101.3671875
3/11/2016,101.1328125
3/14/2016,101.2109375
3/15/2016,101.1484375
3/16/2016,101.6640625
3/17/2016,101.7109375
3/18/2016,101.8828125
3/21/2016,101.6796875
3/22/2016,101.5078125
3/23/2016,101.7890625
3/24/2016,101.6796875
3/25/2016,101.6796875
3/28/2016,101.7265625
3/29/2016,102.1640625
3/30/2016,102.3046875
3/31/2016,102.5390625
4/1/2016,102.4921875
4/4/2016,102.5234375
4/5/2016,102.6796875
4/6/2016,102.5703125
4/7/2016,102.8515625
4/8/2016,102.7890625
4/11/2016,102.7578125
4/12/2016,102.5078125
4/13/2016,102.4921875
4/14/2016,102.3203125
4/15/2016,102.5078125
4/18/2016,102.4296875
4/19/2016,102.3203125
4/20/2016,102.0390625
4/21/2016,101.9609375
4/22/2016,101.8515625
4/25/2016,101.7578125
4/26/2016,101.6953125
4/27/2016,102.0546875
4/28/2016,102.1796875
4/29/2016,102.1484375
5/2/2016,102.0078125
5/3/2016,102.3359375
5/4/2016,102.4296875
5/5/2016,102.5703125
5/6/2016,102.4609375
5/9/2016,102.6171875
5/10/2016,102.5546875
5/11/2016,102.5859375
5/12/2016,102.4140625
5/13/2016,102.5546875
5/16/2016,102.2890625
5/17/2016,102.1015625
5/18/2016,101.6953125
5/19/2016,101.7578125
5/20/2016,101.8203125
5/23/2016,101.7890625
5/24/2016,101.6171875
5/25/2016,101.6328125
5/26/2016,101.8515625
5/27/2016,101.6796875
5/30/2016,101.6796875
5/31/2016,101.7265625
6/1/2016,101.6953125
6/2/2016,101.8359375
6/3/2016,102.3984375
6/6/2016,102.3046875
6/7/2016,102.3984375
6/8/2016,102.3984375
6/9/2016,102.4296875
6/10/2016,102.6796875
6/13/2016,102.8515625
6/14/2016,102.8203125
6/15/2016,103.1328125
6/16/2016,103.0390625
6/17/2016,102.9453125
6/20/2016,102.6328125
6/21/2016,102.5546875
6/22/2016,102.6640625
6/23/2016,102.3984375
6/24/2016,103.1953125
6/27/2016,103.578125
6/28/2016,103.4609375
6/29/2016,103.2421875
6/30/2016,103.5078125
7/1/2016,103.515625
7/4/2016,103.515625
7/5/2016,103.7421875
7/6/2016,103.7109375
7/7/2016,103.6328125
7/8/2016,103.6640625
7/11/2016,103.3515625
7/12/2016,103.0859375
7/13/2016,103.1796875
7/14/2016,103.0078125
7/15/2016,102.9609375
7/18/2016,102.8359375
7/19/2016,102.9140625
7/20/2016,102.7890625
7/21/2016,102.9765625
7/22/2016,102.8828125
7/25/2016,102.7734375
7/26/2016,102.7890625
7/27/2016,103.0546875
7/28/2016,103.0546875
7/29/2016,103.3203125
8/1/2016,103.1015625
8/2/2016,103.0546875
8/3/2016,103.1328125
8/4/2016,103.3046875
8/5/2016,102.8046875
8/8/2016,102.7890625
8/9/2016,102.9453125
8/10/2016,103.1171875
8/11/2016,102.7890625
8/12/2016,102.9921875
8/15/2016,102.8203125
8/16/2016,102.7265625
8/17/2016,102.8203125
8/18/2016,102.9296875
8/19/2016,102.6953125
8/22/2016,102.8046875
8/23/2016,102.7890625
8/24/2016,102.765625
8/25/2016,102.6484375
8/26/2016,102.3046875
8/29/2016,102.5703125
8/30/2016,102.5390625
8/31/2016,102.4609375
9/1/2016,102.5546875
9/2/2016,102.5234375
9/5/2016,102.5234375
9/6/2016,102.8515625
9/7/2016,102.8046875
9/8/2016,102.5703125
9/9/2016,102.3671875
9/12/2016,102.4765625
9/13/2016,102.2734375
9/14/2016,102.4609375
9/15/2016,102.6015625
9/16/2016,102.4921875
9/19/2016,102.3828125
9/20/2016,102.4609375
9/21/2016,102.5078125
9/22/2016,102.6015625
9/23/2016,102.6484375
9/26/2016,102.8046875
9/27/2016,102.8359375
9/28/2016,102.7734375
9/29/2016,102.8359375
9/30/2016,102.6953125
10/3/2016,102.5703125
10/4/2016,102.3671875
10/5/2016,102.2890625
10/6/2016,102.1328125
10/7/2016,102.21875
10/10/2016,102.21875
10/11/2016,102.0546875
10/12/2016,102.0703125
10/13/2016,102.1796875
10/14/2016,102.0859375
10/17/2016,102.2265625
10/18/2016,102.3359375
10/19/2016,102.3515625
10/20/2016,102.2421875
10/21/2016,102.2890625
10/24/2016,102.1796875
10/25/2016,102.1953125
10/26/2016,102.0859375
10/27/2016,101.921875
10/28/2016,102.0234375
10/31/2016,102.1015625
11/1/2016,102.1484375
11/2/2016,102.2578125
11/3/2016,102.2734375
11/4/2016,102.3984375
11/7/2016,102.1796875
11/8/2016,102.0078125
11/9/2016,101.453125
11/10/2016,101.125
11/11/2016,101.125
11/14/2016,100.6328125
11/15/2016,100.6796875
11/16/2016,100.6328125
11/17/2016,100.4140625
11/18/2016,100.2265625
11/21/2016,100.3515625
11/22/2016,100.3359375
11/23/2016,100.09375
11/24/2016,100.09375
11/25/2016,100.0859375
11/28/2016,100.2421875
11/29/2016,100.3203125
11/30/2016,100.0546875
12/1/2016,99.8671875
12/2/2016,100.1796875
12/5/2016,100.0859375
12/6/2016,100.140625
12/7/2016,100.3046875
12/8/2016,100.1640625
12/9/2016,99.984375
12/12/2016,100.0234375
12/13/2016,99.921875
12/14/2016,99.3984375
12/15/2016,99.265625
12/16/2016,99.3515625
12/19/2016,99.5234375
12/20/2016,99.4765625
12/21/2016,99.5546875
12/22/2016,99.5078125
12/23/2016,99.5390625
12/26/2016,99.5390625
12/27/2016,99.453125
12/28/2016,99.6640625
12/29/2016,99.890625
12/30/2016,99.96875
1/2/2017,99.96875
1/3/2017,99.8984375
1/4/2017,99.9296875
1/5/2017,100.234375
1/6/2017,99.9296875
1/9/2017,100.1015625
1/10/2017,100.09375
1/11/2017,100.0703125
1/12/2017,100.140625
1/13/2017,100.015625
1/16/2017,100.015625
1/17/2017,100.3046875
1/18/2017,99.8828125
1/19/2017,99.8125
1/20/2017,99.9375
1/23/2017,100.1953125
1/24/2017,99.9453125
1/25/2017,99.828125
1/26/2017,99.890625
1/27/2017,99.9609375
1/30/2017,99.9453125
1/31/2017,100.0703125
2/1/2017,100.0078125
2/2/2017,100.0390625
2/3/2017,100.0859375
2/6/2017,100.2890625
2/7/2017,100.2734375
2/8/2017,100.4453125
2/9/2017,100.2109375
2/10/2017,100.125
2/13/2017,100.0390625
2/14/2017,99.8515625
2/15/2017,99.765625
2/16/2017,99.9609375
2/17/2017,100.09375
2/20/2017,100.09375
2/21/2017,100.0390625
2/22/2017,100.109375
2/23/2017,100.2734375
2/24/2017,100.4296875
2/27/2017,100.2109375
2/28/2017,99.9609375
3/1/2017,99.734375
3/2/2017,99.625
3/3/2017,99.671875
3/6/2017,99.6328125
3/7/2017,99.5390625
3/8/2017,99.40625
3/9/2017,99.2890625
3/10/2017,99.421875
3/13/2017,99.328125
3/14/2017,99.359375
3/15/2017,99.78125
3/16/2017,99.6171875
3/17/2017,99.703125
3/20/2017,99.828125
3/21/2017,99.984375
3/22/2017,100.015625
3/23/2017,99.953125
3/24/2017,99.9609375
3/27/2017,100.0546875
3/28/2017,99.8828125
3/29/2017,100.0390625
3/30/2017,99.9453125
3/31/2017,100.1015625
4/3/2017,100.3359375
4/4/2017,100.2109375
4/5/2017,100.3359375
4/6/2017,100.3203125
4/7/2017,100.0859375
4/10/2017,100.1484375
4/11/2017,100.3984375
4/12/2017,100.6015625
4/13/2017,100.6015625
4/14/2017,100.6015625
4/17/2017,100.5859375
4/18/2017,100.8359375
4/19/2017,100.7109375
4/20/2017,100.6328125
4/21/2017,100.6171875
4/24/2017,100.5
4/25/2017,100.3203125
4/26/2017,100.4140625
4/27/2017,100.4765625
4/28/2017,100.46875
5/1/2017,100.3828125
5/2/2017,100.5078125
5/3/2017,100.3515625
5/4/2017,100.2265625
5/5/2017,100.2421875
5/8/2017,100.1328125
5/9/2017,100.1015625
5/10/2017,100.0703125
5/11/2017,100.1484375
5/12/2017,100.3671875
5/15/2017,100.34375
5/16/2017,100.3828125
5/17/2017,100.6328125
5/18/2017,100.5703125
5/19/2017,100.5546875
5/22/2017,100.5078125
5/23/2017,100.3984375
5/24/2017,100.5390625
5/25/2017,100.5078125
5/26/2017,100.5234375
5/29/2017,100.5234375
5/30/2017,100.6171875
5/31/2017,100.6171875
6/1/2017,100.5859375
6/2/2017,100.6953125
6/5/2017,100.6171875
6/6/2017,100.6953125
6/7/2017,100.59375
6/8/2017,100.5703125
6/9/2017,100.5
6/12/2017,100.46875
6/13/2017,100.4453125
6/14/2017,100.625
6/15/2017,100.4921875
6/16/2017,100.5625
6/19/2017,100.390625
6/20/2017,100.4765625
6/21/2017,100.4609375
6/22/2017,100.53125
6/23/2017,100.546875
6/26/2017,100.5546875
6/27/2017,100.4296875
6/28/2017,100.4765625
6/29/2017,100.3945313
6/30/2017,100.3007813
7/3/2017,100.1757813
7/4/2017,100.1757813
7/5/2017,100.2070313
7/6/2017,100.1523438
7/7/2017,100.1171875
7/10/2017,100.1757813
7/11/2017,100.2382813
7/12/2017,100.3554688
7/13/2017,100.2929688
7/14/2017,100.3554688
7/17/2017,100.3867188
7/18/2017,100.4882813
7/19/2017,100.453125
7/20/2017,100.4804688
7/21/2017,100.5273438
7/24/2017,100.4726563
7/25/2017,100.2851563
7/26/2017,100.4804688
7/27/2017,100.4257813
7/28/2017,100.4804688
7/31/2017,100.4726563
8/1/2017,100.5507813
8/2/2017,100.4726563
8/3/2017,100.6015625
8/4/2017,100.5039063
8/7/2017,100.5117188
8/8/2017,100.5117188
8/9/2017,100.546875
8/10/2017,100.625
8/11/2017,100.7382813
8/14/2017,100.6523438
8/15/2017,100.5
8/16/2017,100.6054688
8/17/2017,100.6992188
8/18/2017,100.6835938
8/21/2017,100.7148438
8/22/2017,100.6367188
8/23/2017,100.7382813
8/24/2017,100.6523438
8/25/2017,100.6835938
8/28/2017,100.7382813
8/29/2017,100.8242188
8/30/2017,100.7851563
8/31/2017,100.8007813
9/1/2017,100.6992188
9/4/2017,100.6992188
9/5/2017,100.9414063
9/6/2017,100.8554688
9/7/2017,101.0117188
9/8/2017,101.0117188
9/11/2017,100.7929688
9/12/2017,100.7226563
9/13/2017,100.6679688
9/14/2017,100.6054688
9/15/2017,100.5195313
9/18/2017,100.4648438
9/19/2017,100.4492188
9/20/2017,100.3164063
9/21/2017,100.2851563
9/22/2017,100.3476563
9/25/2017,100.3945313
9/26/2017,100.34375
9/27/2017,100.25
9/28/2017,100.3242188
9/29/2017,100.1601563
10/2/2017,100.1445313
10/3/2017,100.2226563
10/4/2017,100.2265625
10/5/2017,100.1523438
10/6/2017,100.1210938
10/9/2017,100.1210938
10/10/2017,100.125
10/11/2017,100.1054688
10/12/2017,100.1171875
10/13/2017,100.2148438
10/16/2017,100.0507813
10/17/2017,100.0507813
10/18/2017,99.95703125
10/19/2017,100.0898438
10/20/2017,99.92578125
10/23/2017,99.98046875
10/24/2017,99.87890625
10/25/2017,99.87890625
10/26/2017,99.80078125
10/27/2017,99.91015625
10/30/2017,99.98046875
10/31/2017,99.90234375
11/1/2017,99.87890625
11/2/2017,99.92578125
11/3/2017,99.90625
11/6/2017,99.9296875
11/7/2017,99.9140625
11/8/2017,99.86328125
11/9/2017,99.8828125
11/10/2017,99.79296875
11/13/2017,99.70703125
11/14/2017,99.72265625
11/15/2017,99.76171875
11/16/2017,99.66796875
11/17/2017,99.67578125
11/20/2017,99.57421875
11/21/2017,99.51171875
11/22/2017,99.65234375
11/23/2017,99.65234375
11/24/2017,99.61328125
11/27/2017,99.64453125
11/28/2017,99.62890625
11/29/2017,99.546875
11/30/2017,99.46484375
12/1/2017,99.48828125
12/4/2017,99.38671875
12/5/2017,99.3671875
12/6/2017,99.41796875
12/7/2017,99.42578125
12/8/2017,99.44921875
12/11/2017,99.36328125
12/12/2017,99.359375
12/13/2017,99.54296875
12/14/2017,99.4375
12/15/2017,99.37109375
12/18/2017,99.37109375
12/19/2017,99.28125
12/20/2017,99.24609375
12/21/2017,99.23046875
12/22/2017,99.18359375
12/25/2017,99.18359375
12/26/2017,99.17578125
12/27/2017,99.29296875
12/28/2017,99.23828125
12/29/2017,99.32421875
1/1/2018,99.32421875
1/2/2018,99.20703125
1/3/2018,99.17578125
1/4/2018,99.1171875
1/5/2018,99.05859375
1/8/2018,99.0703125
1/9/2018,99.01953125
1/10/2018,99.02734375
1/11/2018,99.01953125
1/12/2018,98.953125
1/15/2018,98.953125
1/16/2018,98.9375
1/17/2018,98.81640625
1/18/2018,98.80078125
1/19/2018,98.7109375
1/22/2018,98.71484375
1/23/2018,98.7890625
1/24/2018,98.72265625
1/25/2018,98.7109375
1/26/2018,98.578125
1/29/2018,98.55078125
1/30/2018,98.53125
1/31/2018,98.47265625
2/1/2018,98.37109375
2/2/2018,98.38671875
2/5/2018,98.76953125
2/6/2018,98.48828125
2/7/2018,98.453125
2/8/2018,98.51953125
2/9/2018,98.5546875
2/12/2018,98.50390625
2/13/2018,98.48828125
2/14/2018,98.25390625
2/15/2018,98.21484375
2/16/2018,98.28515625
2/19/2018,98.28515625
2/20/2018,98.23046875
2/21/2018,98.14453125
2/22/2018,98.21484375
2/23/2018,98.28125
2/26/2018,98.328125
2/27/2018,98.19921875
2/28/2018,98.23828125
3/1/2018,98.37109375
3/2/2018,98.265625
3/5/2018,98.26171875
3/6/2018,98.23046875
3/7/2018,98.23828125
3/8/2018,98.25390625
3/9/2018,98.21484375
3/12/2018,98.24609375
3/13/2018,98.28125
3/14/2018,98.28515625
3/15/2018,98.23046875
3/16/2018,98.203125
3/19/2018,98.16015625
3/20/2018,98.0625
3/21/2018,98.1484375
3/22/2018,98.23828125
3/23/2018,98.3046875
3/26/2018,98.21484375
3/27/2018,98.35546875
3/28/2018,98.29296875
3/29/2018,98.36328125
3/30/2018,98.36328125
4/2/2018,98.41015625
4/3/2018,98.3125
4/4/2018,98.24609375
4/5/2018,98.20703125
4/6/2018,98.32421875
4/9/2018,98.29296875
4/10/2018,98.22265625
4/11/2018,98.23828125
4/12/2018,98.11328125
4/13/2018,98.10546875
4/16/2018,98.05078125
4/17/2018,98.01953125
4/18/2018,97.91015625
4/19/2018,97.88671875
4/20/2018,97.81640625
4/23/2018,97.7734375
4/24/2018,97.78515625
4/25/2018,97.77734375
4/26/2018,97.82421875
4/27/2018,97.83203125
4/30/2018,97.80859375
5/1/2018,97.76953125
5/2/2018,97.8046875
5/3/2018,97.84765625
5/4/2018,97.80078125
5/7/2018,97.80078125
5/8/2018,97.77734375
5/9/2018,97.72265625
5/10/2018,97.72265625
5/11/2018,97.70703125
5/14/2018,97.66796875
5/15/2018,97.57421875
5/16/2018,97.53515625
5/17/2018,97.57421875
5/18/2018,97.66796875
5/21/2018,97.625
5/22/2018,97.63671875
5/23/2018,97.7890625
5/24/2018,97.828125
5/25/2018,97.94140625
5/28/2018,97.94140625
5/29/2018,98.36328125
5/30/2018,98.12890625
5/31/2018,98.09375
6/1/2018,98.0078125
6/4/2018,97.87890625
6/5/2018,97.94921875
6/6/2018,97.8828125
6/7/2018,97.95703125
6/8/2018,97.9296875
6/11/2018,97.88671875
6/12/2018,97.8515625
6/13/2018,97.79296875
6/14/2018,97.80859375
6/15/2018,97.83203125
6/18/2018,97.8515625
6/19/2018,97.87890625
6/20/2018,97.82421875
6/21/2018,97.90234375
6/22/2018,97.91015625
6/25/2018,97.94140625
6/26/2018,97.94921875
6/27/2018,98.05078125
6/28/2018,98.01953125
6/29/2018,97.96484375
7/2/2018,97.92578125
7/3/2018,97.98828125
7/4/2018,97.98828125
7/5/2018,97.93359375
7/6/2018,97.96484375
7/9/2018,97.90625
7/10/2018,97.8984375
7/11/2018,97.88671875
7/12/2018,97.8828125
7/13/2018,97.921875
7/16/2018,97.87109375
7/17/2018,97.84375
7/18/2018,97.83984375
7/19/2018,97.90625
7/20/2018,97.88671875
7/23/2018,97.79296875
7/24/2018,97.78125
7/25/2018,97.73046875
7/26/2018,97.69921875
7/27/2018,97.72265625
7/30/2018,97.73828125
7/31/2018,97.7265625
8/1/2018,97.71484375
8/2/2018,97.74609375
8/3/2018,97.81640625
8/6/2018,97.82421875
8/7/2018,97.76171875
8/8/2018,97.77734375
8/9/2018,97.83203125
8/10/2018,97.94921875
8/13/2018,97.91796875
8/14/2018,97.87890625
8/15/2018,97.94921875
8/16/2018,97.94140625
8/17/2018,97.95703125
8/20/2018,98.01953125
8/21/2018,97.98828125
8/22/2018,98.02734375
8/23/2018,97.9765625
8/24/2018,97.98046875
8/27/2018,97.9296875
8/28/2018,97.87890625
8/29/2018,97.84765625
8/30/2018,97.91796875
8/31/2018,97.97265625
9/3/2018,97.97265625
9/4/2018,97.9140625
9/5/2018,97.921875
9/6/2018,97.9765625
9/7/2018,97.8125
9/10/2018,97.80078125
9/11/2018,97.72265625
9/12/2018,97.73046875
9/13/2018,97.71484375
9/14/2018,97.66015625
9/17/2018,97.67578125
9/18/2018,97.60546875
9/19/2018,97.61328125
9/20/2018,97.59375
9/21/2018,97.61328125
9/24/2018,97.58203125
9/25/2018,97.5703125
9/26/2018,97.62890625
9/27/2018,97.609375
9/28/2018,97.62890625
10/1/2018,97.62890625
10/2/2018,97.64453125
10/3/2018,97.51171875
10/4/2018,97.5234375
10/5/2018,97.48828125
10/8/2018,97.48828125
10/9/2018,97.48828125
10/10/2018,97.58984375
10/11/2018,97.58203125
10/12/2018,97.58203125
10/15/2018,97.58203125
10/16/2018,97.5703125
10/17/2018,97.51953125
10/18/2018,97.55078125
10/19/2018,97.51171875
10/22/2018,97.5
10/23/2018,97.5703125
10/24/2018,97.703125
10/25/2018,97.67578125
10/26/2018,97.76953125
10/29/2018,97.75
10/30/2018,97.68359375
10/31/2018,97.65234375
11/1/2018,97.70703125
11/2/2018,97.58203125
11/5/2018,97.578125
11/6/2018,97.54296875
11/7/2018,97.48046875
11/8/2018,97.46875
11/9/2018,97.57421875
11/12/2018,97.57421875
11/13/2018,97.6484375
11/14/2018,97.703125
11/15/2018,97.73046875
11/16/2018,97.85546875
11/19/2018,97.890625
11/20/2018,97.8671875
11/21/2018,97.85546875
11/22/2018,97.85546875
11/23/2018,97.8671875
11/26/2018,97.84375
11/27/2018,97.83203125
11/28/2018,97.88671875
11/29/2018,97.89453125
11/30/2018,97.94140625
12/3/2018,97.87890625
12/4/2018,97.93359375
12/5/2018,97.93359375
12/6/2018,98.00390625
12/7/2018,98.11328125
12/10/2018,98.09765625
12/11/2018,98.04296875
12/12/2018,98.01171875
12/13/2018,98.0390625
12/14/2018,98.11328125
12/17/2018,98.20703125
12/18/2018,98.30078125
12/19/2018,98.29882813
12/20/2018,98.24414063
12/21/2018,98.31640625
12/24/2018,98.48046875
12/25/2018,98.48046875
12/26/2018,98.359375
12/27/2018,98.45117188
12/28/2018,98.54101563
12/31/2018,98.60742188
1/1/2019,98.60742188
1/2/2019,98.64648438
1/3/2019,98.81445313
1/4/2019,98.60546875
1/7/2019,98.515625
1/8/2019,98.43945313
1/9/2019,98.50390625
1/10/2019,98.4609375
1/11/2019,98.52148438
1/14/2019,98.53515625
1/15/2019,98.53125
1/16/2019,98.52148438
1/17/2019,98.48046875
1/18/2019,98.39453125
1/21/2019,98.39453125
1/22/2019,98.453125
1/23/2019,98.45703125
1/24/2019,98.49804688
1/25/2019,98.4296875
1/28/2019,98.45898438
1/29/2019,98.49609375
1/30/2019,98.61132813
1/31/2019,98.70507813
2/1/2019,98.61328125
2/4/2019,98.55664063
2/5/2019,98.58007813
2/6/2019,98.57421875
2/7/2019,98.65234375
2/8/2019,98.68164063
2/11/2019,98.6484375
2/12/2019,98.61523438
2/13/2019,98.57226563
2/14/2019,98.63476563
2/15/2019,98.6015625
2/18/2019,98.6015625
2/19/2019,98.65234375
2/20/2019,98.63671875
2/21/2019,98.58007813
2/22/2019,98.6484375
2/25/2019,98.62695313
2/26/2019,98.65234375
2/27/2019,98.62304688
2/28/2019,98.58984375
3/1/2019,98.52148438
3/4/2019,98.55859375
3/5/2019,98.54492188
3/6/2019,98.60351563
3/7/2019,98.6796875
3/8/2019,98.6953125
3/11/2019,98.68164063
3/12/2019,98.72070313
3/13/2019,98.69921875
3/14/2019,98.70703125
3/15/2019,98.75390625
3/18/2019,98.71875
3/19/2019,98.68945313
3/20/2019,98.8125
3/21/2019,98.79882813
3/22/2019,98.95898438
3/25/2019,99.08203125
3/26/2019,99.05078125
3/27/2019,99.140625
3/28/2019,99.08398438
3/29/2019,99.04882813
4/1/2019,98.93945313
4/2/2019,98.98828125
4/3/2019,98.9375
4/4/2019,98.93945313
4/5/2019,98.94140625
4/8/2019,98.90820313
4/9/2019,98.92578125
4/10/2019,98.98242188
4/11/2019,98.92773438
4/12/2019,98.87304688
4/15/2019,98.87890625
4/16/2019,98.84960938
4/17/2019,98.87109375
4/18/2019,98.91210938
4/19/2019,98.91210938
4/22/2019,98.90429688
4/23/2019,98.94726563
4/24/2019,99.00976563
4/25/2019,98.99023438
4/26/2019,99.07421875
4/29/2019,99.06054688
4/30/2019,99.09765625
5/1/2019,99.03710938
5/2/2019,98.97265625
5/3/2019,98.99609375
5/6/2019,99.06054688
5/7/2019,99.07226563
5/8/2019,99.05273438
5/9/2019,99.109375
5/10/2019,99.10546875
5/13/2019,99.22070313
5/14/2019,99.20703125
5/15/2019,99.26367188
5/16/2019,99.20507813
5/17/2019,99.19726563
5/20/2019,99.16796875
5/21/2019,99.11523438
5/22/2019,99.16601563
5/23/2019,99.2734375
5/24/2019,99.25
5/27/2019,99.25
5/28/2019,99.3046875
5/29/2019,99.31835938
5/30/2019,99.38671875
5/31/2019,99.60742188
6/3/2019,99.74023438
6/4/2019,99.65625
6/5/2019,99.69921875
6/6/2019,99.66992188
6/7/2019,99.71679688
6/10/2019,99.63671875
6/11/2019,99.60742188
6/12/2019,99.68164063
6/13/2019,99.74804688
6/14/2019,99.7421875
6/17/2019,99.703125
6/18/2019,99.70898438
6/19/2019,99.90039063
6/20/2019,99.84570313
6/21/2019,99.86328125
6/24/2019,99.92382813
6/25/2019,99.91796875
6/26/2019,99.83203125
6/27/2019,99.8671875
6/28/2019,99.86132813
7/1/2019,99.8203125
7/2/2019,99.85351563
7/3/2019,99.85742188
7/4/2019,99.85742188
7/5/2019,99.71679688
7/8/2019,99.68164063
7/9/2019,99.64648438
7/10/2019,99.765625
7/11/2019,99.71484375
7/12/2019,99.74023438
7/15/2019,99.76757813
7/16/2019,99.73242188
7/17/2019,99.79296875
7/18/2019,99.875
7/19/2019,99.7890625
7/22/2019,99.79296875
7/23/2019,99.7578125
7/24/2019,99.7734375
7/25/2019,99.7109375
7/26/2019,99.72851563
7/29/2019,99.72070313
7/30/2019,99.7421875
7/31/2019,99.71289063
8/1/2019,99.88867188
8/2/2019,99.91992188
8/5/2019,100.078125
8/6/2019,100.0585938
8/7/2019,100.0292969
8/8/2019,100.0195313
8/9/2019,99.97851563
8/12/2019,100.0664063
8/13/2019,99.95898438
8/14/2019,100.0742188
8/15/2019,100.1816406
8/16/2019,100.203125
8/19/2019,100.109375
8/20/2019,100.1582031
8/21/2019,100.0722656
8/22/2019,100.015625
8/23/2019,100.1230469
8/26/2019,100.1015625
8/27/2019,100.1132813
8/28/2019,100.0996094
8/29/2019,100.0742188
8/30/2019,100.0878906
9/2/2019,100.0878906
9/3/2019,100.1464844
9/4/2019,100.1679688
9/5/2019,100.0507813
9/6/2019,100.0390625
9/9/2019,99.99609375
9/10/2019,99.90234375
9/11/2019,99.921875
9/12/2019,99.8828125
9/13/2019,99.79882813
9/16/2019,99.828125
9/17/2019,99.859375
9/18/2019,99.8046875
9/19/2019,99.83789063
9/20/2019,99.90429688
9/23/2019,99.90625
9/24/2019,99.96875
9/25/2019,99.8828125
9/26/2019,99.91015625
9/27/2019,99.94335938
9/30/2019,99.95507813
10/1/2019,100.0371094
10/2/2019,100.1152344
10/3/2019,100.2148438
10/4/2019,100.2011719
10/7/2019,100.1445313
10/8/2019,100.1855469
10/9/2019,100.1679688
10/10/2019,100.125
10/11/2019,100.0742188
10/14/2019,100.0742188
10/15/2019,100.09375
10/16/2019,100.1171875
10/17/2019,100.1210938
10/18/2019,100.1386719
10/21/2019,100.1171875
10/22/2019,100.1132813
10/23/2019,100.1210938
10/24/2019,100.1113281
10/25/2019,100.0839844
10/28/2019,100.0722656
10/29/2019,100.0820313
10/30/2019,100.0878906
10/31/2019,100.1679688
11/1/2019,100.1523438
11/4/2019,100.1328125
11/5/2019,100.1054688
11/6/2019,100.109375
11/7/2019,100.0878906
11/8/2019,100.0917969
11/11/2019,100.0917969
11/12/2019,100.0917969
11/13/2019,100.1113281
11/14/2019,100.1289063
11/15/2019,100.1152344
11/18/2019,100.1152344
11/19/2019,100.109375
11/20/2019,100.1171875
11/21/2019,100.1171875
11/22/2019,100.1015625
11/25/2019,100.1054688
11/26/2019,100.1035156
11/27/2019,100.0761719
11/28/2019,100.0761719
11/29/2019,100.0644531
12/2/2019,100.0605469
12/3/2019,100.1054688
12/4/2019,100.09375
12/5/2019,100.0957031
12/6/2019,100.1074219
12/9/2019,100.1054688
12/10/2019,100.09375
12/11/2019,100.0976563
12/12/2019,100.0859375
12/13/2019,100.0996094
12/16/2019,100.0976563
12/17/2019,100.1054688
12/18/2019,100.1113281
12/19/2019,100.1074219
12/20/2019,100.1113281
12/23/2019,100.1035156
12/24/2019,100.1132813
12/25/2019,100.1132813
12/26/2019,100.1113281
12/27/2019,100.1210938
12/30/2019,100.1328125
12/31/2019,100.1132813
1/1/2020,100.1132813
1/2/2020,100.1289063
1/3/2020,100.1425781
1/6/2020,100.1386719
1/7/2020,100.1386719
1/8/2020,100.1308594
1/9/2020,100.1289063
1/10/2020,100.1347656
1/13/2020,100.125
1/14/2020,100.1367188
1/15/2020,100.1328125
1/16/2020,100.1347656
1/17/2020,100.1308594
1/20/2020,100.1308594
1/21/2020,100.1464844
1/22/2020,100.1542969
1/23/2020,100.1601563
1/24/2020,100.171875
1/27/2020,100.1855469
1/28/2020,100.1757813
1/29/2020,100.1796875
1/30/2020,100.2011719
1/31/2020,100.2167969
2/3/2020,100.2167969
2/4/2020,100.1933594
2/5/2020,100.1855469
2/6/2020,100.171875
2/7/2020,100.1894531
2/10/2020,100.1933594
2/11/2020,100.1835938
2/12/2020,100.1816406
2/13/2020,100.1796875
2/14/2020,100.1914063
2/17/2020,100.1914063
2/18/2020,100.1933594
2/19/2020,100.1972656
2/20/2020,100.203125
2/21/2020,100.2207031
2/24/2020,100.2792969
2/25/2020,100.3164063
2/26/2020,100.3398438
2/27/2020,100.4101563
2/28/2020,100.5
3/2/2020,100.5742188
3/3/2020,100.7480469
3/4/2020,100.8378906
3/5/2020,100.9472656
3/6/2020,101.0136719
3/9/2020,101.078125
3/10/2020,100.9824219
3/11/2020,101.0039063
3/12/2020,101.0429688
3/13/2020,101.0078125
3/16/2020,101.0351563
3/17/2020,101.0566406
3/18/2020,101.1269531
3/19/2020,101.1953125
3/20/2020,101.3027344
3/23/2020,101.21875
3/24/2020,101.2011719
3/25/2020,101.2714844
3/26/2020,101.2832031
3/27/2020,101.2929688
3/30/2020,101.2382813
3/31/2020,101.2324219
4/1/2020,101.2324219
4/2/2020,101.2128906
4/3/2020,101.1972656
4/6/2020,101.1855469
4/7/2020,101.1953125
4/8/2020,101.1738281
4/9/2020,101.1542969
4/10/2020,101.1542969
4/13/2020,101.1367188
4/14/2020,101.1289063
4/15/2020,101.1601563
4/16/2020,101.1523438
4/17/2020,101.1464844
4/20/2020,101.1484375
4/21/2020,101.1464844
4/22/2020,101.1367188
4/23/2020,101.1289063
4/24/2020,101.1230469
4/27/2020,101.1035156
4/28/2020,101.1132813
4/29/2020,101.0839844
4/30/2020,101.0898438
5/1/2020,101.0742188
5/4/2020,101.0742188
5/5/2020,101.0742188
5/6/2020,101.0664063
5/7/2020,101.0761719
5/8/2020,101.046875
5/11/2020,101.0371094
5/12/2020,101.03125
5/13/2020,101.03125
5/14/2020,101.03125
5/15/2020,101.0214844
5/18/2020,101.015625
5/19/2020,101.0097656
5/20/2020,101
5/21/2020,100.9980469
5/22/2020,100.9746094
5/25/2020,100.9746094
5/26/2020,100.9609375
5/27/2020,100.9511719
5/28/2020,100.9472656
5/29/2020,100.9257813
6/1/2020,100.9179688
6/2/2020,100.9101563
6/3/2020,100.8984375
6/4/2020,100.9023438
6/5/2020,100.8867188
6/8/2020,100.8769531
6/9/2020,100.8730469
6/10/2020,100.875
6/11/2020,100.859375
6/12/2020,100.8476563
6/15/2020,100.8515625
6/16/2020,100.8417969
6/17/2020,100.8398438
6/18/2020,100.8359375
6/19/2020,100.8203125
6/22/2020,100.8261719
6/23/2020,100.8242188
6/24/2020,100.8242188
6/25/2020,100.8105469
6/26/2020,100.8046875
6/29/2020,100.7949219
6/30/2020,100.7949219
7/1/2020,100.7910156
7/2/2020,100.7753906
7/3/2020,100.7753906
7/6/2020,100.7714844
7/7/2020,100.765625
7/8/2020,100.765625
7/9/2020,100.7617188
7/10/2020,100.7519531
7/13/2020,100.7460938
7/14/2020,100.7421875
7/15/2020,100.7421875
7/16/2020,100.7421875
7/17/2020,100.7304688
7/20/2020,100.7246094
7/21/2020,100.7226563
7/22/2020,100.7148438
7/23/2020,100.7109375
7/24/2020,100.7011719
7/27/2020,100.6992188
7/28/2020,100.6953125
7/29/2020,100.6914063
7/30/2020,100.6855469
7/31/2020,100.6757813
8/3/2020,100.6679688
8/4/2020,100.6679688
8/5/2020,100.6640625
8/6/2020,100.6582031
8/7/2020,100.6367188
8/10/2020,100.6367188
8/11/2020,100.6328125
8/12/2020,100.625
8/13/2020,100.6171875
8/14/2020,100.6113281
8/17/2020,100.6035156
8/18/2020,100.6015625
8/19/2020,100.5957031
8/20/2020,100.59375
8/21/2020,100.578125
8/24/2020,100.5761719
8/25/2020,100.5664063
8/26/2020,100.5625
8/27/2020,100.5585938
8/28/2020,100.546875
8/31/2020,100.5429688
9/1/2020,100.5390625
9/2/2020,100.5351563
9/3/2020,100.5273438
9/4/2020,100.5136719
9/7/2020,100.5136719
9/8/2020,100.5078125
9/9/2020,100.5019531
9/10/2020,100.4960938
9/11/2020,100.4824219
9/14/2020,100.4804688
9/15/2020,100.4726563
9/16/2020,100.4746094
9/17/2020,100.46875
9/18/2020,100.4570313
9/21/2020,100.453125
9/22/2020,100.4472656
9/23/2020,100.4433594
9/24/2020,100.4414063
9/25/2020,100.4238281
9/28/2020,100.4179688
9/29/2020,100.4160156
9/30/2020,100.4121094
10/1/2020,100.4023438
10/2/2020,100.390625
10/5/2020,100.3847656
10/6/2020,100.3828125
10/7/2020,100.375
10/8/2020,100.3710938
10/9/2020,100.3535156
10/12/2020,100.3535156
10/13/2020,100.3457031
10/14/2020,100.34375
10/15/2020,100.3378906
10/16/2020,100.3242188
10/19/2020,100.3242188
10/20/2020,100.3222656
10/21/2020,100.3183594
10/22/2020,100.3085938
10/23/2020,100.296875
10/26/2020,100.2929688
10/27/2020,100.2871094
10/28/2020,100.2851563
10/29/2020,100.28125
10/30/2020,100.265625
11/2/2020,100.2617188
11/3/2020,100.2578125
11/4/2020,100.2539063
11/5/2020,100.25
11/6/2020,100.2304688
11/9/2020,100.2304688
11/10/2020,100.2207031
11/11/2020,100.2207031
11/12/2020,100.21875
11/13/2020,100.203125
11/16/2020,100.1992188
11/17/2020,100.1933594
11/18/2020,100.1914063
11/19/2020,100.1835938
11/20/2020,100.171875
11/23/2020,100.1679688
11/24/2020,100.1621094
11/25/2020,100.1503906
11/26/2020,100.1503906
11/27/2020,100.140625
11/30/2020,100.140625
12/1/2020,100.1328125
12/2/2020,100.1289063
12/3/2020,100.1230469
12/4/2020,100.1113281
12/7/2020,100.1054688
12/8/2020,100.0976563
12/9/2020,100.0976563
12/10/2020,100.09375
12/11/2020,100.0800781
12/14/2020,100.0742188
12/15/2020,100.0703125
12/16/2020,100.0664063
12/17/2020,100.0585938
12/18/2020,100.046875
12/21/2020,100.0429688
12/22/2020,100.0371094
12/23/2020,100.03125
12/24/2020,100.0117188
12/25/2020,100.0117188
12/28/2020,100.0234375
12/29/2020,99.98046875
12/30/2020,100.03125
12/31/2020,100.0664063
1/1/2021,100.0664063
1/4/2021,100.1210938
1/5/2021,99.98828125
1/6/2021,99.74609375
1/7/2021,99.58203125
1/8/2021,99.46484375
1/11/2021,99.35546875
1/12/2021,99.38671875
1/13/2021,99.53515625
1/14/2021,99.46484375
1/15/2021,99.62890625
1/18/2021,99.62890625
1/19/2021,99.65234375
1/20/2021,99.67578125
1/21/2021,99.65234375
1/22/2021,99.72265625
1/25/2021,99.86328125
1/26/2021,99.83203125
1/27/2021,99.87890625
1/28/2021,99.7890625
1/29/2021,99.83203125
2/1/2021,99.8125
2/2/2021,99.73046875
2/3/2021,99.62890625
2/4/2021,99.65234375
2/5/2021,99.62890625
2/8/2021,99.55078125
2/9/2021,99.57421875
2/10/2021,99.69140625
2/11/2021,99.62890625
2/12/2021,99.49609375
2/15/2021,99.49609375
2/16/2021,99.11328125
2/17/2021,99.25
2/18/2021,99.2109375
2/19/2021,99.1015625
2/22/2021,99
2/23/2021,99.15234375
2/24/2021,98.98828125
2/25/2021,98.01953125
2/26/2021,98.4296875
3/1/2021,98.59375
3/2/2021,98.76171875
3/3/2021,98.4296875
3/4/2021,98.15625
3/5/2021,98.1171875
3/8/2021,97.86328125
3/9/2021,98.08203125
3/10/2021,98.15234375
3/11/2021,98.17578125
3/12/2021,97.9296875
3/15/2021,97.9921875
3/16/2021,97.99609375
3/17/2021,98.1484375
3/18/2021,97.8515625
3/19/2021,97.77734375
3/22/2021,97.86328125
3/23/2021,98.078125
3/24/2021,98.1171875
3/25/2021,98.09375
3/26/2021,97.9609375
3/29/2021,97.85546875
3/30/2021,97.81640625
3/31/2021,97.6171875
4/1/2021,97.796875
4/2/2021,97.44921875
4/5/2021,97.70703125
4/6/2021,97.93359375
4/7/2021,97.94921875
4/8/2021,98.1015625
4/9/2021,97.96875
4/12/2021,97.87890625
4/13/2021,98.0859375
4/14/2021,97.99609375
4/15/2021,98.171875
4/16/2021,98.12109375
4/19/2021,98.12890625
4/20/2021,98.30078125
4/21/2021,98.28515625
4/22/2021,98.30859375
4/23/2021,98.19921875
4/26/2021,98.140625
4/27/2021,98
4/28/2021,98.140625
4/29/2021,98.0859375
4/30/2021,98.15234375
5/3/2021,98.2578125
5/4/2021,98.28125
5/5/2021,98.39453125
5/6/2021,98.33984375
5/7/2021,98.4765625
5/10/2021,98.4375
5/11/2021,98.37109375
5/12/2021,98.09765625
5/13/2021,98.265625
5/14/2021,98.328125
5/17/2021,98.234375
5/18/2021,98.3125
5/19/2021,98.140625
5/20/2021,98.33984375
5/21/2021,98.3046875
5/24/2021,98.38671875
5/25/2021,98.5234375
5/26/2021,98.484375
5/27/2021,98.42578125
5/28/2021,98.48828125
5/31/2021,98.48828125
6/1/2021,98.48046875
6/2/2021,98.53125
6/3/2021,98.32421875
6/4/2021,98.58203125
6/7/2021,98.5234375
6/8/2021,98.59375
6/9/2021,98.69140625
6/10/2021,98.85546875
6/11/2021,98.73828125
6/14/2021,98.54296875
6/15/2021,98.5625
6/16/2021,98.05859375
6/17/2021,98.07421875
6/18/2021,98.05859375
6/21/2021,98.03125
6/22/2021,98.15625
6/23/2021,98.0546875
6/24/2021,98.0078125
6/25/2021,97.97265625
6/28/2021,98.06640625
6/29/2021,98.09375
6/30/2021,98.08203125
7/1/2021,98.0703125
7/2/2021,98.21875
7/5/2021,98.21875
7/6/2021,98.47265625
7/7/2021,98.53125
7/8/2021,98.703125
7/9/2021,98.53515625
7/12/2021,98.4921875
7/13/2021,98.265625
7/14/2021,98.484375
7/15/2021,98.546875
7/16/2021,98.5546875
7/19/2021,98.828125
7/20/2021,98.9296875
7/21/2021,98.72265625
7/22/2021,98.796875
7/23/2021,98.8359375
7/26/2021,98.7890625
7/27/2021,98.88671875
7/28/2021,98.90625
7/29/2021,98.80859375
7/30/2021,98.9921875
8/2/2021,99.13671875
8/3/2021,99.1640625
8/4/2021,99.02734375
8/5/2021,98.828125
8/6/2021,98.640625
8/9/2021,98.5390625
8/10/2021,98.41015625
8/11/2021,98.4921875
8/12/2021,98.421875
8/13/2021,98.6328125
8/16/2021,98.6640625
8/17/2021,98.6484375
8/18/2021,98.64453125
8/19/2021,98.63671875
8/20/2021,98.58203125
8/23/2021,98.64453125
8/24/2021,98.5390625
8/25/2021,98.44921875
8/26/2021,98.37890625
8/27/2021,98.5859375
8/30/2021,98.71875
8/31/2021,98.6875
9/1/2021,98.703125
9/2/2021,98.73828125
9/3/2021,98.6796875
9/6/2021,98.6796875
9/7/2021,98.54296875
9/8/2021,98.59765625
9/9/2021,98.6640625
9/10/2021,98.56640625
9/13/2021,98.609375
9/14/2021,98.67578125
9/15/2021,98.63671875
9/16/2021,98.46484375
9/17/2021,98.3984375
9/20/2021,98.52734375
9/21/2021,98.51171875
9/22/2021,98.41796875
9/23/2021,98.05078125
9/24/2021,98.04296875
9/27/2021,97.921875
9/28/2021,97.8671875
9/29/2021,97.9765625
9/30/2021,98.078125
10/1/2021,98.22265625
10/4/2021,98.16015625
10/5/2021,98.06640625
10/6/2021,98.01953125
10/7/2021,97.86328125
10/8/2021,97.7421875
10/11/2021,97.7421875
10/12/2021,97.67578125
10/13/2021,97.64453125
10/14/2021,97.72265625
10/15/2021,97.43359375
10/18/2021,97.2421875
10/19/2021,97.30859375
10/20/2021,97.29296875
10/21/2021,96.98046875
10/22/2021,97.140625
10/25/2021,97.24609375
10/26/2021,97.2265625
10/27/2021,97.28125
10/28/2021,97.1875
10/29/2021,97.171875
11/1/2021,97.203125
11/2/2021,97.328125
11/3/2021,97.17578125
11/4/2021,97.484375
11/5/2021,97.69140625
11/8/2021,97.4453125
11/9/2021,97.57421875
11/10/2021,97.03515625
11/11/2021,97.03515625
11/12/2021,97.015625
11/15/2021,96.90234375
11/16/2021,96.859375
11/17/2021,96.98046875
11/18/2021,97.015625
11/19/2021,96.984375
11/22/2021,96.6171875
11/23/2021,96.59375
11/24/2021,96.55078125
11/25/2021,96.55078125
11/26/2021,97.22265625
11/29/2021,97.30859375
11/30/2021,97.18359375
12/1/2021,97.28125
12/2/2021,96.9921875
12/3/2021,97.24609375
12/6/2021,96.99609375
12/7/2021,96.80078125
12/8/2021,96.73828125
12/9/2021,96.73828125
12/10/2021,96.82421875
12/13/2021,96.98828125
12/14/2021,96.875
12/15/2021,96.84375
12/16/2021,97.171875
12/17/2021,97.12890625
12/20/2021,97.1640625
12/21/2021,96.984375
12/22/2021,96.984375
12/23/2021,96.8984375
12/24/2021,96.8984375
12/27/2021,96.875
12/28/2021,96.88671875
12/29/2021,96.80859375
12/30/2021,96.94921875
12/31/2021,96.953125
1/3/2022,96.671875
1/4/2022,96.66796875
1/5/2022,96.39453125
1/6/2022,96.2265625
1/7/2022,96.1328125
1/10/2022,96.03125
1/11/2022,96.09765625
1/12/2022,96.015625
1/13/2022,96.203125
1/14/2022,95.90625
1/17/2022,95.90625
1/18/2022,95.53515625
1/19/2022,95.56640625
1/20/2022,95.76953125
1/21/2022,95.8828125
1/24/2022,95.94921875
1/25/2022,95.91796875
1/26/2022,95.453125
1/27/2022,95.45703125
1/28/2022,95.63671875
1/31/2022,95.65234375
2/1/2022,95.61328125
2/2/2022,95.65625
2/3/2022,95.44921875
2/4/2022,95.05859375
2/7/2022,95.08984375
2/8/2022,94.90625
2/9/2022,94.84375
2/10/2022,94.2421875
2/11/2022,94.57421875
2/14/2022,94.32421875
2/15/2022,94.23828125
2/16/2022,94.3828125
2/17/2022,94.640625
2/18/2022,94.7265625
2/21/2022,94.7265625
2/22/2022,94.53515625
2/23/2022,94.453125
2/24/2022,94.59765625
2/25/2022,94.5625
2/28/2022,95.0859375
3/1/2022,95.53125
3/2/2022,94.93359375
3/3/2022,94.96875
3/4/2022,95.2890625
3/7/2022,95.05078125
3/8/2022,94.796875
3/9/2022,94.46875
3/10/2022,94.328125
3/11/2022,94.203125
3/14/2022,93.73828125
3/15/2022,93.69921875
3/16/2022,93.41015625
3/17/2022,93.515625
3/18/2022,93.46484375
3/21/2022,92.84375
3/22/2022,92.62109375
3/23/2022,92.8828125
3/24/2022,92.63671875
3/25/2022,92.15625
3/28/2022,92.0390625
3/29/2022,92.15625
3/30/2022,92.38671875
3/31/2022,92.30078125
4/1/2022,91.9296875
4/4/2022,92.015625
4/5/2022,91.59375
4/6/2022,91.71484375
4/7/2022,91.68359375
4/8/2022,91.5234375
4/11/2022,91.4921875
4/12/2022,91.87109375
4/13/2022,92.03125
4/14/2022,91.63671875
4/15/2022,91.63671875
4/18/2022,91.640625
4/19/2022,91.1875
4/20/2022,91.3515625
4/21/2022,91
4/22/2022,91.1328125
4/25/2022,91.3359375
4/26/2022,91.80859375
4/27/2022,91.5078125
4/28/2022,91.44921875
4/29/2022,91.09375
5/2/2022,90.9453125
5/3/2022,90.8828125
5/4/2022,91.32421875
5/5/2022,91.046875
5/6/2022,90.8984375
5/9/2022,91.35546875
5/10/2022,91.390625
5/11/2022,91.4140625
5/12/2022,91.66015625
5/13/2022,91.57421875
5/16/2022,91.68359375
5/17/2022,91.22265625
5/18/2022,91.42578125
5/19/2022,91.62109375
5/20/2022,91.76171875
5/23/2022,91.57421875
5/24/2022,91.9921875
5/25/2022,92.0625
5/26/2022,92.11328125
5/27/2022,92.0859375
5/30/2022,92.0859375
5/31/2022,91.796875
6/1/2022,91.48828125
6/2/2022,91.5
6/3/2022,91.43359375
6/6/2022,91.140625
6/7/2022,91.25
6/8/2022,91.125
6/9/2022,91.01171875
6/10/2022,90.328125
6/13/2022,89.58984375
6/14/2022,89.25390625
6/15/2022,89.99609375
6/16/2022,90.22265625
6/17/2022,90.0625
6/20/2022,90.0625
6/21/2022,90.04296875
6/22/2022,90.47265625
6/23/2022,90.75
6/24/2022,90.67578125
6/27/2022,90.50390625
6/28/2022,90.5546875
6/29/2022,90.82421875
6/30/2022,91.13671875
7/1/2022,91.6640625
7/4/2022,91.6640625
7/5/2022,91.7890625
7/6/2022,91.25
7/7/2022,91.15234375
7/8/2022,90.875
7/11/2022,91.03125
7/12/2022,91.12109375
7/13/2022,90.984375
7/14/2022,90.9453125
7/15/2022,91.05859375
7/18/2022,90.890625
7/19/2022,90.71875
7/20/2022,90.7421875
7/21/2022,91.26953125
7/22/2022,91.72265625
7/25/2022,91.59375
7/26/2022,91.4921875
7/27/2022,91.6640625
7/28/2022,92.13671875
7/29/2022,92.1796875
8/1/2022,92.24609375
8/2/2022,91.55859375
8/3/2022,91.6015625
8/4/2022,91.71875
8/5/2022,91.1640625
8/8/2022,91.27734375
8/9/2022,91.0859375
8/10/2022,91.25
8/11/2022,91.16015625
8/12/2022,91.16796875
8/15/2022,91.3828125
8/16/2022,91.125
8/17/2022,90.8984375
8/18/2022,91.02734375
8/19/2022,90.9140625
8/22/2022,90.68359375
8/23/2022,90.69921875
8/24/2022,90.53125
8/25/2022,90.66015625
8/26/2022,90.53515625
8/29/2022,90.390625
8/30/2022,90.34375
8/31/2022,90.1875
9/1/2022,90.12890625
9/2/2022,90.46484375
9/5/2022,90.46484375
9/6/2022,90.05078125
9/7/2022,90.28515625
9/8/2022,90.09375
9/9/2022,90.03125
9/12/2022,90.01953125
9/13/2022,89.59375
9/14/2022,89.5390625
9/15/2022,89.375
9/16/2022,89.4921875
9/19/2022,89.31640625
9/20/2022,89.1796875
9/21/2022,89.01953125
9/22/2022,88.63671875
9/23/2022,88.4375
9/26/2022,87.93359375
9/27/2022,88.01953125
9/28/2022,88.640625
9/29/2022,88.50390625
9/30/2022,88.3203125
10/3/2022,88.8359375
10/4/2022,88.88671875
10/5/2022,88.6953125
10/6/2022,88.40234375
10/7/2022,88.234375
10/10/2022,88.234375
10/11/2022,88.22265625
10/12/2022,88.34375
10/13/2022,87.98046875
10/14/2022,87.859375
10/17/2022,88.03515625
10/18/2022,88.05859375
10/19/2022,87.70703125
10/20/2022,87.4921875
10/21/2022,87.90234375
10/24/2022,87.875
10/25/2022,88.0859375
10/26/2022,88.31640625
10/27/2022,88.71875
10/28/2022,88.40234375
10/31/2022,88.21484375
11/1/2022,88.1015625
11/2/2022,87.90625
11/3/2022,87.7109375
11/4/2022,87.8828125
11/7/2022,87.75
11/8/2022,87.99609375
11/9/2022,88.1953125
11/10/2022,89.0625
11/11/2022,89.0625
11/14/2022,88.95703125
11/15/2022,89.23046875
11/16/2022,89.24609375
11/17/2022,89.03515625
11/18/2022,88.84765625
11/21/2022,88.8046875
11/22/2022,88.90625
11/23/2022,89.078125
11/24/2022,89.078125
11/25/2022,89.1796875
11/28/2022,89.20703125
11/29/2022,89.11328125
11/30/2022,89.66796875
12/1/2022,89.91015625
12/2/2022,89.90234375
12/5/2022,89.5390625
12/6/2022,89.57421875
12/7/2022,89.91796875
12/8/2022,89.7578125
12/9/2022,89.65625
12/12/2022,89.57421875
12/13/2022,89.99609375
12/14/2022,90.0859375
12/15/2022,90.0078125
12/16/2022,90.12109375
12/19/2022,89.88671875
12/20/2022,89.83984375
12/21/2022,89.9140625
12/22/2022,89.81640625
12/23/2022,89.70703125
12/26/2022,89.70703125
12/27/2022,89.51171875
12/28/2022,89.48828125
12/29/2022,89.5078125
12/30/2022,89.3984375
1/2/2023,89.3984375
1/3/2023,89.58984375
1/4/2023,89.7265625
1/5/2023,89.47265625
1/6/2023,90.09375
1/9/2023,90.17578125
1/10/2023,90.109375
1/11/2023,90.265625
1/12/2023,90.53515625
1/13/2023,90.33203125
1/16/2023,90.33203125
1/17/2023,90.3984375
1/18/2023,90.80859375
1/19/2023,90.72265625
1/20/2023,90.59765625
1/23/2023,90.44140625
1/24/2023,90.5625
1/25/2023,90.62890625
1/26/2023,90.48828125
1/27/2023,90.4921875
1/30/2023,90.37890625
1/31/2023,90.52734375
2/1/2023,90.82421875
2/2/2023,90.86328125
2/3/2023,90.43359375
2/6/2023,89.96484375
2/7/2023,90.0078125
2/8/2023,90.12109375
2/9/2023,89.95703125
2/10/2023,89.85546875
2/13/2023,89.87890625
2/14/2023,89.59375
2/15/2023,89.515625
2/16/2023,89.46875
2/17/2023,89.62890625
2/20/2023,89.62890625
2/21/2023,89.34765625
2/22/2023,89.38671875
2/23/2023,89.44921875
2/24/2023,89.171875
2/27/2023,89.25
2/28/2023,89.15625
3/1/2023,88.9765625
3/2/2023,88.90625
3/3/2023,89.02539063
3/6/2023,88.98046875
3/7/2023,88.734375
3/8/2023,88.59375
3/9/2023,89.08203125
3/10/2023,89.67578125
3/13/2023,90.80859375
3/14/2023,90.26171875
3/15/2023,91.03125
3/16/2023,90.50390625
3/17/2023,91.26171875
3/20/2023,91.0390625
3/21/2023,90.6171875
3/22/2023,91.2734375
3/23/2023,91.53125
3/24/2023,91.66796875
3/27/2023,91.171875
3/28/2023,90.9140625
3/29/2023,90.92578125
3/30/2023,90.91015625
3/31/2023,91.19921875
4/3/2023,91.37890625
4/4/2023,91.68359375
4/5/2023,91.765625
4/6/2023,91.71875
4/7/2023,91.37890625
4/10/2023,91.30078125
4/11/2023,91.3046875
4/12/2023,91.5
4/13/2023,91.47265625
4/14/2023,91.20703125
4/17/2023,91.01171875
4/18/2023,91.03515625
4/19/2023,90.94140625
4/20/2023,91.17578125
4/21/2023,91.125
4/24/2023,91.375
4/25/2023,91.72265625
4/26/2023,91.625
4/27/2023,91.34765625
4/28/2023,91.578125
5/1/2023,91.2265625
5/2/2023,91.66796875
5/3/2023,92.1015625
5/4/2023,92.08984375
5/5/2023,91.8125
5/8/2023,91.63671875
5/9/2023,91.6328125
5/10/2023,91.9140625
5/11/2023,91.953125
5/12/2023,91.7578125
5/15/2023,91.7265625
5/16/2023,91.5625
5/17/2023,91.40625
5/18/2023,91.1796875
5/19/2023,91.15625
5/22/2023,91.06640625
5/23/2023,91.09375
5/24/2023,90.86328125
5/25/2023,90.53515625
5/26/2023,90.5078125
5/29/2023,90.5078125
5/30/2023,90.8046875
5/31/2023,90.96875
6/1/2023,91.125
6/2/2023,90.78125
6/5/2023,90.88671875
6/6/2023,90.90234375
6/7/2023,90.671875
6/8/2023,90.796875
6/9/2023,90.65625
6/12/2023,90.70703125
6/13/2023,90.49609375
6/14/2023,90.46875
6/15/2023,90.5703125
6/16/2023,90.44140625
6/19/2023,90.44140625
6/20/2023,90.5078125
6/21/2023,90.4921875
6/22/2023,90.33203125
6/23/2023,90.46875
6/26/2023,90.5
6/27/2023,90.3671875
6/28/2023,90.5
6/29/2023,90.15234375
6/30/2023,90.07421875
7/3/2023,90.0078125
7/4/2023,90.0078125
7/5/2023,89.9609375
7/6/2023,89.8515625
7/7/2023,89.921875
7/10/2023,90.1796875
7/11/2023,90.15625
7/12/2023,90.4921875
7/13/2023,90.7734375
7/14/2023,90.515625
7/17/2023,90.58984375
7/18/2023,90.56640625
7/19/2023,90.5703125
7/20/2023,90.37890625
7/21/2023,90.41796875
7/24/2023,90.27734375
7/25/2023,90.25390625
7/26/2023,90.33984375
7/27/2023,90.15234375
7/28/2023,90.31640625
7/31/2023,90.30859375
8/1/2023,90.2578125
8/2/2023,90.31640625
8/3/2023,90.29296875
8/4/2023,90.5859375
8/7/2023,90.57421875
8/8/2023,90.6484375
8/9/2023,90.54296875
8/10/2023,90.44140625
8/11/2023,90.35546875
8/14/2023,90.21875
8/15/2023,90.24609375
8/16/2023,90.21875
8/17/2023,90.28515625
8/18/2023,90.31640625
8/21/2023,90.203125
8/22/2023,90.12890625
8/23/2023,90.31640625
8/24/2023,90.21875
8/25/2023,90.16796875
8/28/2023,90.24609375
8/29/2023,90.51171875
8/30/2023,90.546875
8/31/2023,90.59375
9/1/2023,90.6015625
9/4/2023,90.6015625
9/5/2023,90.44140625
9/6/2023,90.3203125
9/7/2023,90.46484375
9/8/2023,90.42578125
9/11/2023,90.4296875
9/12/2023,90.37109375
9/13/2023,90.4921875
9/14/2023,90.41015625
9/15/2023,90.390625
9/18/2023,90.3671875
9/19/2023,90.28515625
9/20/2023,90.13671875
9/21/2023,90.1875
9/22/2023,90.30859375
9/25/2023,90.28515625
9/26/2023,90.30859375
9/27/2023,90.1796875
9/28/2023,90.33984375
9/29/2023,90.4296875
10/2/2023,90.296875
10/3/2023,90.203125
10/4/2023,90.40625
10/5/2023,90.4921875
10/6/2023,90.41015625
10/9/2023,90.41015625
10/10/2023,90.65234375
10/11/2023,90.640625
10/12/2023,90.47265625
10/13/2023,90.55078125
10/16/2023,90.46484375
10/17/2023,90.25
10/18/2023,90.22265625
10/19/2023,90.34765625
10/20/2023,90.55859375
10/23/2023,90.62890625
10/24/2023,90.52734375
10/25/2023,90.453125
10/26/2023,90.625
10/27/2023,90.734375
10/30/2023,90.6484375
10/31/2023,90.5859375
11/1/2023,90.890625
11/2/2023,90.81640625
11/3/2023,91.140625
11/6/2023,90.96875
11/7/2023,91.03125
11/8/2023,91.01171875
11/9/2023,90.84765625
11/10/2023,90.80078125
11/13/2023,90.86328125
11/14/2023,91.2578125
11/15/2023,91.12109375
11/16/2023,91.2890625
11/17/2023,91.23828125
11/20/2023,91.20703125
11/21/2023,91.2890625
11/22/2023,91.265625
11/23/2023,91.265625
11/24/2023,91.21875
11/27/2023,91.34765625
11/28/2023,91.5703125
11/29/2023,91.74609375
11/30/2023,91.69140625
12/1/2023,91.98046875
12/4/2023,91.81640625
12/5/2023,91.9375
12/6/2023,91.90625
12/7/2023,91.91015625
12/8/2023,91.71484375
12/11/2023,91.74609375
12/12/2023,91.71484375
12/13/2023,92.26953125
12/14/2023,92.3515625
12/15/2023,92.28515625
12/18/2023,92.27929688
12/19/2023,92.3046875
12/20/2023,92.50390625
12/21/2023,92.49023438
12/22/2023,92.58007813
12/25/2023,92.58007813
12/26/2023,92.52148438
12/27/2023,92.6484375
12/28/2023,92.58789063
12/29/2023,92.70703125
1/1/2024,92.70703125
1/2/2024,92.58203125
1/3/2024,92.5859375
1/4/2024,92.49023438
1/5/2024,92.52148438
1/8/2024,92.55078125
1/9/2024,92.578125
1/10/2024,92.6015625
1/11/2024,92.80664063
1/12/2024,93.02539063
1/15/2024,93.02539063
1/16/2024,92.8984375
1/17/2024,92.66015625
1/18/2024,92.6875
1/19/2024,92.66015625
1/22/2024,92.65429688
1/23/2024,92.70703125
1/24/2024,92.640625
1/25/2024,92.80078125
1/26/2024,92.74023438
1/29/2024,92.80664063
1/30/2024,92.79296875
1/31/2024,93.015625
2/1/2024,93.02734375
2/2/2024,92.7734375
2/5/2024,92.609375
2/6/2024,92.73828125
2/7/2024,92.70117188
2/8/2024,92.6640625
2/9/2024,92.64257813
2/12/2024,92.65625
2/13/2024,92.33203125
2/14/2024,92.4765625
2/15/2024,92.50976563
2/16/2024,92.453125
2/19/2024,92.453125
2/20/2024,92.51953125
2/21/2024,92.4453125
2/22/2024,92.37304688
2/23/2024,92.43945313
2/26/2024,92.3984375
2/27/2024,92.40234375
2/28/2024,92.49609375
2/29/2024,92.54101563
3/1/2024,92.70507813
3/4/2024,92.58789063
3/5/2024,92.66992188
3/6/2024,92.68554688
3/7/2024,92.78515625
3/8/2024,92.8515625
3/11/2024,92.75585938
3/12/2024,92.68164063
3/13/2024,92.6171875
3/14/2024,92.53515625
3/15/2024,92.52148438
3/18/2024,92.51367188
3/19/2024,92.59960938
3/20/2024,92.7421875
3/21/2024,92.703125
3/22/2024,92.80859375
3/25/2024,92.765625
3/26/2024,92.77148438
3/27/2024,92.81640625
3/28/2024,92.7734375
3/29/2024,92.7734375
4/1/2024,92.66796875
4/2/2024,92.7109375
4/3/2024,92.74804688
4/4/2024,92.79882813
4/5/2024,92.68359375
4/8/2024,92.63867188
4/9/2024,92.73046875
4/10/2024,92.38085938
4/11/2024,92.40234375
4/12/2024,92.52734375
4/15/2024,92.5078125
4/16/2024,92.43164063
4/17/2024,92.52148438
4/18/2024,92.46289063
4/19/2024,92.5
4/22/2024,92.53515625
4/23/2024,92.59765625
4/24/2024,92.58984375
4/25/2024,92.5078125
4/26/2024,92.54296875
4/29/2024,92.578125
4/30/2024,92.49804688
5/1/2024,92.60546875
5/2/2024,92.73828125
5/3/2024,92.84570313
5/6/2024,92.83789063
5/7/2024,92.8515625
5/8/2024,92.84960938
5/9/2024,92.89648438
5/10/2024,92.86523438
5/13/2024,92.87695313
5/14/2024,92.953125
5/15/2024,93.0859375
5/16/2024,93.00195313
5/17/2024,92.9921875
5/20/2024,92.97265625
5/21/2024,93.015625
5/22/2024,92.9609375
5/23/2024,92.88671875
5/24/2024,92.92382813
5/28/2024,92.89648438
5/29/2024,92.88867188
5/30/2024,92.95898438
5/31/2024,93.05273438
6/3/2024,93.1484375
6/4/2024,93.20117188
6/5/2024,93.28710938
6/6/2024,93.296875
6/7/2024,93.125
6/10/2024,93.14453125
6/11/2024,93.22070313
6/12/2024,93.31640625
6/13/2024,93.40234375
6/14/2024,93.42578125
6/17/2024,93.37304688
6/18/2024,93.44726563
6/19/2024,93.44726563
6/20/2024,93.43164063
6/21/2024,93.47265625
6/24/2024,93.50195313
6/25/2024,93.49414063
6/26/2024,93.453125
6/27/2024,93.51171875
6/28/2024,93.47851563
7/1/2024,93.49804688
7/2/2024,93.52734375
7/3/2024,93.59765625
7/4/2024,93.59765625
7/5/2024,93.75390625
7/8/2024,93.73046875
7/9/2024,93.74609375
7/10/2024,93.75976563
7/11/2024,93.91015625
7/12/2024,94.01953125
7/15/2024,94.03320313
7/16/2024,94.07421875
7/17/2024,94.06054688
7/18/2024,94.03515625
7/19/2024,94.02929688
7/22/2024,94.03515625
7/23/2024,94.07226563
7/24/2024,94.11914063
7/25/2024,94.13867188
7/26/2024,94.23046875
7/29/2024,94.21679688
7/30/2024,94.28320313
7/31/2024,94.39453125
8/1/2024,94.54882813
8/2/2024,94.94335938
8/5/2024,94.91015625
8/6/2024,94.83789063
8/7/2024,94.87304688
8/8/2024,94.79882813
8/9/2024,94.79101563
8/12/2024,94.8515625
8/13/2024,94.9609375
8/14/2024,94.93359375
8/15/2024,94.78320313
8/16/2024,94.86328125
8/19/2024,94.8515625
8/20/2024,94.95703125
8/21/2024,95.04296875
8/22/2024,94.95898438
8/23/2024,95.1015625
8/26/2024,95.07226563
8/27/2024,95.13671875
8/28/2024,95.140625
8/29/2024,95.125
8/30/2024,95.15429688
9/2/2024,95.15429688
9/3/2024,95.21289063
9/4/2024,95.34960938
9/5/2024,95.38671875
9/6/2024,95.5390625
9/9/2024,95.51757813
9/10/2024,95.60742188
9/11/2024,95.5546875
9/12/2024,95.5859375
9/13/2024,95.68945313
9/16/2024,95.75
9/17/2024,95.69726563
9/18/2024,95.72460938
9/19/2024,95.76953125
9/20/2024,95.80664063
9/23/2024,95.83203125
9/24/2024,95.8984375
9/25/2024,95.8671875
9/26/2024,95.81054688
9/27/2024,95.91015625
9/30/2024,95.81054688
10/1/2024,95.859375
10/2/2024,95.83789063
10/3/2024,95.77929688
10/4/2024,95.57226563
10/7/2024,95.50390625
10/8/2024,95.54492188
10/9/2024,95.49609375
10/10/2024,95.5625
10/11/2024,95.60742188
10/14/2024,95.60742188
10/15/2024,95.62109375
10/16/2024,95.6484375
10/17/2024,95.6171875
10/18/2024,95.671875
10/21/2024,95.61328125
10/22/2024,95.6171875
10/23/2024,95.58984375
10/24/2024,95.61328125
10/25/2024,95.61328125
10/28/2024,95.59960938
10/29/2024,95.64453125
10/30/2024,95.59375
10/31/2024,95.60546875
11/1/2024,95.609375
11/4/2024,95.65234375
11/5/2024,95.65820313
11/6/2024,95.59765625
11/7/2024,95.65234375
11/8/2024,95.65039063
11/11/2024,95.65039063
11/12/2024,95.59179688
11/13/2024,95.6640625
11/14/2024,95.61328125
11/15/2024,95.6640625
11/18/2024,95.69335938
11/19/2024,95.6875
11/20/2024,95.68164063
11/21/2024,95.66796875
11/22/2024,95.67382813
11/25/2024,95.74023438
11/26/2024,95.73828125
11/27/2024,95.79296875
11/28/2024,95.79296875
11/29/2024,95.84960938
12/2/2024,95.8671875
12/3/2024,95.9140625
12/4/2024,95.9609375
12/5/2024,95.95898438
12/6/2024,96.04296875
12/9/2024,96.03710938
12/10/2024,96.04101563
12/11/2024,96.05859375
12/12/2024,96.06054688
12/13/2024,96.06640625
12/16/2024,96.08984375
12/17/2024,96.09570313
12/18/2024,96.07421875
12/19/2024,96.11132813
12/20/2024,96.14453125
12/23/2024,96.14453125
12/24/2024,96.16601563
12/25/2024,96.16601563
12/26/2024,96.18359375
12/27/2024,96.23828125
12/30/2024,96.27929688
12/31/2024,96.29882813
1/1/2025,96.29882813
1/2/2025,96.31835938
1/3/2025,96.33984375
1/6/2025,96.34179688
1/7/2025,96.3359375
1/8/2025,96.35742188
1/9/2025,96.37695313
1/10/2025,96.33984375
1/13/2025,96.34179688
1/14/2025,96.36328125
1/15/2025,96.42578125
1/16/2025,96.43945313
1/17/2025,96.46679688
1/20/2025,96.46679688
1/21/2025,96.46875
1/22/2025,96.4765625
1/23/2025,96.50585938
1/24/2025,96.53710938
1/27/2025,96.58789063
1/28/2025,96.59179688
1/29/2025,96.5703125
1/30/2025,96.57617188
1/31/2025,96.609375
2/3/2025,96.6015625
2/4/2025,96.61523438
2/5/2025,96.6328125
2/6/2025,96.640625
2/7/2025,96.62890625
2/10/2025,96.64453125
2/11/2025,96.64453125
2/12/2025,96.62304688
2/13/2025,96.65039063
2/14/2025,96.72460938
2/17/2025,96.72460938
2/18/2025,96.72460938
2/19/2025,96.74023438
2/20/2025,96.75976563
2/21/2025,96.828125
2/24/2025,96.83789063
2/25/2025,96.87695313
2/26/2025,96.8828125
2/27/2025,96.89257813
2/28/2025,96.94726563
3/3/2025,96.97460938
3/4/2025,96.98828125
3/5/2025,96.98632813
3/6/2025,97.0234375
3/7/2025,97.03710938
3/10/2025,97.078125
3/11/2025,97.07421875
3/12/2025,97.0546875
3/13/2025,97.0859375
3/14/2025,97.09960938
3/17/2025,97.08984375
3/18/2025,97.08984375
3/19/2025,97.11523438
3/20/2025,97.13867188
3/21/2025,97.18359375
3/24/2025,97.16601563
3/25/2025,97.171875
3/26/2025,97.18164063
3/27/2025,97.18554688
3/28/2025,97.25
3/31/2025,97.27734375
4/1/2025,97.29296875
4/2/2025,97.2890625
4/3/2025,97.33984375
4/4/2025,97.421875
4/7/2025,97.41992188
4/8/2025,97.47460938
4/9/2025,97.375
4/10/2025,97.41210938
4/11/2025,97.40625
4/14/2025,97.42382813
4/15/2025,97.42382813
4/16/2025,97.44726563
4/17/2025,97.47265625
4/18/2025,97.47265625
4/21/2025,97.49804688
4/22/2025,97.49804688
4/23/2025,97.48242188
4/24/2025,97.51367188
4/25/2025,97.55078125
4/28/2025,97.56445313
4/29/2025,97.59375
4/30/2025,97.625
5/1/2025,97.609375
5/2/2025,97.59375
5/5/2025,97.60351563
5/6/2025,97.63671875
5/7/2025,97.63085938
5/8/2025,97.62304688
5/9/2025,97.65625
5/12/2025,97.62890625
5/13/2025,97.63671875
5/14/2025,97.63867188
5/15/2025,97.66015625
5/16/2025,97.6875
5/19/2025,97.69140625
5/20/2025,97.71484375
5/21/2025,97.71679688
5/22/2025,97.7265625
5/23/2025,97.75390625
5/27/2025,97.765625
5/28/2025,97.76953125
5/29/2025,97.7734375
5/30/2025,97.796875
6/2/2025,97.80273438
6/3/2025,97.82226563
6/4/2025,97.85546875
6/5/2025,97.8671875
6/6/2025,97.87695313
6/9/2025,97.88085938
6/10/2025,97.890625
6/11/2025,97.9140625
6/12/2025,97.93554688
6/13/2025,97.96289063
6/16/2025,97.95898438
6/17/2025,97.97265625
6/18/2025,97.99609375
6/19/2025,97.99609375
6/20/2025,98.03125
6/23/2025,98.05273438
6/24/2025,98.07226563
6/25/2025,98.08007813
6/26/2025,98.09375
6/27/2025,98.11132813
6/30/2025,98.12109375
7/1/2025,98.1328125
7/2/2025,98.1328125
7/3/2025,98.1484375
7/4/2025,98.1484375
7/7/2025,98.15429688
7/8/2025,98.1640625
7/9/2025,98.18359375
7/10/2025,98.20117188
7/11/2025,98.2265625
7/14/2025,98.23242188
7/15/2025,98.23046875
7/16/2025,98.25
7/17/2025,98.25390625
7/18/2025,98.29882813
7/21/2025,98.31835938
7/22/2025,98.3203125
7/23/2025,98.33203125
7/24/2025,98.34375
7/25/2025,98.375
7/28/2025,98.37890625
7/29/2025,98.38867188
7/30/2025,98.390625
7/31/2025,98.39257813
8/1/2025,98.46289063
8/4/2025,98.4765625
8/5/2025,98.4921875
8/6/2025,98.4921875
8/7/2025,98.5078125
8/8/2025,98.5390625
8/11/2025,98.54296875
8/12/2025,98.5625
8/13/2025,98.58398438
8/14/2025,98.59765625
8/15/2025,98.63476563
8/18/2025,98.640625
8/19/2025,98.65429688
8/20/2025,98.671875
8/21/2025,98.67773438
8/22/2025,98.71875
8/25/2025,98.72460938
8/26/2025,98.73632813
8/27/2025,98.75585938
8/28/2025,98.75390625
8/29/2025,98.796875
9/1/2025,98.796875
9/2/2025,98.8125
9/3/2025,98.82421875
9/4/2025,98.84960938
9/5/2025,98.8828125
9/8/2025,98.890625
9/9/2025,98.90429688
9/10/2025,98.90820313
9/11/2025,98.92578125
9/12/2025,98.94921875
9/15/2025,98.96484375
9/16/2025,98.9765625
9/17/2025,98.99023438
9/18/2025,99.00585938
9/19/2025,99.04101563
9/22/2025,99.04296875
9/23/2025,99.05273438
9/24/2025,99.06445313
9/25/2025,99.06054688
9/26/2025,99.10742188
9/29/2025,99.11328125
9/30/2025,99.11914063
10/1/2025,99.13085938
10/2/2025,99.13671875
10/3/2025,99.16796875
10/6/2025,99.1796875
10/7/2025,99.1875
10/8/2025,99.20117188
10/9/2025,99.203125
10/10/2025,99.24609375
10/13/2025,99.24609375
10/14/2025,99.26953125
10/15/2025,99.26953125
10/16/2025,99.28320313
10/17/2025,99.31445313
10/20/2025,99.32421875
10/21/2025,99.33203125
10/22/2025,99.34375
10/23/2025,99.36132813
10/24/2025,99.39453125
10/27/2025,99.40429688
10/28/2025,99.41601563
10/29/2025,99.41210938
10/30/2025,99.421875
10/31/2025,99.44726563
11/3/2025,99.46289063
11/4/2025,99.48046875
11/5/2025,99.48632813
11/6/2025,99.49609375
11/7/2025,99.52148438
11/10/2025,99.54296875
11/11/2025,99.54296875
11/12/2025,99.55273438
11/13/2025,99.56054688
11/14/2025,99.5859375
11/17/2025,99.6015625
11/18/2025,99.61523438
11/19/2025,99.62695313
11/20/2025,99.62890625
11/21/2025,99.6640625
11/24/2025,99.671875
11/25/2025,99.68164063
11/26/2025,99.70117188
11/27/2025,99.70117188
11/28/2025,99.73242188
12/1/2025,99.73828125
12/2/2025,99.74023438
12/3/2025,99.74414063
12/4/2025,99.7578125
12/5/2025,99.78515625
12/8/2025,99.80078125
12/9/2025,99.80273438
12/10/2025,99.8203125
12/11/2025,99.83203125
12/12/2025,99.85742188
12/15/2025,99.8671875
12/16/2025,99.875
12/17/2025,99.88085938
12/18/2025,99.89257813
12/19/2025,99.91796875
12/22/2025,99.92578125
12/23/2025,99.46875
12/24/2025,99.5859375
12/25/2025,99.5859375
12/26/2025,99.67578125
12/29/2025,99.80078125
12/30/2025,99.76171875
12/31/2025,99.54296875
1/1/2026,99.54296875
1/2/2026,99.46484375
1/5/2026,99.63671875
1/6/2026,99.59765625
1/7/2026,99.63671875
1/8/2026,99.69921875
